<?xml version="1.0" encoding="UTF-8"?>
<kml xmlns="http://earth.google.com/kml/2.2">

<Document><Style id="tbTravelStyle"><LineStyle>
  <width>3</width>
  <color>ff00ffff</color>
</LineStyle><PolyStyle>
  <color>ff00ffff</color>
</PolyStyle></Style><name>Captain_Cookie&amp;#39;s Mileage Tracker</name><description><![CDATA[<p>This lackey tag commemorates the day that I received my Lackey tags while working at Geocaching HQ! It was a magical day full of laughs, smiles, and hugs all around. Please feel free to discover me!</p>

Captain_Cookie&#39;s Mileage Tracker has traveled 176698.986074042 miles.]]></description><Folder><Style /><name>Travel Bug Stops (176698.986074042 mile(s))</name><open>0</open><Placemark><name>GC9GEE2</name><Point><coordinates>-122.3345,47.6614,100 
</coordinates></Point><Style>
  <Icon>
    <href>http://chart.apis.google.com/chart?chst=d_bubble_icon_text_small&amp;chld=location|bbT|1|FFFFFF|000000</href>
  </Icon>
</Style><description><![CDATA[]]></description><visibility>1</visibility></Placemark><Placemark><name>GC9J282</name><Point><coordinates>-122.3485,47.6492,100 
</coordinates></Point><Style>
  <Icon>
    <href>http://chart.apis.google.com/chart?chst=d_bubble_icon_text_small&amp;chld=location|bbT|2|FFFFFF|000000</href>
  </Icon>
</Style><description><![CDATA[]]></description><visibility>1</visibility></Placemark><Placemark><name>GC9ERQC</name><Point><coordinates>-122.3047,47.588,100 
</coordinates></Point><Style>
  <Icon>
    <href>http://chart.apis.google.com/chart?chst=d_bubble_icon_text_small&amp;chld=location|bbT|3|FFFFFF|000000</href>
  </Icon>
</Style><description><![CDATA[]]></description><visibility>1</visibility></Placemark><Placemark><name>GC18W7W</name><Point><coordinates>-122.3003,47.5899,100 
</coordinates></Point><Style>
  <Icon>
    <href>http://chart.apis.google.com/chart?chst=d_bubble_icon_text_small&amp;chld=location|bbT|4|FFFFFF|000000</href>
  </Icon>
</Style><description><![CDATA[]]></description><visibility>1</visibility></Placemark><Placemark><name>GC1YF8T</name><Point><coordinates>-122.2927,47.59,100 
</coordinates></Point><Style>
  <Icon>
    <href>http://chart.apis.google.com/chart?chst=d_bubble_icon_text_small&amp;chld=location|bbT|5|FFFFFF|000000</href>
  </Icon>
</Style><description><![CDATA[]]></description><visibility>1</visibility></Placemark><Placemark><name>GC809T5</name><Point><coordinates>-122.2955,47.5904,100 
</coordinates></Point><Style>
  <Icon>
    <href>http://chart.apis.google.com/chart?chst=d_bubble_icon_text_small&amp;chld=location|bbT|6|FFFFFF|000000</href>
  </Icon>
</Style><description><![CDATA[]]></description><visibility>1</visibility></Placemark><Placemark><name>GC9JZXJ</name><Point><coordinates>-122.3486,47.6494,100 
</coordinates></Point><Style>
  <Icon>
    <href>http://chart.apis.google.com/chart?chst=d_bubble_icon_text_small&amp;chld=location|bbT|7|FFFFFF|000000</href>
  </Icon>
</Style><description><![CDATA[]]></description><visibility>1</visibility></Placemark><Placemark><name>GC4MDR3</name><Point><coordinates>-122.3517,47.6548,100 
</coordinates></Point><Style>
  <Icon>
    <href>http://chart.apis.google.com/chart?chst=d_bubble_icon_text_small&amp;chld=location|bbT|8|FFFFFF|000000</href>
  </Icon>
</Style><description><![CDATA[]]></description><visibility>1</visibility></Placemark><Placemark><name>GC7B9XN</name><Point><coordinates>-122.3402,47.6092,100 
</coordinates></Point><Style>
  <Icon>
    <href>http://chart.apis.google.com/chart?chst=d_bubble_icon_text_small&amp;chld=location|bbT|9|FFFFFF|000000</href>
  </Icon>
</Style><description><![CDATA[]]></description><visibility>1</visibility></Placemark><Placemark><name>GC97C9G</name><Point><coordinates>-121.7534,47.4871,100 
</coordinates></Point><Style>
  <Icon>
    <href>http://chart.apis.google.com/chart?chst=d_bubble_icon_text_small&amp;chld=location|bbT|10|FFFFFF|000000</href>
  </Icon>
</Style><description><![CDATA[]]></description><visibility>1</visibility></Placemark><Placemark><name>GCNV8F</name><Point><coordinates>-121.7557,47.4886,100 
</coordinates></Point><Style>
  <Icon>
    <href>http://chart.apis.google.com/chart?chst=d_bubble_icon_text_small&amp;chld=location|bbT|11|FFFFFF|000000</href>
  </Icon>
</Style><description><![CDATA[]]></description><visibility>1</visibility></Placemark><Placemark><name>GC46K6Y</name><Point><coordinates>-121.7543,47.4994,100 
</coordinates></Point><Style>
  <Icon>
    <href>http://chart.apis.google.com/chart?chst=d_bubble_icon_text_small&amp;chld=location|bbT|12|FFFFFF|000000</href>
  </Icon>
</Style><description><![CDATA[]]></description><visibility>1</visibility></Placemark><Placemark><name>GC5BBFV</name><Point><coordinates>-121.7554,47.5021,100 
</coordinates></Point><Style>
  <Icon>
    <href>http://chart.apis.google.com/chart?chst=d_bubble_icon_text_small&amp;chld=location|bbT|13|FFFFFF|000000</href>
  </Icon>
</Style><description><![CDATA[]]></description><visibility>1</visibility></Placemark><Placemark><name>GC66F</name><Point><coordinates>-121.7521,47.4987,100 
</coordinates></Point><Style>
  <Icon>
    <href>http://chart.apis.google.com/chart?chst=d_bubble_icon_text_small&amp;chld=location|bbT|14|FFFFFF|000000</href>
  </Icon>
</Style><description><![CDATA[]]></description><visibility>1</visibility></Placemark><Placemark><name>GC5EAFC</name><Point><coordinates>-122.3678,47.631,100 
</coordinates></Point><Style>
  <Icon>
    <href>http://chart.apis.google.com/chart?chst=d_bubble_icon_text_small&amp;chld=location|bbT|15|FFFFFF|000000</href>
  </Icon>
</Style><description><![CDATA[]]></description><visibility>1</visibility></Placemark><Placemark><name>GC63KBT</name><Point><coordinates>-119.7616,38.9529,100 
</coordinates></Point><Style>
  <Icon>
    <href>http://chart.apis.google.com/chart?chst=d_bubble_icon_text_small&amp;chld=location|bbT|16|FFFFFF|000000</href>
  </Icon>
</Style><description><![CDATA[]]></description><visibility>1</visibility></Placemark><Placemark><name>GC9GH2K</name><Point><coordinates>-119.7211,38.9124,100 
</coordinates></Point><Style>
  <Icon>
    <href>http://chart.apis.google.com/chart?chst=d_bubble_icon_text_small&amp;chld=location|bbT|17|FFFFFF|000000</href>
  </Icon>
</Style><description><![CDATA[]]></description><visibility>1</visibility></Placemark><Placemark><name>GC1NNBT</name><Point><coordinates>-119.7276,38.94,100 
</coordinates></Point><Style>
  <Icon>
    <href>http://chart.apis.google.com/chart?chst=d_bubble_icon_text_small&amp;chld=location|bbT|18|FFFFFF|000000</href>
  </Icon>
</Style><description><![CDATA[]]></description><visibility>1</visibility></Placemark><Placemark><name>GC489F9</name><Point><coordinates>-119.7237,38.9571,100 
</coordinates></Point><Style>
  <Icon>
    <href>http://chart.apis.google.com/chart?chst=d_bubble_icon_text_small&amp;chld=location|bbT|19|FFFFFF|000000</href>
  </Icon>
</Style><description><![CDATA[]]></description><visibility>1</visibility></Placemark><Placemark><name>GC1JD9M</name><Point><coordinates>-119.7296,38.9597,100 
</coordinates></Point><Style>
  <Icon>
    <href>http://chart.apis.google.com/chart?chst=d_bubble_icon_text_small&amp;chld=location|bbT|20|FFFFFF|000000</href>
  </Icon>
</Style><description><![CDATA[]]></description><visibility>1</visibility></Placemark><Placemark><name>GC9FH39</name><Point><coordinates>-119.7188,38.9137,100 
</coordinates></Point><Style>
  <Icon>
    <href>http://chart.apis.google.com/chart?chst=d_bubble_icon_text_small&amp;chld=location|bbT|21|FFFFFF|000000</href>
  </Icon>
</Style><description><![CDATA[]]></description><visibility>1</visibility></Placemark><Placemark><name>GC1FYZQ</name><Point><coordinates>-121.7977,37.3977,100 
</coordinates></Point><Style>
  <Icon>
    <href>http://chart.apis.google.com/chart?chst=d_bubble_icon_text_small&amp;chld=location|bbT|22|FFFFFF|000000</href>
  </Icon>
</Style><description><![CDATA[]]></description><visibility>1</visibility></Placemark><Placemark><name>GC3AD95</name><Point><coordinates>-121.8064,37.3984,100 
</coordinates></Point><Style>
  <Icon>
    <href>http://chart.apis.google.com/chart?chst=d_bubble_icon_text_small&amp;chld=location|bbT|23|FFFFFF|000000</href>
  </Icon>
</Style><description><![CDATA[]]></description><visibility>1</visibility></Placemark><Placemark><name>GC94HE4</name><Point><coordinates>-121.811,37.3994,100 
</coordinates></Point><Style>
  <Icon>
    <href>http://chart.apis.google.com/chart?chst=d_bubble_icon_text_small&amp;chld=location|bbT|24|FFFFFF|000000</href>
  </Icon>
</Style><description><![CDATA[]]></description><visibility>1</visibility></Placemark><Placemark><name>GC1AD3A</name><Point><coordinates>-121.807,37.401,100 
</coordinates></Point><Style>
  <Icon>
    <href>http://chart.apis.google.com/chart?chst=d_bubble_icon_text_small&amp;chld=location|bbT|25|FFFFFF|000000</href>
  </Icon>
</Style><description><![CDATA[]]></description><visibility>1</visibility></Placemark><Placemark><name>GC94MH3</name><Point><coordinates>-121.8083,37.4003,100 
</coordinates></Point><Style>
  <Icon>
    <href>http://chart.apis.google.com/chart?chst=d_bubble_icon_text_small&amp;chld=location|bbT|26|FFFFFF|000000</href>
  </Icon>
</Style><description><![CDATA[]]></description><visibility>1</visibility></Placemark><Placemark><name>GC9EMV6</name><Point><coordinates>-122.1104,37.374,100 
</coordinates></Point><Style>
  <Icon>
    <href>http://chart.apis.google.com/chart?chst=d_bubble_icon_text_small&amp;chld=location|bbT|27|FFFFFF|000000</href>
  </Icon>
</Style><description><![CDATA[]]></description><visibility>1</visibility></Placemark><Placemark><name>GC7B6DH</name><Point><coordinates>-122.179,37.4551,100 
</coordinates></Point><Style>
  <Icon>
    <href>http://chart.apis.google.com/chart?chst=d_bubble_icon_text_small&amp;chld=location|bbT|28|FFFFFF|000000</href>
  </Icon>
</Style><description><![CDATA[]]></description><visibility>1</visibility></Placemark><Placemark><name>GC9FBV9</name><Point><coordinates>-122.1762,37.4521,100 
</coordinates></Point><Style>
  <Icon>
    <href>http://chart.apis.google.com/chart?chst=d_bubble_icon_text_small&amp;chld=location|bbT|29|FFFFFF|000000</href>
  </Icon>
</Style><description><![CDATA[]]></description><visibility>1</visibility></Placemark><Placemark><name>GC9DZBC</name><Point><coordinates>-121.9864,37.2132,100 
</coordinates></Point><Style>
  <Icon>
    <href>http://chart.apis.google.com/chart?chst=d_bubble_icon_text_small&amp;chld=location|bbT|30|FFFFFF|000000</href>
  </Icon>
</Style><description><![CDATA[]]></description><visibility>1</visibility></Placemark><Placemark><name>GC9J3ZN</name><Point><coordinates>-121.9871,37.2106,100 
</coordinates></Point><Style>
  <Icon>
    <href>http://chart.apis.google.com/chart?chst=d_bubble_icon_text_small&amp;chld=location|bbT|31|FFFFFF|000000</href>
  </Icon>
</Style><description><![CDATA[]]></description><visibility>1</visibility></Placemark><Placemark><name>GC8X8X3</name><Point><coordinates>-121.9865,37.2083,100 
</coordinates></Point><Style>
  <Icon>
    <href>http://chart.apis.google.com/chart?chst=d_bubble_icon_text_small&amp;chld=location|bbT|32|FFFFFF|000000</href>
  </Icon>
</Style><description><![CDATA[]]></description><visibility>1</visibility></Placemark><Placemark><name>GC7NHNP</name><Point><coordinates>-122.413,37.7526,100 
</coordinates></Point><Style>
  <Icon>
    <href>http://chart.apis.google.com/chart?chst=d_bubble_icon_text_small&amp;chld=location|bbT|33|FFFFFF|000000</href>
  </Icon>
</Style><description><![CDATA[]]></description><visibility>1</visibility></Placemark><Placemark><name>GC8YFC7</name><Point><coordinates>-122.1238,37.3811,100 
</coordinates></Point><Style>
  <Icon>
    <href>http://chart.apis.google.com/chart?chst=d_bubble_icon_text_small&amp;chld=location|bbT|34|FFFFFF|000000</href>
  </Icon>
</Style><description><![CDATA[]]></description><visibility>1</visibility></Placemark><Placemark><name>GC2N7G2</name><Point><coordinates>-122.0986,37.408,100 
</coordinates></Point><Style>
  <Icon>
    <href>http://chart.apis.google.com/chart?chst=d_bubble_icon_text_small&amp;chld=location|bbT|35|FFFFFF|000000</href>
  </Icon>
</Style><description><![CDATA[]]></description><visibility>1</visibility></Placemark><Placemark><name>GC7B66E</name><Point><coordinates>-121.8874,37.5943,100 
</coordinates></Point><Style>
  <Icon>
    <href>http://chart.apis.google.com/chart?chst=d_bubble_icon_text_small&amp;chld=location|bbT|36|FFFFFF|000000</href>
  </Icon>
</Style><description><![CDATA[]]></description><visibility>1</visibility></Placemark><Placemark><name>GC7B6AN</name><Point><coordinates>-121.3354,38.5524,100 
</coordinates></Point><Style>
  <Icon>
    <href>http://chart.apis.google.com/chart?chst=d_bubble_icon_text_small&amp;chld=location|bbT|37|FFFFFF|000000</href>
  </Icon>
</Style><description><![CDATA[]]></description><visibility>1</visibility></Placemark><Placemark><name>GCA9D9</name><Point><coordinates>-121.2958,38.5719,100 
</coordinates></Point><Style>
  <Icon>
    <href>http://chart.apis.google.com/chart?chst=d_bubble_icon_text_small&amp;chld=location|bbT|38|FFFFFF|000000</href>
  </Icon>
</Style><description><![CDATA[]]></description><visibility>1</visibility></Placemark><Placemark><name>GC6D5K2</name><Point><coordinates>-120.7536,38.7326,100 
</coordinates></Point><Style>
  <Icon>
    <href>http://chart.apis.google.com/chart?chst=d_bubble_icon_text_small&amp;chld=location|bbT|39|FFFFFF|000000</href>
  </Icon>
</Style><description><![CDATA[]]></description><visibility>1</visibility></Placemark><Placemark><name>GC5PRJZ</name><Point><coordinates>-119.7808,39.4674,100 
</coordinates></Point><Style>
  <Icon>
    <href>http://chart.apis.google.com/chart?chst=d_bubble_icon_text_small&amp;chld=location|bbT|40|FFFFFF|000000</href>
  </Icon>
</Style><description><![CDATA[]]></description><visibility>1</visibility></Placemark><Placemark><name>GC16P3E</name><Point><coordinates>-119.7846,39.4642,100 
</coordinates></Point><Style>
  <Icon>
    <href>http://chart.apis.google.com/chart?chst=d_bubble_icon_text_small&amp;chld=location|bbT|41|FFFFFF|000000</href>
  </Icon>
</Style><description><![CDATA[]]></description><visibility>1</visibility></Placemark><Placemark><name>GCT2GV</name><Point><coordinates>-122.3417,47.679,100 
</coordinates></Point><Style>
  <Icon>
    <href>http://chart.apis.google.com/chart?chst=d_bubble_icon_text_small&amp;chld=location|bbT|42|FFFFFF|000000</href>
  </Icon>
</Style><description><![CDATA[]]></description><visibility>1</visibility></Placemark><Placemark><name>GC9GWWW</name><Point><coordinates>-122.2506,47.7723,100 
</coordinates></Point><Style>
  <Icon>
    <href>http://chart.apis.google.com/chart?chst=d_bubble_icon_text_small&amp;chld=location|bbT|43|FFFFFF|000000</href>
  </Icon>
</Style><description><![CDATA[]]></description><visibility>1</visibility></Placemark><Placemark><name>GC74VA0</name><Point><coordinates>-122.248,47.7702,100 
</coordinates></Point><Style>
  <Icon>
    <href>http://chart.apis.google.com/chart?chst=d_bubble_icon_text_small&amp;chld=location|bbT|44|FFFFFF|000000</href>
  </Icon>
</Style><description><![CDATA[]]></description><visibility>1</visibility></Placemark><Placemark><name>GC6KGGA</name><Point><coordinates>-122.2462,47.7639,100 
</coordinates></Point><Style>
  <Icon>
    <href>http://chart.apis.google.com/chart?chst=d_bubble_icon_text_small&amp;chld=location|bbT|45|FFFFFF|000000</href>
  </Icon>
</Style><description><![CDATA[]]></description><visibility>1</visibility></Placemark><Placemark><name>GC2ZRD9</name><Point><coordinates>-122.2525,47.7595,100 
</coordinates></Point><Style>
  <Icon>
    <href>http://chart.apis.google.com/chart?chst=d_bubble_icon_text_small&amp;chld=location|bbT|46|FFFFFF|000000</href>
  </Icon>
</Style><description><![CDATA[]]></description><visibility>1</visibility></Placemark><Placemark><name>GC81XAD</name><Point><coordinates>-122.2484,47.7533,100 
</coordinates></Point><Style>
  <Icon>
    <href>http://chart.apis.google.com/chart?chst=d_bubble_icon_text_small&amp;chld=location|bbT|47|FFFFFF|000000</href>
  </Icon>
</Style><description><![CDATA[]]></description><visibility>1</visibility></Placemark><Placemark><name>GC4AW64</name><Point><coordinates>-122.2553,47.7295,100 
</coordinates></Point><Style>
  <Icon>
    <href>http://chart.apis.google.com/chart?chst=d_bubble_icon_text_small&amp;chld=location|bbT|48|FFFFFF|000000</href>
  </Icon>
</Style><description><![CDATA[]]></description><visibility>1</visibility></Placemark><Placemark><name>GC5AH92</name><Point><coordinates>-122.1949,47.7588,100 
</coordinates></Point><Style>
  <Icon>
    <href>http://chart.apis.google.com/chart?chst=d_bubble_icon_text_small&amp;chld=location|bbT|49|FFFFFF|000000</href>
  </Icon>
</Style><description><![CDATA[]]></description><visibility>1</visibility></Placemark><Placemark><name>GC9GW7D</name><Point><coordinates>-122.1916,47.762,100 
</coordinates></Point><Style>
  <Icon>
    <href>http://chart.apis.google.com/chart?chst=d_bubble_icon_text_small&amp;chld=location|bbT|50|FFFFFF|000000</href>
  </Icon>
</Style><description><![CDATA[]]></description><visibility>1</visibility></Placemark><Placemark><name>GC8JC86</name><Point><coordinates>-122.2101,47.7608,100 
</coordinates></Point><Style>
  <Icon>
    <href>http://chart.apis.google.com/chart?chst=d_bubble_icon_text_small&amp;chld=location|bbT|51|FFFFFF|000000</href>
  </Icon>
</Style><description><![CDATA[]]></description><visibility>1</visibility></Placemark><Placemark><name>GC4JGT3</name><Point><coordinates>-122.2608,47.7582,100 
</coordinates></Point><Style>
  <Icon>
    <href>http://chart.apis.google.com/chart?chst=d_bubble_icon_text_small&amp;chld=location|bbT|52|FFFFFF|000000</href>
  </Icon>
</Style><description><![CDATA[]]></description><visibility>1</visibility></Placemark><Placemark><name>GC8G0EF</name><Point><coordinates>-122.3799,47.6897,100 
</coordinates></Point><Style>
  <Icon>
    <href>http://chart.apis.google.com/chart?chst=d_bubble_icon_text_small&amp;chld=location|bbT|53|FFFFFF|000000</href>
  </Icon>
</Style><description><![CDATA[]]></description><visibility>1</visibility></Placemark><Placemark><name>GC14V1E</name><Point><coordinates>-122.329,47.6785,100 
</coordinates></Point><Style>
  <Icon>
    <href>http://chart.apis.google.com/chart?chst=d_bubble_icon_text_small&amp;chld=location|bbT|54|FFFFFF|000000</href>
  </Icon>
</Style><description><![CDATA[]]></description><visibility>1</visibility></Placemark><Placemark><name>GC7J54X</name><Point><coordinates>-122.3256,47.6682,100 
</coordinates></Point><Style>
  <Icon>
    <href>http://chart.apis.google.com/chart?chst=d_bubble_icon_text_small&amp;chld=location|bbT|55|FFFFFF|000000</href>
  </Icon>
</Style><description><![CDATA[]]></description><visibility>1</visibility></Placemark><Placemark><name>GC49HR7</name><Point><coordinates>-122.347,47.6484,100 
</coordinates></Point><Style>
  <Icon>
    <href>http://chart.apis.google.com/chart?chst=d_bubble_icon_text_small&amp;chld=location|bbT|56|FFFFFF|000000</href>
  </Icon>
</Style><description><![CDATA[]]></description><visibility>1</visibility></Placemark><Placemark><name>GC6RE8H</name><Point><coordinates>-122.3944,47.6619,100 
</coordinates></Point><Style>
  <Icon>
    <href>http://chart.apis.google.com/chart?chst=d_bubble_icon_text_small&amp;chld=location|bbT|57|FFFFFF|000000</href>
  </Icon>
</Style><description><![CDATA[]]></description><visibility>1</visibility></Placemark><Placemark><name>GC2T07W</name><Point><coordinates>-122.2253,47.5443,100 
</coordinates></Point><Style>
  <Icon>
    <href>http://chart.apis.google.com/chart?chst=d_bubble_icon_text_small&amp;chld=location|bbT|58|FFFFFF|000000</href>
  </Icon>
</Style><description><![CDATA[]]></description><visibility>1</visibility></Placemark><Placemark><name>GC38TC1</name><Point><coordinates>-122.2256,47.5419,100 
</coordinates></Point><Style>
  <Icon>
    <href>http://chart.apis.google.com/chart?chst=d_bubble_icon_text_small&amp;chld=location|bbT|59|FFFFFF|000000</href>
  </Icon>
</Style><description><![CDATA[]]></description><visibility>1</visibility></Placemark><Placemark><name>GC23KW5</name><Point><coordinates>-122.219,47.5445,100 
</coordinates></Point><Style>
  <Icon>
    <href>http://chart.apis.google.com/chart?chst=d_bubble_icon_text_small&amp;chld=location|bbT|60|FFFFFF|000000</href>
  </Icon>
</Style><description><![CDATA[]]></description><visibility>1</visibility></Placemark><Placemark><name>GC3DNQ5</name><Point><coordinates>-122.2266,47.5458,100 
</coordinates></Point><Style>
  <Icon>
    <href>http://chart.apis.google.com/chart?chst=d_bubble_icon_text_small&amp;chld=location|bbT|61|FFFFFF|000000</href>
  </Icon>
</Style><description><![CDATA[]]></description><visibility>1</visibility></Placemark><Placemark><name>GC9KH2X</name><Point><coordinates>-122.2259,47.55,100 
</coordinates></Point><Style>
  <Icon>
    <href>http://chart.apis.google.com/chart?chst=d_bubble_icon_text_small&amp;chld=location|bbT|62|FFFFFF|000000</href>
  </Icon>
</Style><description><![CDATA[]]></description><visibility>1</visibility></Placemark><Placemark><name>GC9KH2K</name><Point><coordinates>-122.224,47.5519,100 
</coordinates></Point><Style>
  <Icon>
    <href>http://chart.apis.google.com/chart?chst=d_bubble_icon_text_small&amp;chld=location|bbT|63|FFFFFF|000000</href>
  </Icon>
</Style><description><![CDATA[]]></description><visibility>1</visibility></Placemark><Placemark><name>GC9KJFM</name><Point><coordinates>-122.2262,47.5512,100 
</coordinates></Point><Style>
  <Icon>
    <href>http://chart.apis.google.com/chart?chst=d_bubble_icon_text_small&amp;chld=location|bbT|64|FFFFFF|000000</href>
  </Icon>
</Style><description><![CDATA[]]></description><visibility>1</visibility></Placemark><Placemark><name>GC3TV7N</name><Point><coordinates>-121.9231,47.4695,100 
</coordinates></Point><Style>
  <Icon>
    <href>http://chart.apis.google.com/chart?chst=d_bubble_icon_text_small&amp;chld=location|bbT|65|FFFFFF|000000</href>
  </Icon>
</Style><description><![CDATA[]]></description><visibility>1</visibility></Placemark><Placemark><name>GC228B6</name><Point><coordinates>-121.9179,47.4727,100 
</coordinates></Point><Style>
  <Icon>
    <href>http://chart.apis.google.com/chart?chst=d_bubble_icon_text_small&amp;chld=location|bbT|66|FFFFFF|000000</href>
  </Icon>
</Style><description><![CDATA[]]></description><visibility>1</visibility></Placemark><Placemark><name>GC96X30</name><Point><coordinates>-121.9993,47.5415,100 
</coordinates></Point><Style>
  <Icon>
    <href>http://chart.apis.google.com/chart?chst=d_bubble_icon_text_small&amp;chld=location|bbT|67|FFFFFF|000000</href>
  </Icon>
</Style><description><![CDATA[]]></description><visibility>1</visibility></Placemark><Placemark><name>GC96X3B</name><Point><coordinates>-121.9991,47.5491,100 
</coordinates></Point><Style>
  <Icon>
    <href>http://chart.apis.google.com/chart?chst=d_bubble_icon_text_small&amp;chld=location|bbT|68|FFFFFF|000000</href>
  </Icon>
</Style><description><![CDATA[]]></description><visibility>1</visibility></Placemark><Placemark><name>GC63VGC</name><Point><coordinates>-121.9975,47.5531,100 
</coordinates></Point><Style>
  <Icon>
    <href>http://chart.apis.google.com/chart?chst=d_bubble_icon_text_small&amp;chld=location|bbT|69|FFFFFF|000000</href>
  </Icon>
</Style><description><![CDATA[]]></description><visibility>1</visibility></Placemark><Placemark><name>GC96X3J</name><Point><coordinates>-122.0019,47.5567,100 
</coordinates></Point><Style>
  <Icon>
    <href>http://chart.apis.google.com/chart?chst=d_bubble_icon_text_small&amp;chld=location|bbT|70|FFFFFF|000000</href>
  </Icon>
</Style><description><![CDATA[]]></description><visibility>1</visibility></Placemark><Placemark><name>GC96X3N</name><Point><coordinates>-121.9988,47.5548,100 
</coordinates></Point><Style>
  <Icon>
    <href>http://chart.apis.google.com/chart?chst=d_bubble_icon_text_small&amp;chld=location|bbT|71|FFFFFF|000000</href>
  </Icon>
</Style><description><![CDATA[]]></description><visibility>1</visibility></Placemark><Placemark><name>GC96X3Y</name><Point><coordinates>-122.0104,47.5493,100 
</coordinates></Point><Style>
  <Icon>
    <href>http://chart.apis.google.com/chart?chst=d_bubble_icon_text_small&amp;chld=location|bbT|72|FFFFFF|000000</href>
  </Icon>
</Style><description><![CDATA[]]></description><visibility>1</visibility></Placemark><Placemark><name>GC91KB3</name><Point><coordinates>-122.2575,47.6764,100 
</coordinates></Point><Style>
  <Icon>
    <href>http://chart.apis.google.com/chart?chst=d_bubble_icon_text_small&amp;chld=location|bbT|73|FFFFFF|000000</href>
  </Icon>
</Style><description><![CDATA[]]></description><visibility>1</visibility></Placemark><Placemark><name>GC8CPMC</name><Point><coordinates>-122.2619,47.6809,100 
</coordinates></Point><Style>
  <Icon>
    <href>http://chart.apis.google.com/chart?chst=d_bubble_icon_text_small&amp;chld=location|bbT|74|FFFFFF|000000</href>
  </Icon>
</Style><description><![CDATA[]]></description><visibility>1</visibility></Placemark><Placemark><name>GCE3A</name><Point><coordinates>-122.2583,47.6817,100 
</coordinates></Point><Style>
  <Icon>
    <href>http://chart.apis.google.com/chart?chst=d_bubble_icon_text_small&amp;chld=location|bbT|75|FFFFFF|000000</href>
  </Icon>
</Style><description><![CDATA[]]></description><visibility>1</visibility></Placemark><Placemark><name>GC6TYR5</name><Point><coordinates>-122.2486,47.674,100 
</coordinates></Point><Style>
  <Icon>
    <href>http://chart.apis.google.com/chart?chst=d_bubble_icon_text_small&amp;chld=location|bbT|76|FFFFFF|000000</href>
  </Icon>
</Style><description><![CDATA[]]></description><visibility>1</visibility></Placemark><Placemark><name>GC7R7WP</name><Point><coordinates>-122.2553,47.6741,100 
</coordinates></Point><Style>
  <Icon>
    <href>http://chart.apis.google.com/chart?chst=d_bubble_icon_text_small&amp;chld=location|bbT|77|FFFFFF|000000</href>
  </Icon>
</Style><description><![CDATA[]]></description><visibility>1</visibility></Placemark><Placemark><name>GC1GTK1</name><Point><coordinates>-122.2843,47.6322,100 
</coordinates></Point><Style>
  <Icon>
    <href>http://chart.apis.google.com/chart?chst=d_bubble_icon_text_small&amp;chld=location|bbT|78|FFFFFF|000000</href>
  </Icon>
</Style><description><![CDATA[]]></description><visibility>1</visibility></Placemark><Placemark><name>GC2HBGX</name><Point><coordinates>-122.2759,47.6373,100 
</coordinates></Point><Style>
  <Icon>
    <href>http://chart.apis.google.com/chart?chst=d_bubble_icon_text_small&amp;chld=location|bbT|79|FFFFFF|000000</href>
  </Icon>
</Style><description><![CDATA[]]></description><visibility>1</visibility></Placemark><Placemark><name>GC9JDPP</name><Point><coordinates>-122.3449,47.6496,100 
</coordinates></Point><Style>
  <Icon>
    <href>http://chart.apis.google.com/chart?chst=d_bubble_icon_text_small&amp;chld=location|bbT|80|FFFFFF|000000</href>
  </Icon>
</Style><description><![CDATA[]]></description><visibility>1</visibility></Placemark><Placemark><name>GC9CZHZ</name><Point><coordinates>-122.2843,47.6185,100 
</coordinates></Point><Style>
  <Icon>
    <href>http://chart.apis.google.com/chart?chst=d_bubble_icon_text_small&amp;chld=location|bbT|81|FFFFFF|000000</href>
  </Icon>
</Style><description><![CDATA[]]></description><visibility>1</visibility></Placemark><Placemark><name>GC20DNP</name><Point><coordinates>-122.2802,47.6201,100 
</coordinates></Point><Style>
  <Icon>
    <href>http://chart.apis.google.com/chart?chst=d_bubble_icon_text_small&amp;chld=location|bbT|82|FFFFFF|000000</href>
  </Icon>
</Style><description><![CDATA[]]></description><visibility>1</visibility></Placemark><Placemark><name>GC855R7</name><Point><coordinates>-122.2839,47.6103,100 
</coordinates></Point><Style>
  <Icon>
    <href>http://chart.apis.google.com/chart?chst=d_bubble_icon_text_small&amp;chld=location|bbT|83|FFFFFF|000000</href>
  </Icon>
</Style><description><![CDATA[]]></description><visibility>1</visibility></Placemark><Placemark><name>GC2G677</name><Point><coordinates>-122.2933,47.62,100 
</coordinates></Point><Style>
  <Icon>
    <href>http://chart.apis.google.com/chart?chst=d_bubble_icon_text_small&amp;chld=location|bbT|84|FFFFFF|000000</href>
  </Icon>
</Style><description><![CDATA[]]></description><visibility>1</visibility></Placemark><Placemark><name>GCE64C</name><Point><coordinates>-122.3062,47.6361,100 
</coordinates></Point><Style>
  <Icon>
    <href>http://chart.apis.google.com/chart?chst=d_bubble_icon_text_small&amp;chld=location|bbT|85|FFFFFF|000000</href>
  </Icon>
</Style><description><![CDATA[]]></description><visibility>1</visibility></Placemark><Placemark><name>GC2J54Y</name><Point><coordinates>-121.7663,47.4378,100 
</coordinates></Point><Style>
  <Icon>
    <href>http://chart.apis.google.com/chart?chst=d_bubble_icon_text_small&amp;chld=location|bbT|86|FFFFFF|000000</href>
  </Icon>
</Style><description><![CDATA[]]></description><visibility>1</visibility></Placemark><Placemark><name>GC10WGC</name><Point><coordinates>-121.7672,47.4394,100 
</coordinates></Point><Style>
  <Icon>
    <href>http://chart.apis.google.com/chart?chst=d_bubble_icon_text_small&amp;chld=location|bbT|87|FFFFFF|000000</href>
  </Icon>
</Style><description><![CDATA[]]></description><visibility>1</visibility></Placemark><Placemark><name>GC7AVPN</name><Point><coordinates>-121.7633,47.4381,100 
</coordinates></Point><Style>
  <Icon>
    <href>http://chart.apis.google.com/chart?chst=d_bubble_icon_text_small&amp;chld=location|bbT|88|FFFFFF|000000</href>
  </Icon>
</Style><description><![CDATA[]]></description><visibility>1</visibility></Placemark><Placemark><name>GC4GM0A</name><Point><coordinates>-121.781,47.4358,100 
</coordinates></Point><Style>
  <Icon>
    <href>http://chart.apis.google.com/chart?chst=d_bubble_icon_text_small&amp;chld=location|bbT|89|FFFFFF|000000</href>
  </Icon>
</Style><description><![CDATA[]]></description><visibility>1</visibility></Placemark><Placemark><name>GC17MHZ</name><Point><coordinates>-121.7787,47.4359,100 
</coordinates></Point><Style>
  <Icon>
    <href>http://chart.apis.google.com/chart?chst=d_bubble_icon_text_small&amp;chld=location|bbT|90|FFFFFF|000000</href>
  </Icon>
</Style><description><![CDATA[]]></description><visibility>1</visibility></Placemark><Placemark><name>GC3FDQK</name><Point><coordinates>-121.7801,47.4374,100 
</coordinates></Point><Style>
  <Icon>
    <href>http://chart.apis.google.com/chart?chst=d_bubble_icon_text_small&amp;chld=location|bbT|91|FFFFFF|000000</href>
  </Icon>
</Style><description><![CDATA[]]></description><visibility>1</visibility></Placemark><Placemark><name>GCRVY9</name><Point><coordinates>-121.7916,47.4447,100 
</coordinates></Point><Style>
  <Icon>
    <href>http://chart.apis.google.com/chart?chst=d_bubble_icon_text_small&amp;chld=location|bbT|92|FFFFFF|000000</href>
  </Icon>
</Style><description><![CDATA[]]></description><visibility>1</visibility></Placemark><Placemark><name>GC5Q1XZ</name><Point><coordinates>-121.7712,47.4361,100 
</coordinates></Point><Style>
  <Icon>
    <href>http://chart.apis.google.com/chart?chst=d_bubble_icon_text_small&amp;chld=location|bbT|93|FFFFFF|000000</href>
  </Icon>
</Style><description><![CDATA[]]></description><visibility>1</visibility></Placemark><Placemark><name>GC7NF23</name><Point><coordinates>-121.7693,47.4363,100 
</coordinates></Point><Style>
  <Icon>
    <href>http://chart.apis.google.com/chart?chst=d_bubble_icon_text_small&amp;chld=location|bbT|94|FFFFFF|000000</href>
  </Icon>
</Style><description><![CDATA[]]></description><visibility>1</visibility></Placemark><Placemark><name>GC91Y8V</name><Point><coordinates>-122.3644,47.7065,100 
</coordinates></Point><Style>
  <Icon>
    <href>http://chart.apis.google.com/chart?chst=d_bubble_icon_text_small&amp;chld=location|bbT|95|FFFFFF|000000</href>
  </Icon>
</Style><description><![CDATA[]]></description><visibility>1</visibility></Placemark><Placemark><name>GC9DDZ0</name><Point><coordinates>-122.3465,47.6856,100 
</coordinates></Point><Style>
  <Icon>
    <href>http://chart.apis.google.com/chart?chst=d_bubble_icon_text_small&amp;chld=location|bbT|96|FFFFFF|000000</href>
  </Icon>
</Style><description><![CDATA[]]></description><visibility>1</visibility></Placemark><Placemark><name>GC81APT</name><Point><coordinates>-122.3595,47.6282,100 
</coordinates></Point><Style>
  <Icon>
    <href>http://chart.apis.google.com/chart?chst=d_bubble_icon_text_small&amp;chld=location|bbT|97|FFFFFF|000000</href>
  </Icon>
</Style><description><![CDATA[]]></description><visibility>1</visibility></Placemark><Placemark><name>GC617MN</name><Point><coordinates>-122.3187,47.6308,100 
</coordinates></Point><Style>
  <Icon>
    <href>http://chart.apis.google.com/chart?chst=d_bubble_icon_text_small&amp;chld=location|bbT|98|FFFFFF|000000</href>
  </Icon>
</Style><description><![CDATA[]]></description><visibility>1</visibility></Placemark><Placemark><name>GC95XBD</name><Point><coordinates>-122.2623,47.5586,100 
</coordinates></Point><Style>
  <Icon>
    <href>http://chart.apis.google.com/chart?chst=d_bubble_icon_text_small&amp;chld=location|bbT|99|FFFFFF|000000</href>
  </Icon>
</Style><description><![CDATA[]]></description><visibility>1</visibility></Placemark><Placemark><name>GC2894C</name><Point><coordinates>-122.249,47.5519,100 
</coordinates></Point><Style>
  <Icon>
    <href>http://chart.apis.google.com/chart?chst=d_bubble_icon_text_small&amp;chld=location|bbT|100|FFFFFF|000000</href>
  </Icon>
</Style><description><![CDATA[]]></description><visibility>1</visibility></Placemark><Placemark><name>GC960K3</name><Point><coordinates>-122.2537,47.5484,100 
</coordinates></Point><Style>
  <Icon>
    <href>http://chart.apis.google.com/chart?chst=d_bubble_icon_text_small&amp;chld=location|bbT|101|FFFFFF|000000</href>
  </Icon>
</Style><description><![CDATA[]]></description><visibility>1</visibility></Placemark><Placemark><name>GC960KC</name><Point><coordinates>-122.2657,47.5598,100 
</coordinates></Point><Style>
  <Icon>
    <href>http://chart.apis.google.com/chart?chst=d_bubble_icon_text_small&amp;chld=location|bbT|102|FFFFFF|000000</href>
  </Icon>
</Style><description><![CDATA[]]></description><visibility>1</visibility></Placemark><Placemark><name>GC8T2PK</name><Point><coordinates>-122.2643,47.5584,100 
</coordinates></Point><Style>
  <Icon>
    <href>http://chart.apis.google.com/chart?chst=d_bubble_icon_text_small&amp;chld=location|bbT|103|FFFFFF|000000</href>
  </Icon>
</Style><description><![CDATA[]]></description><visibility>1</visibility></Placemark><Placemark><name>GC4YZTE</name><Point><coordinates>-122.365,47.7909,100 
</coordinates></Point><Style>
  <Icon>
    <href>http://chart.apis.google.com/chart?chst=d_bubble_icon_text_small&amp;chld=location|bbT|104|FFFFFF|000000</href>
  </Icon>
</Style><description><![CDATA[]]></description><visibility>1</visibility></Placemark><Placemark><name>GC9014R</name><Point><coordinates>-122.3596,47.8091,100 
</coordinates></Point><Style>
  <Icon>
    <href>http://chart.apis.google.com/chart?chst=d_bubble_icon_text_small&amp;chld=location|bbT|105|FFFFFF|000000</href>
  </Icon>
</Style><description><![CDATA[]]></description><visibility>1</visibility></Placemark><Placemark><name>GC35E</name><Point><coordinates>-122.3581,47.8101,100 
</coordinates></Point><Style>
  <Icon>
    <href>http://chart.apis.google.com/chart?chst=d_bubble_icon_text_small&amp;chld=location|bbT|106|FFFFFF|000000</href>
  </Icon>
</Style><description><![CDATA[]]></description><visibility>1</visibility></Placemark><Placemark><name>GC2F38W</name><Point><coordinates>-122.3614,47.8078,100 
</coordinates></Point><Style>
  <Icon>
    <href>http://chart.apis.google.com/chart?chst=d_bubble_icon_text_small&amp;chld=location|bbT|107|FFFFFF|000000</href>
  </Icon>
</Style><description><![CDATA[]]></description><visibility>1</visibility></Placemark><Placemark><name>GC783W3</name><Point><coordinates>-122.3749,47.813,100 
</coordinates></Point><Style>
  <Icon>
    <href>http://chart.apis.google.com/chart?chst=d_bubble_icon_text_small&amp;chld=location|bbT|108|FFFFFF|000000</href>
  </Icon>
</Style><description><![CDATA[]]></description><visibility>1</visibility></Placemark><Placemark><name>GC7B9QZ</name><Point><coordinates>-122.3761,47.8139,100 
</coordinates></Point><Style>
  <Icon>
    <href>http://chart.apis.google.com/chart?chst=d_bubble_icon_text_small&amp;chld=location|bbT|109|FFFFFF|000000</href>
  </Icon>
</Style><description><![CDATA[]]></description><visibility>1</visibility></Placemark><Placemark><name>GC9JDPN</name><Point><coordinates>-122.3485,47.6492,100 
</coordinates></Point><Style>
  <Icon>
    <href>http://chart.apis.google.com/chart?chst=d_bubble_icon_text_small&amp;chld=location|bbT|110|FFFFFF|000000</href>
  </Icon>
</Style><description><![CDATA[]]></description><visibility>1</visibility></Placemark><Placemark><name>GC6M6VM</name><Point><coordinates>-122.3342,47.6367,100 
</coordinates></Point><Style>
  <Icon>
    <href>http://chart.apis.google.com/chart?chst=d_bubble_icon_text_small&amp;chld=location|bbT|111|FFFFFF|000000</href>
  </Icon>
</Style><description><![CDATA[]]></description><visibility>1</visibility></Placemark><Placemark><name>GC5N33R</name><Point><coordinates>-122.3559,47.6335,100 
</coordinates></Point><Style>
  <Icon>
    <href>http://chart.apis.google.com/chart?chst=d_bubble_icon_text_small&amp;chld=location|bbT|112|FFFFFF|000000</href>
  </Icon>
</Style><description><![CDATA[]]></description><visibility>1</visibility></Placemark><Placemark><name>GC9HMDT</name><Point><coordinates>-122.3019,47.7377,100 
</coordinates></Point><Style>
  <Icon>
    <href>http://chart.apis.google.com/chart?chst=d_bubble_icon_text_small&amp;chld=location|bbT|113|FFFFFF|000000</href>
  </Icon>
</Style><description><![CDATA[]]></description><visibility>1</visibility></Placemark><Placemark><name>GC9MJ5W</name><Point><coordinates>-122.3036,47.7381,100 
</coordinates></Point><Style>
  <Icon>
    <href>http://chart.apis.google.com/chart?chst=d_bubble_icon_text_small&amp;chld=location|bbT|114|FFFFFF|000000</href>
  </Icon>
</Style><description><![CDATA[]]></description><visibility>1</visibility></Placemark><Placemark><name>GC93Y55</name><Point><coordinates>-122.289,47.7558,100 
</coordinates></Point><Style>
  <Icon>
    <href>http://chart.apis.google.com/chart?chst=d_bubble_icon_text_small&amp;chld=location|bbT|115|FFFFFF|000000</href>
  </Icon>
</Style><description><![CDATA[]]></description><visibility>1</visibility></Placemark><Placemark><name>GC7CTZB</name><Point><coordinates>-122.3266,47.7801,100 
</coordinates></Point><Style>
  <Icon>
    <href>http://chart.apis.google.com/chart?chst=d_bubble_icon_text_small&amp;chld=location|bbT|116|FFFFFF|000000</href>
  </Icon>
</Style><description><![CDATA[]]></description><visibility>1</visibility></Placemark><Placemark><name>GC7CTZ5</name><Point><coordinates>-122.3267,47.7821,100 
</coordinates></Point><Style>
  <Icon>
    <href>http://chart.apis.google.com/chart?chst=d_bubble_icon_text_small&amp;chld=location|bbT|117|FFFFFF|000000</href>
  </Icon>
</Style><description><![CDATA[]]></description><visibility>1</visibility></Placemark><Placemark><name>GC9MJ5X</name><Point><coordinates>-122.3563,47.7231,100 
</coordinates></Point><Style>
  <Icon>
    <href>http://chart.apis.google.com/chart?chst=d_bubble_icon_text_small&amp;chld=location|bbT|118|FFFFFF|000000</href>
  </Icon>
</Style><description><![CDATA[]]></description><visibility>1</visibility></Placemark><Placemark><name>GC9JDPP</name><Point><coordinates>-122.3485,47.6493,100 
</coordinates></Point><Style>
  <Icon>
    <href>http://chart.apis.google.com/chart?chst=d_bubble_icon_text_small&amp;chld=location|bbT|119|FFFFFF|000000</href>
  </Icon>
</Style><description><![CDATA[]]></description><visibility>1</visibility></Placemark><Placemark><name>GC17Y1P</name><Point><coordinates>-121.7485,47.4888,100 
</coordinates></Point><Style>
  <Icon>
    <href>http://chart.apis.google.com/chart?chst=d_bubble_icon_text_small&amp;chld=location|bbT|120|FFFFFF|000000</href>
  </Icon>
</Style><description><![CDATA[]]></description><visibility>1</visibility></Placemark><Placemark><name>GC1P363</name><Point><coordinates>-121.7402,47.496,100 
</coordinates></Point><Style>
  <Icon>
    <href>http://chart.apis.google.com/chart?chst=d_bubble_icon_text_small&amp;chld=location|bbT|121|FFFFFF|000000</href>
  </Icon>
</Style><description><![CDATA[]]></description><visibility>1</visibility></Placemark><Placemark><name>GC8W82Q</name><Point><coordinates>-122.3282,47.7894,100 
</coordinates></Point><Style>
  <Icon>
    <href>http://chart.apis.google.com/chart?chst=d_bubble_icon_text_small&amp;chld=location|bbT|122|FFFFFF|000000</href>
  </Icon>
</Style><description><![CDATA[]]></description><visibility>1</visibility></Placemark><Placemark><name>GC6CFKJ</name><Point><coordinates>-122.2967,47.9056,100 
</coordinates></Point><Style>
  <Icon>
    <href>http://chart.apis.google.com/chart?chst=d_bubble_icon_text_small&amp;chld=location|bbT|123|FFFFFF|000000</href>
  </Icon>
</Style><description><![CDATA[]]></description><visibility>1</visibility></Placemark><Placemark><name>GC65XR4</name><Point><coordinates>-122.297,47.9123,100 
</coordinates></Point><Style>
  <Icon>
    <href>http://chart.apis.google.com/chart?chst=d_bubble_icon_text_small&amp;chld=location|bbT|124|FFFFFF|000000</href>
  </Icon>
</Style><description><![CDATA[]]></description><visibility>1</visibility></Placemark><Placemark><name>GC6BZTA</name><Point><coordinates>-122.3018,47.911,100 
</coordinates></Point><Style>
  <Icon>
    <href>http://chart.apis.google.com/chart?chst=d_bubble_icon_text_small&amp;chld=location|bbT|125|FFFFFF|000000</href>
  </Icon>
</Style><description><![CDATA[]]></description><visibility>1</visibility></Placemark><Placemark><name>GC243WM</name><Point><coordinates>-122.3078,47.9115,100 
</coordinates></Point><Style>
  <Icon>
    <href>http://chart.apis.google.com/chart?chst=d_bubble_icon_text_small&amp;chld=location|bbT|126|FFFFFF|000000</href>
  </Icon>
</Style><description><![CDATA[]]></description><visibility>1</visibility></Placemark><Placemark><name>GC7G74Y</name><Point><coordinates>-122.3108,47.9104,100 
</coordinates></Point><Style>
  <Icon>
    <href>http://chart.apis.google.com/chart?chst=d_bubble_icon_text_small&amp;chld=location|bbT|127|FFFFFF|000000</href>
  </Icon>
</Style><description><![CDATA[]]></description><visibility>1</visibility></Placemark><Placemark><name>GC5843R</name><Point><coordinates>-122.3041,47.9128,100 
</coordinates></Point><Style>
  <Icon>
    <href>http://chart.apis.google.com/chart?chst=d_bubble_icon_text_small&amp;chld=location|bbT|128|FFFFFF|000000</href>
  </Icon>
</Style><description><![CDATA[]]></description><visibility>1</visibility></Placemark><Placemark><name>GC5TZAB</name><Point><coordinates>-122.2932,47.9299,100 
</coordinates></Point><Style>
  <Icon>
    <href>http://chart.apis.google.com/chart?chst=d_bubble_icon_text_small&amp;chld=location|bbT|129|FFFFFF|000000</href>
  </Icon>
</Style><description><![CDATA[]]></description><visibility>1</visibility></Placemark><Placemark><name>GC513ZY</name><Point><coordinates>-122.289,47.9327,100 
</coordinates></Point><Style>
  <Icon>
    <href>http://chart.apis.google.com/chart?chst=d_bubble_icon_text_small&amp;chld=location|bbT|130|FFFFFF|000000</href>
  </Icon>
</Style><description><![CDATA[]]></description><visibility>1</visibility></Placemark><Placemark><name>GC5GDH7</name><Point><coordinates>-122.2901,47.9348,100 
</coordinates></Point><Style>
  <Icon>
    <href>http://chart.apis.google.com/chart?chst=d_bubble_icon_text_small&amp;chld=location|bbT|131|FFFFFF|000000</href>
  </Icon>
</Style><description><![CDATA[]]></description><visibility>1</visibility></Placemark><Placemark><name>GC51FPH</name><Point><coordinates>-122.2894,47.9417,100 
</coordinates></Point><Style>
  <Icon>
    <href>http://chart.apis.google.com/chart?chst=d_bubble_icon_text_small&amp;chld=location|bbT|132|FFFFFF|000000</href>
  </Icon>
</Style><description><![CDATA[]]></description><visibility>1</visibility></Placemark><Placemark><name>GC5GDGP</name><Point><coordinates>-122.2919,47.9395,100 
</coordinates></Point><Style>
  <Icon>
    <href>http://chart.apis.google.com/chart?chst=d_bubble_icon_text_small&amp;chld=location|bbT|133|FFFFFF|000000</href>
  </Icon>
</Style><description><![CDATA[]]></description><visibility>1</visibility></Placemark><Placemark><name>GC5ZA23</name><Point><coordinates>-122.2924,47.9373,100 
</coordinates></Point><Style>
  <Icon>
    <href>http://chart.apis.google.com/chart?chst=d_bubble_icon_text_small&amp;chld=location|bbT|134|FFFFFF|000000</href>
  </Icon>
</Style><description><![CDATA[]]></description><visibility>1</visibility></Placemark><Placemark><name>GC52PP8</name><Point><coordinates>-122.2925,47.9354,100 
</coordinates></Point><Style>
  <Icon>
    <href>http://chart.apis.google.com/chart?chst=d_bubble_icon_text_small&amp;chld=location|bbT|135|FFFFFF|000000</href>
  </Icon>
</Style><description><![CDATA[]]></description><visibility>1</visibility></Placemark><Placemark><name>GC2FA4Z</name><Point><coordinates>-122.2912,47.9332,100 
</coordinates></Point><Style>
  <Icon>
    <href>http://chart.apis.google.com/chart?chst=d_bubble_icon_text_small&amp;chld=location|bbT|136|FFFFFF|000000</href>
  </Icon>
</Style><description><![CDATA[]]></description><visibility>1</visibility></Placemark><Placemark><name>GC9DZ01</name><Point><coordinates>-122.296,47.9336,100 
</coordinates></Point><Style>
  <Icon>
    <href>http://chart.apis.google.com/chart?chst=d_bubble_icon_text_small&amp;chld=location|bbT|137|FFFFFF|000000</href>
  </Icon>
</Style><description><![CDATA[]]></description><visibility>1</visibility></Placemark><Placemark><name>GC7DPQA</name><Point><coordinates>-122.256,47.9352,100 
</coordinates></Point><Style>
  <Icon>
    <href>http://chart.apis.google.com/chart?chst=d_bubble_icon_text_small&amp;chld=location|bbT|138|FFFFFF|000000</href>
  </Icon>
</Style><description><![CDATA[]]></description><visibility>1</visibility></Placemark><Placemark><name>GC7RQM2</name><Point><coordinates>-122.2914,47.6622,100 
</coordinates></Point><Style>
  <Icon>
    <href>http://chart.apis.google.com/chart?chst=d_bubble_icon_text_small&amp;chld=location|bbT|139|FFFFFF|000000</href>
  </Icon>
</Style><description><![CDATA[]]></description><visibility>1</visibility></Placemark><Placemark><name>GC7R29D</name><Point><coordinates>-122.2878,47.6618,100 
</coordinates></Point><Style>
  <Icon>
    <href>http://chart.apis.google.com/chart?chst=d_bubble_icon_text_small&amp;chld=location|bbT|140|FFFFFF|000000</href>
  </Icon>
</Style><description><![CDATA[]]></description><visibility>1</visibility></Placemark><Placemark><name>GC7RQR2</name><Point><coordinates>-122.2865,47.6637,100 
</coordinates></Point><Style>
  <Icon>
    <href>http://chart.apis.google.com/chart?chst=d_bubble_icon_text_small&amp;chld=location|bbT|141|FFFFFF|000000</href>
  </Icon>
</Style><description><![CDATA[]]></description><visibility>1</visibility></Placemark><Placemark><name>GC7R6H5</name><Point><coordinates>-122.2858,47.6653,100 
</coordinates></Point><Style>
  <Icon>
    <href>http://chart.apis.google.com/chart?chst=d_bubble_icon_text_small&amp;chld=location|bbT|142|FFFFFF|000000</href>
  </Icon>
</Style><description><![CDATA[]]></description><visibility>1</visibility></Placemark><Placemark><name>GC7R3B8</name><Point><coordinates>-122.2854,47.6669,100 
</coordinates></Point><Style>
  <Icon>
    <href>http://chart.apis.google.com/chart?chst=d_bubble_icon_text_small&amp;chld=location|bbT|143|FFFFFF|000000</href>
  </Icon>
</Style><description><![CDATA[]]></description><visibility>1</visibility></Placemark><Placemark><name>GC954YA</name><Point><coordinates>-122.2859,47.6686,100 
</coordinates></Point><Style>
  <Icon>
    <href>http://chart.apis.google.com/chart?chst=d_bubble_icon_text_small&amp;chld=location|bbT|144|FFFFFF|000000</href>
  </Icon>
</Style><description><![CDATA[]]></description><visibility>1</visibility></Placemark><Placemark><name>GC95TM1</name><Point><coordinates>-122.2887,47.6673,100 
</coordinates></Point><Style>
  <Icon>
    <href>http://chart.apis.google.com/chart?chst=d_bubble_icon_text_small&amp;chld=location|bbT|145|FFFFFF|000000</href>
  </Icon>
</Style><description><![CDATA[]]></description><visibility>1</visibility></Placemark><Placemark><name>GCP64V</name><Point><coordinates>-122.3099,47.7039,100 
</coordinates></Point><Style>
  <Icon>
    <href>http://chart.apis.google.com/chart?chst=d_bubble_icon_text_small&amp;chld=location|bbT|146|FFFFFF|000000</href>
  </Icon>
</Style><description><![CDATA[]]></description><visibility>1</visibility></Placemark><Placemark><name>GC95Y71</name><Point><coordinates>-122.402,47.6433,100 
</coordinates></Point><Style>
  <Icon>
    <href>http://chart.apis.google.com/chart?chst=d_bubble_icon_text_small&amp;chld=location|bbT|147|FFFFFF|000000</href>
  </Icon>
</Style><description><![CDATA[]]></description><visibility>1</visibility></Placemark><Placemark><name>GC59YDP</name><Point><coordinates>-122.2625,47.3203,100 
</coordinates></Point><Style>
  <Icon>
    <href>http://chart.apis.google.com/chart?chst=d_bubble_icon_text_small&amp;chld=location|bbT|148|FFFFFF|000000</href>
  </Icon>
</Style><description><![CDATA[]]></description><visibility>1</visibility></Placemark><Placemark><name>GC141XC</name><Point><coordinates>-122.2608,47.3214,100 
</coordinates></Point><Style>
  <Icon>
    <href>http://chart.apis.google.com/chart?chst=d_bubble_icon_text_small&amp;chld=location|bbT|149|FFFFFF|000000</href>
  </Icon>
</Style><description><![CDATA[]]></description><visibility>1</visibility></Placemark><Placemark><name>GC2MN47</name><Point><coordinates>-122.2639,47.3253,100 
</coordinates></Point><Style>
  <Icon>
    <href>http://chart.apis.google.com/chart?chst=d_bubble_icon_text_small&amp;chld=location|bbT|150|FFFFFF|000000</href>
  </Icon>
</Style><description><![CDATA[]]></description><visibility>1</visibility></Placemark><Placemark><name>GC1170C</name><Point><coordinates>-122.2603,47.3251,100 
</coordinates></Point><Style>
  <Icon>
    <href>http://chart.apis.google.com/chart?chst=d_bubble_icon_text_small&amp;chld=location|bbT|151|FFFFFF|000000</href>
  </Icon>
</Style><description><![CDATA[]]></description><visibility>1</visibility></Placemark><Placemark><name>GC116ZX</name><Point><coordinates>-122.2618,47.3233,100 
</coordinates></Point><Style>
  <Icon>
    <href>http://chart.apis.google.com/chart?chst=d_bubble_icon_text_small&amp;chld=location|bbT|152|FFFFFF|000000</href>
  </Icon>
</Style><description><![CDATA[]]></description><visibility>1</visibility></Placemark><Placemark><name>GC632ZD</name><Point><coordinates>-122.4769,47.205,100 
</coordinates></Point><Style>
  <Icon>
    <href>http://chart.apis.google.com/chart?chst=d_bubble_icon_text_small&amp;chld=location|bbT|153|FFFFFF|000000</href>
  </Icon>
</Style><description><![CDATA[]]></description><visibility>1</visibility></Placemark><Placemark><name>GC27Z74</name><Point><coordinates>-122.8945,47.0692,100 
</coordinates></Point><Style>
  <Icon>
    <href>http://chart.apis.google.com/chart?chst=d_bubble_icon_text_small&amp;chld=location|bbT|154|FFFFFF|000000</href>
  </Icon>
</Style><description><![CDATA[]]></description><visibility>1</visibility></Placemark><Placemark><name>GC8VX07</name><Point><coordinates>-122.8938,47.0697,100 
</coordinates></Point><Style>
  <Icon>
    <href>http://chart.apis.google.com/chart?chst=d_bubble_icon_text_small&amp;chld=location|bbT|155|FFFFFF|000000</href>
  </Icon>
</Style><description><![CDATA[]]></description><visibility>1</visibility></Placemark><Placemark><name>GC6J3NX</name><Point><coordinates>-122.8957,47.0695,100 
</coordinates></Point><Style>
  <Icon>
    <href>http://chart.apis.google.com/chart?chst=d_bubble_icon_text_small&amp;chld=location|bbT|156|FFFFFF|000000</href>
  </Icon>
</Style><description><![CDATA[]]></description><visibility>1</visibility></Placemark><Placemark><name>GCQYJN</name><Point><coordinates>-122.8907,47.0758,100 
</coordinates></Point><Style>
  <Icon>
    <href>http://chart.apis.google.com/chart?chst=d_bubble_icon_text_small&amp;chld=location|bbT|157|FFFFFF|000000</href>
  </Icon>
</Style><description><![CDATA[]]></description><visibility>1</visibility></Placemark><Placemark><name>GC8FCYX</name><Point><coordinates>-122.9043,47.0509,100 
</coordinates></Point><Style>
  <Icon>
    <href>http://chart.apis.google.com/chart?chst=d_bubble_icon_text_small&amp;chld=location|bbT|158|FFFFFF|000000</href>
  </Icon>
</Style><description><![CDATA[]]></description><visibility>1</visibility></Placemark><Placemark><name>GC7BZZJ</name><Point><coordinates>-122.9041,47.047,100 
</coordinates></Point><Style>
  <Icon>
    <href>http://chart.apis.google.com/chart?chst=d_bubble_icon_text_small&amp;chld=location|bbT|159|FFFFFF|000000</href>
  </Icon>
</Style><description><![CDATA[]]></description><visibility>1</visibility></Placemark><Placemark><name>GC7AKV2</name><Point><coordinates>-122.9015,47.0493,100 
</coordinates></Point><Style>
  <Icon>
    <href>http://chart.apis.google.com/chart?chst=d_bubble_icon_text_small&amp;chld=location|bbT|160|FFFFFF|000000</href>
  </Icon>
</Style><description><![CDATA[]]></description><visibility>1</visibility></Placemark><Placemark><name>GC9JDPN</name><Point><coordinates>-122.3436,47.6493,100 
</coordinates></Point><Style>
  <Icon>
    <href>http://chart.apis.google.com/chart?chst=d_bubble_icon_text_small&amp;chld=location|bbT|161|FFFFFF|000000</href>
  </Icon>
</Style><description><![CDATA[]]></description><visibility>1</visibility></Placemark><Placemark><name>GCMXQQ</name><Point><coordinates>-122.0361,47.5114,100 
</coordinates></Point><Style>
  <Icon>
    <href>http://chart.apis.google.com/chart?chst=d_bubble_icon_text_small&amp;chld=location|bbT|162|FFFFFF|000000</href>
  </Icon>
</Style><description><![CDATA[]]></description><visibility>1</visibility></Placemark><Placemark><name>GC9NECQ</name><Point><coordinates>-122.3331,47.6831,100 
</coordinates></Point><Style>
  <Icon>
    <href>http://chart.apis.google.com/chart?chst=d_bubble_icon_text_small&amp;chld=location|bbT|163|FFFFFF|000000</href>
  </Icon>
</Style><description><![CDATA[]]></description><visibility>1</visibility></Placemark><Placemark><name>GC7R7Z4</name><Point><coordinates>-122.2793,47.6685,100 
</coordinates></Point><Style>
  <Icon>
    <href>http://chart.apis.google.com/chart?chst=d_bubble_icon_text_small&amp;chld=location|bbT|164|FFFFFF|000000</href>
  </Icon>
</Style><description><![CDATA[]]></description><visibility>1</visibility></Placemark><Placemark><name>GC7RQN5</name><Point><coordinates>-122.2704,47.6726,100 
</coordinates></Point><Style>
  <Icon>
    <href>http://chart.apis.google.com/chart?chst=d_bubble_icon_text_small&amp;chld=location|bbT|165|FFFFFF|000000</href>
  </Icon>
</Style><description><![CDATA[]]></description><visibility>1</visibility></Placemark><Placemark><name>GC91ZCA</name><Point><coordinates>-122.2629,47.6851,100 
</coordinates></Point><Style>
  <Icon>
    <href>http://chart.apis.google.com/chart?chst=d_bubble_icon_text_small&amp;chld=location|bbT|166|FFFFFF|000000</href>
  </Icon>
</Style><description><![CDATA[]]></description><visibility>1</visibility></Placemark><Placemark><name>GC7TC2Y</name><Point><coordinates>-122.3551,47.6173,100 
</coordinates></Point><Style>
  <Icon>
    <href>http://chart.apis.google.com/chart?chst=d_bubble_icon_text_small&amp;chld=location|bbT|167|FFFFFF|000000</href>
  </Icon>
</Style><description><![CDATA[]]></description><visibility>1</visibility></Placemark><Placemark><name>GCQBQF</name><Point><coordinates>-122.3499,47.6837,100 
</coordinates></Point><Style>
  <Icon>
    <href>http://chart.apis.google.com/chart?chst=d_bubble_icon_text_small&amp;chld=location|bbT|168|FFFFFF|000000</href>
  </Icon>
</Style><description><![CDATA[]]></description><visibility>1</visibility></Placemark><Placemark><name>GCNAWK</name><Point><coordinates>-122.359,47.6358,100 
</coordinates></Point><Style>
  <Icon>
    <href>http://chart.apis.google.com/chart?chst=d_bubble_icon_text_small&amp;chld=location|bbT|169|FFFFFF|000000</href>
  </Icon>
</Style><description><![CDATA[]]></description><visibility>1</visibility></Placemark><Placemark><name>GC21NDM</name><Point><coordinates>-121.9026,47.6147,100 
</coordinates></Point><Style>
  <Icon>
    <href>http://chart.apis.google.com/chart?chst=d_bubble_icon_text_small&amp;chld=location|bbT|170|FFFFFF|000000</href>
  </Icon>
</Style><description><![CDATA[]]></description><visibility>1</visibility></Placemark><Placemark><name>GC1T22A</name><Point><coordinates>-121.9033,47.6086,100 
</coordinates></Point><Style>
  <Icon>
    <href>http://chart.apis.google.com/chart?chst=d_bubble_icon_text_small&amp;chld=location|bbT|171|FFFFFF|000000</href>
  </Icon>
</Style><description><![CDATA[]]></description><visibility>1</visibility></Placemark><Placemark><name>GC62JZY</name><Point><coordinates>-121.9014,47.6073,100 
</coordinates></Point><Style>
  <Icon>
    <href>http://chart.apis.google.com/chart?chst=d_bubble_icon_text_small&amp;chld=location|bbT|172|FFFFFF|000000</href>
  </Icon>
</Style><description><![CDATA[]]></description><visibility>1</visibility></Placemark><Placemark><name>GC62K01</name><Point><coordinates>-121.9005,47.6053,100 
</coordinates></Point><Style>
  <Icon>
    <href>http://chart.apis.google.com/chart?chst=d_bubble_icon_text_small&amp;chld=location|bbT|173|FFFFFF|000000</href>
  </Icon>
</Style><description><![CDATA[]]></description><visibility>1</visibility></Placemark><Placemark><name>GC62K09</name><Point><coordinates>-121.9069,47.6014,100 
</coordinates></Point><Style>
  <Icon>
    <href>http://chart.apis.google.com/chart?chst=d_bubble_icon_text_small&amp;chld=location|bbT|174|FFFFFF|000000</href>
  </Icon>
</Style><description><![CDATA[]]></description><visibility>1</visibility></Placemark><Placemark><name>GC62K0G</name><Point><coordinates>-121.9063,47.5977,100 
</coordinates></Point><Style>
  <Icon>
    <href>http://chart.apis.google.com/chart?chst=d_bubble_icon_text_small&amp;chld=location|bbT|175|FFFFFF|000000</href>
  </Icon>
</Style><description><![CDATA[]]></description><visibility>1</visibility></Placemark><Placemark><name>GC21GZX</name><Point><coordinates>-121.8996,47.5929,100 
</coordinates></Point><Style>
  <Icon>
    <href>http://chart.apis.google.com/chart?chst=d_bubble_icon_text_small&amp;chld=location|bbT|176|FFFFFF|000000</href>
  </Icon>
</Style><description><![CDATA[]]></description><visibility>1</visibility></Placemark><Placemark><name>GC20K5P</name><Point><coordinates>-121.9036,47.595,100 
</coordinates></Point><Style>
  <Icon>
    <href>http://chart.apis.google.com/chart?chst=d_bubble_icon_text_small&amp;chld=location|bbT|177|FFFFFF|000000</href>
  </Icon>
</Style><description><![CDATA[]]></description><visibility>1</visibility></Placemark><Placemark><name>GC22FYH</name><Point><coordinates>-121.9034,47.6016,100 
</coordinates></Point><Style>
  <Icon>
    <href>http://chart.apis.google.com/chart?chst=d_bubble_icon_text_small&amp;chld=location|bbT|178|FFFFFF|000000</href>
  </Icon>
</Style><description><![CDATA[]]></description><visibility>1</visibility></Placemark><Placemark><name>GC62K04</name><Point><coordinates>-121.9016,47.6032,100 
</coordinates></Point><Style>
  <Icon>
    <href>http://chart.apis.google.com/chart?chst=d_bubble_icon_text_small&amp;chld=location|bbT|179|FFFFFF|000000</href>
  </Icon>
</Style><description><![CDATA[]]></description><visibility>1</visibility></Placemark><Placemark><name>GC62JZV</name><Point><coordinates>-121.9051,47.6109,100 
</coordinates></Point><Style>
  <Icon>
    <href>http://chart.apis.google.com/chart?chst=d_bubble_icon_text_small&amp;chld=location|bbT|180|FFFFFF|000000</href>
  </Icon>
</Style><description><![CDATA[]]></description><visibility>1</visibility></Placemark><Placemark><name>GC62JZR</name><Point><coordinates>-121.9035,47.6121,100 
</coordinates></Point><Style>
  <Icon>
    <href>http://chart.apis.google.com/chart?chst=d_bubble_icon_text_small&amp;chld=location|bbT|181|FFFFFF|000000</href>
  </Icon>
</Style><description><![CDATA[]]></description><visibility>1</visibility></Placemark><Placemark><name>GC62JZQ</name><Point><coordinates>-121.9033,47.6164,100 
</coordinates></Point><Style>
  <Icon>
    <href>http://chart.apis.google.com/chart?chst=d_bubble_icon_text_small&amp;chld=location|bbT|182|FFFFFF|000000</href>
  </Icon>
</Style><description><![CDATA[]]></description><visibility>1</visibility></Placemark><Placemark><name>GC62JZG</name><Point><coordinates>-121.9003,47.6191,100 
</coordinates></Point><Style>
  <Icon>
    <href>http://chart.apis.google.com/chart?chst=d_bubble_icon_text_small&amp;chld=location|bbT|183|FFFFFF|000000</href>
  </Icon>
</Style><description><![CDATA[]]></description><visibility>1</visibility></Placemark><Placemark><name>GC1A9AE</name><Point><coordinates>-121.9048,47.6206,100 
</coordinates></Point><Style>
  <Icon>
    <href>http://chart.apis.google.com/chart?chst=d_bubble_icon_text_small&amp;chld=location|bbT|184|FFFFFF|000000</href>
  </Icon>
</Style><description><![CDATA[]]></description><visibility>1</visibility></Placemark><Placemark><name>GC28HTA</name><Point><coordinates>-121.9069,47.6248,100 
</coordinates></Point><Style>
  <Icon>
    <href>http://chart.apis.google.com/chart?chst=d_bubble_icon_text_small&amp;chld=location|bbT|185|FFFFFF|000000</href>
  </Icon>
</Style><description><![CDATA[]]></description><visibility>1</visibility></Placemark><Placemark><name>GC62JZE</name><Point><coordinates>-121.907,47.629,100 
</coordinates></Point><Style>
  <Icon>
    <href>http://chart.apis.google.com/chart?chst=d_bubble_icon_text_small&amp;chld=location|bbT|186|FFFFFF|000000</href>
  </Icon>
</Style><description><![CDATA[]]></description><visibility>1</visibility></Placemark><Placemark><name>GC62JZC</name><Point><coordinates>-121.9071,47.6317,100 
</coordinates></Point><Style>
  <Icon>
    <href>http://chart.apis.google.com/chart?chst=d_bubble_icon_text_small&amp;chld=location|bbT|187|FFFFFF|000000</href>
  </Icon>
</Style><description><![CDATA[]]></description><visibility>1</visibility></Placemark><Placemark><name>GCCDE</name><Point><coordinates>-121.9069,47.6391,100 
</coordinates></Point><Style>
  <Icon>
    <href>http://chart.apis.google.com/chart?chst=d_bubble_icon_text_small&amp;chld=location|bbT|188|FFFFFF|000000</href>
  </Icon>
</Style><description><![CDATA[]]></description><visibility>1</visibility></Placemark><Placemark><name>GC8NT0K</name><Point><coordinates>-121.9072,47.6414,100 
</coordinates></Point><Style>
  <Icon>
    <href>http://chart.apis.google.com/chart?chst=d_bubble_icon_text_small&amp;chld=location|bbT|189|FFFFFF|000000</href>
  </Icon>
</Style><description><![CDATA[]]></description><visibility>1</visibility></Placemark><Placemark><name>GC96TYF</name><Point><coordinates>-121.9571,47.6903,100 
</coordinates></Point><Style>
  <Icon>
    <href>http://chart.apis.google.com/chart?chst=d_bubble_icon_text_small&amp;chld=location|bbT|190|FFFFFF|000000</href>
  </Icon>
</Style><description><![CDATA[]]></description><visibility>1</visibility></Placemark><Placemark><name>GC64MJN</name><Point><coordinates>-121.9469,47.6886,100 
</coordinates></Point><Style>
  <Icon>
    <href>http://chart.apis.google.com/chart?chst=d_bubble_icon_text_small&amp;chld=location|bbT|191|FFFFFF|000000</href>
  </Icon>
</Style><description><![CDATA[]]></description><visibility>1</visibility></Placemark><Placemark><name>GC13CQ7</name><Point><coordinates>-121.94,47.6884,100 
</coordinates></Point><Style>
  <Icon>
    <href>http://chart.apis.google.com/chart?chst=d_bubble_icon_text_small&amp;chld=location|bbT|192|FFFFFF|000000</href>
  </Icon>
</Style><description><![CDATA[]]></description><visibility>1</visibility></Placemark><Placemark><name>GC2QMA2</name><Point><coordinates>-121.9363,47.6866,100 
</coordinates></Point><Style>
  <Icon>
    <href>http://chart.apis.google.com/chart?chst=d_bubble_icon_text_small&amp;chld=location|bbT|193|FFFFFF|000000</href>
  </Icon>
</Style><description><![CDATA[]]></description><visibility>1</visibility></Placemark><Placemark><name>GC3RE8B</name><Point><coordinates>-121.9291,47.6852,100 
</coordinates></Point><Style>
  <Icon>
    <href>http://chart.apis.google.com/chart?chst=d_bubble_icon_text_small&amp;chld=location|bbT|194|FFFFFF|000000</href>
  </Icon>
</Style><description><![CDATA[]]></description><visibility>1</visibility></Placemark><Placemark><name>GC62JX6</name><Point><coordinates>-121.9331,47.6861,100 
</coordinates></Point><Style>
  <Icon>
    <href>http://chart.apis.google.com/chart?chst=d_bubble_icon_text_small&amp;chld=location|bbT|195|FFFFFF|000000</href>
  </Icon>
</Style><description><![CDATA[]]></description><visibility>1</visibility></Placemark><Placemark><name>GC27KYG</name><Point><coordinates>-121.9836,47.7093,100 
</coordinates></Point><Style>
  <Icon>
    <href>http://chart.apis.google.com/chart?chst=d_bubble_icon_text_small&amp;chld=location|bbT|196|FFFFFF|000000</href>
  </Icon>
</Style><description><![CDATA[]]></description><visibility>1</visibility></Placemark><Placemark><name>GC7BBQC</name><Point><coordinates>-122.1286,47.6805,100 
</coordinates></Point><Style>
  <Icon>
    <href>http://chart.apis.google.com/chart?chst=d_bubble_icon_text_small&amp;chld=location|bbT|197|FFFFFF|000000</href>
  </Icon>
</Style><description><![CDATA[]]></description><visibility>1</visibility></Placemark><Placemark><name>GC74H54</name><Point><coordinates>-122.3367,47.7061,100 
</coordinates></Point><Style>
  <Icon>
    <href>http://chart.apis.google.com/chart?chst=d_bubble_icon_text_small&amp;chld=location|bbT|198|FFFFFF|000000</href>
  </Icon>
</Style><description><![CDATA[]]></description><visibility>1</visibility></Placemark><Placemark><name>GC7CTZ7</name><Point><coordinates>-122.3282,47.7802,100 
</coordinates></Point><Style>
  <Icon>
    <href>http://chart.apis.google.com/chart?chst=d_bubble_icon_text_small&amp;chld=location|bbT|199|FFFFFF|000000</href>
  </Icon>
</Style><description><![CDATA[]]></description><visibility>1</visibility></Placemark><Placemark><name>GC9NB0M</name><Point><coordinates>-122.3277,47.7685,100 
</coordinates></Point><Style>
  <Icon>
    <href>http://chart.apis.google.com/chart?chst=d_bubble_icon_text_small&amp;chld=location|bbT|200|FFFFFF|000000</href>
  </Icon>
</Style><description><![CDATA[]]></description><visibility>1</visibility></Placemark><Placemark><name>GC975VE</name><Point><coordinates>-122.3326,47.7594,100 
</coordinates></Point><Style>
  <Icon>
    <href>http://chart.apis.google.com/chart?chst=d_bubble_icon_text_small&amp;chld=location|bbT|201|FFFFFF|000000</href>
  </Icon>
</Style><description><![CDATA[]]></description><visibility>1</visibility></Placemark><Placemark><name>GC7VAEX</name><Point><coordinates>-122.3334,47.7615,100 
</coordinates></Point><Style>
  <Icon>
    <href>http://chart.apis.google.com/chart?chst=d_bubble_icon_text_small&amp;chld=location|bbT|202|FFFFFF|000000</href>
  </Icon>
</Style><description><![CDATA[]]></description><visibility>1</visibility></Placemark><Placemark><name>GC4CBV6</name><Point><coordinates>-122.3087,47.6307,100 
</coordinates></Point><Style>
  <Icon>
    <href>http://chart.apis.google.com/chart?chst=d_bubble_icon_text_small&amp;chld=location|bbT|203|FFFFFF|000000</href>
  </Icon>
</Style><description><![CDATA[]]></description><visibility>1</visibility></Placemark><Placemark><name>GC8Y7Y1</name><Point><coordinates>-122.3131,47.568,100 
</coordinates></Point><Style>
  <Icon>
    <href>http://chart.apis.google.com/chart?chst=d_bubble_icon_text_small&amp;chld=location|bbT|204|FFFFFF|000000</href>
  </Icon>
</Style><description><![CDATA[]]></description><visibility>1</visibility></Placemark><Placemark><name>GC8WYTH</name><Point><coordinates>-122.3113,47.5657,100 
</coordinates></Point><Style>
  <Icon>
    <href>http://chart.apis.google.com/chart?chst=d_bubble_icon_text_small&amp;chld=location|bbT|205|FFFFFF|000000</href>
  </Icon>
</Style><description><![CDATA[]]></description><visibility>1</visibility></Placemark><Placemark><name>GC8MTF8</name><Point><coordinates>-122.3203,47.56,100 
</coordinates></Point><Style>
  <Icon>
    <href>http://chart.apis.google.com/chart?chst=d_bubble_icon_text_small&amp;chld=location|bbT|206|FFFFFF|000000</href>
  </Icon>
</Style><description><![CDATA[]]></description><visibility>1</visibility></Placemark><Placemark><name>GCTDWW</name><Point><coordinates>-122.3981,47.5284,100 
</coordinates></Point><Style>
  <Icon>
    <href>http://chart.apis.google.com/chart?chst=d_bubble_icon_text_small&amp;chld=location|bbT|207|FFFFFF|000000</href>
  </Icon>
</Style><description><![CDATA[]]></description><visibility>1</visibility></Placemark><Placemark><name>GC9GX71</name><Point><coordinates>-122.3963,47.5304,100 
</coordinates></Point><Style>
  <Icon>
    <href>http://chart.apis.google.com/chart?chst=d_bubble_icon_text_small&amp;chld=location|bbT|208|FFFFFF|000000</href>
  </Icon>
</Style><description><![CDATA[]]></description><visibility>1</visibility></Placemark><Placemark><name>GC91PQ7</name><Point><coordinates>-122.3843,47.5507,100 
</coordinates></Point><Style>
  <Icon>
    <href>http://chart.apis.google.com/chart?chst=d_bubble_icon_text_small&amp;chld=location|bbT|209|FFFFFF|000000</href>
  </Icon>
</Style><description><![CDATA[]]></description><visibility>1</visibility></Placemark><Placemark><name>GC91PR0</name><Point><coordinates>-122.3805,47.5509,100 
</coordinates></Point><Style>
  <Icon>
    <href>http://chart.apis.google.com/chart?chst=d_bubble_icon_text_small&amp;chld=location|bbT|210|FFFFFF|000000</href>
  </Icon>
</Style><description><![CDATA[]]></description><visibility>1</visibility></Placemark><Placemark><name>GC93MV4</name><Point><coordinates>-122.3826,47.5465,100 
</coordinates></Point><Style>
  <Icon>
    <href>http://chart.apis.google.com/chart?chst=d_bubble_icon_text_small&amp;chld=location|bbT|211|FFFFFF|000000</href>
  </Icon>
</Style><description><![CDATA[]]></description><visibility>1</visibility></Placemark><Placemark><name>GC91TKQ</name><Point><coordinates>-122.3851,47.5434,100 
</coordinates></Point><Style>
  <Icon>
    <href>http://chart.apis.google.com/chart?chst=d_bubble_icon_text_small&amp;chld=location|bbT|212|FFFFFF|000000</href>
  </Icon>
</Style><description><![CDATA[]]></description><visibility>1</visibility></Placemark><Placemark><name>GC91TG0</name><Point><coordinates>-122.3871,47.543,100 
</coordinates></Point><Style>
  <Icon>
    <href>http://chart.apis.google.com/chart?chst=d_bubble_icon_text_small&amp;chld=location|bbT|213|FFFFFF|000000</href>
  </Icon>
</Style><description><![CDATA[]]></description><visibility>1</visibility></Placemark><Placemark><name>GC91TGT</name><Point><coordinates>-122.3875,47.5411,100 
</coordinates></Point><Style>
  <Icon>
    <href>http://chart.apis.google.com/chart?chst=d_bubble_icon_text_small&amp;chld=location|bbT|214|FFFFFF|000000</href>
  </Icon>
</Style><description><![CDATA[]]></description><visibility>1</visibility></Placemark><Placemark><name>GC7V99E</name><Point><coordinates>-122.3864,47.545,100 
</coordinates></Point><Style>
  <Icon>
    <href>http://chart.apis.google.com/chart?chst=d_bubble_icon_text_small&amp;chld=location|bbT|215|FFFFFF|000000</href>
  </Icon>
</Style><description><![CDATA[]]></description><visibility>1</visibility></Placemark><Placemark><name>GC93MTX</name><Point><coordinates>-122.3871,47.5465,100 
</coordinates></Point><Style>
  <Icon>
    <href>http://chart.apis.google.com/chart?chst=d_bubble_icon_text_small&amp;chld=location|bbT|216|FFFFFF|000000</href>
  </Icon>
</Style><description><![CDATA[]]></description><visibility>1</visibility></Placemark><Placemark><name>GC91KFG</name><Point><coordinates>-122.3854,47.5507,100 
</coordinates></Point><Style>
  <Icon>
    <href>http://chart.apis.google.com/chart?chst=d_bubble_icon_text_small&amp;chld=location|bbT|217|FFFFFF|000000</href>
  </Icon>
</Style><description><![CDATA[]]></description><visibility>1</visibility></Placemark><Placemark><name>GC9P0J0</name><Point><coordinates>-122.3451,47.7201,100 
</coordinates></Point><Style>
  <Icon>
    <href>http://chart.apis.google.com/chart?chst=d_bubble_icon_text_small&amp;chld=location|bbT|218|FFFFFF|000000</href>
  </Icon>
</Style><description><![CDATA[]]></description><visibility>1</visibility></Placemark><Placemark><name>GC8R6AX</name><Point><coordinates>-119.6971,39.2007,100 
</coordinates></Point><Style>
  <Icon>
    <href>http://chart.apis.google.com/chart?chst=d_bubble_icon_text_small&amp;chld=location|bbT|219|FFFFFF|000000</href>
  </Icon>
</Style><description><![CDATA[]]></description><visibility>1</visibility></Placemark><Placemark><name>GC9N098</name><Point><coordinates>-119.7051,39.205,100 
</coordinates></Point><Style>
  <Icon>
    <href>http://chart.apis.google.com/chart?chst=d_bubble_icon_text_small&amp;chld=location|bbT|220|FFFFFF|000000</href>
  </Icon>
</Style><description><![CDATA[]]></description><visibility>1</visibility></Placemark><Placemark><name>GC8NM1T</name><Point><coordinates>-119.7078,39.2057,100 
</coordinates></Point><Style>
  <Icon>
    <href>http://chart.apis.google.com/chart?chst=d_bubble_icon_text_small&amp;chld=location|bbT|221|FFFFFF|000000</href>
  </Icon>
</Style><description><![CDATA[]]></description><visibility>1</visibility></Placemark><Placemark><name>GC9N76B</name><Point><coordinates>-119.7125,39.2016,100 
</coordinates></Point><Style>
  <Icon>
    <href>http://chart.apis.google.com/chart?chst=d_bubble_icon_text_small&amp;chld=location|bbT|222|FFFFFF|000000</href>
  </Icon>
</Style><description><![CDATA[]]></description><visibility>1</visibility></Placemark><Placemark><name>GC915KG</name><Point><coordinates>-119.7209,39.164,100 
</coordinates></Point><Style>
  <Icon>
    <href>http://chart.apis.google.com/chart?chst=d_bubble_icon_text_small&amp;chld=location|bbT|223|FFFFFF|000000</href>
  </Icon>
</Style><description><![CDATA[]]></description><visibility>1</visibility></Placemark><Placemark><name>GC915KN</name><Point><coordinates>-119.7173,39.1629,100 
</coordinates></Point><Style>
  <Icon>
    <href>http://chart.apis.google.com/chart?chst=d_bubble_icon_text_small&amp;chld=location|bbT|224|FFFFFF|000000</href>
  </Icon>
</Style><description><![CDATA[]]></description><visibility>1</visibility></Placemark><Placemark><name>GC915M0</name><Point><coordinates>-119.7147,39.1617,100 
</coordinates></Point><Style>
  <Icon>
    <href>http://chart.apis.google.com/chart?chst=d_bubble_icon_text_small&amp;chld=location|bbT|225|FFFFFF|000000</href>
  </Icon>
</Style><description><![CDATA[]]></description><visibility>1</visibility></Placemark><Placemark><name>GC915MD</name><Point><coordinates>-119.7169,39.1601,100 
</coordinates></Point><Style>
  <Icon>
    <href>http://chart.apis.google.com/chart?chst=d_bubble_icon_text_small&amp;chld=location|bbT|226|FFFFFF|000000</href>
  </Icon>
</Style><description><![CDATA[]]></description><visibility>1</visibility></Placemark><Placemark><name>GC91DWG</name><Point><coordinates>-119.7171,39.1583,100 
</coordinates></Point><Style>
  <Icon>
    <href>http://chart.apis.google.com/chart?chst=d_bubble_icon_text_small&amp;chld=location|bbT|227|FFFFFF|000000</href>
  </Icon>
</Style><description><![CDATA[]]></description><visibility>1</visibility></Placemark><Placemark><name>GC94WWJ</name><Point><coordinates>-119.7618,39.1624,100 
</coordinates></Point><Style>
  <Icon>
    <href>http://chart.apis.google.com/chart?chst=d_bubble_icon_text_small&amp;chld=location|bbT|228|FFFFFF|000000</href>
  </Icon>
</Style><description><![CDATA[]]></description><visibility>1</visibility></Placemark><Placemark><name>GC9NM0P</name><Point><coordinates>-119.7546,39.1696,100 
</coordinates></Point><Style>
  <Icon>
    <href>http://chart.apis.google.com/chart?chst=d_bubble_icon_text_small&amp;chld=location|bbT|229|FFFFFF|000000</href>
  </Icon>
</Style><description><![CDATA[]]></description><visibility>1</visibility></Placemark><Placemark><name>GC8WMWE</name><Point><coordinates>-119.7534,39.169,100 
</coordinates></Point><Style>
  <Icon>
    <href>http://chart.apis.google.com/chart?chst=d_bubble_icon_text_small&amp;chld=location|bbT|230|FFFFFF|000000</href>
  </Icon>
</Style><description><![CDATA[]]></description><visibility>1</visibility></Placemark><Placemark><name>GCN1DA</name><Point><coordinates>-119.438,38.7501,100 
</coordinates></Point><Style>
  <Icon>
    <href>http://chart.apis.google.com/chart?chst=d_bubble_icon_text_small&amp;chld=location|bbT|231|FFFFFF|000000</href>
  </Icon>
</Style><description><![CDATA[]]></description><visibility>1</visibility></Placemark><Placemark><name>GC5FNF6</name><Point><coordinates>-118.8062,38.9228,100 
</coordinates></Point><Style>
  <Icon>
    <href>http://chart.apis.google.com/chart?chst=d_bubble_icon_text_small&amp;chld=location|bbT|232|FFFFFF|000000</href>
  </Icon>
</Style><description><![CDATA[]]></description><visibility>1</visibility></Placemark><Placemark><name>GC1909W</name><Point><coordinates>-118.6261,38.5289,100 
</coordinates></Point><Style>
  <Icon>
    <href>http://chart.apis.google.com/chart?chst=d_bubble_icon_text_small&amp;chld=location|bbT|233|FFFFFF|000000</href>
  </Icon>
</Style><description><![CDATA[]]></description><visibility>1</visibility></Placemark><Placemark><name>GCP50V</name><Point><coordinates>-118.0975,38.2797,100 
</coordinates></Point><Style>
  <Icon>
    <href>http://chart.apis.google.com/chart?chst=d_bubble_icon_text_small&amp;chld=location|bbT|234|FFFFFF|000000</href>
  </Icon>
</Style><description><![CDATA[]]></description><visibility>1</visibility></Placemark><Placemark><name>GC16TQP</name><Point><coordinates>-117.4494,38.1407,100 
</coordinates></Point><Style>
  <Icon>
    <href>http://chart.apis.google.com/chart?chst=d_bubble_icon_text_small&amp;chld=location|bbT|235|FFFFFF|000000</href>
  </Icon>
</Style><description><![CDATA[]]></description><visibility>1</visibility></Placemark><Placemark><name>GC78NA3</name><Point><coordinates>-117.2439,37.9018,100 
</coordinates></Point><Style>
  <Icon>
    <href>http://chart.apis.google.com/chart?chst=d_bubble_icon_text_small&amp;chld=location|bbT|236|FFFFFF|000000</href>
  </Icon>
</Style><description><![CDATA[]]></description><visibility>1</visibility></Placemark><Placemark><name>GC32H94</name><Point><coordinates>-117.2413,37.7109,100 
</coordinates></Point><Style>
  <Icon>
    <href>http://chart.apis.google.com/chart?chst=d_bubble_icon_text_small&amp;chld=location|bbT|237|FFFFFF|000000</href>
  </Icon>
</Style><description><![CDATA[]]></description><visibility>1</visibility></Placemark><Placemark><name>GCF70E</name><Point><coordinates>-117.2305,37.708,100 
</coordinates></Point><Style>
  <Icon>
    <href>http://chart.apis.google.com/chart?chst=d_bubble_icon_text_small&amp;chld=location|bbT|238|FFFFFF|000000</href>
  </Icon>
</Style><description><![CDATA[]]></description><visibility>1</visibility></Placemark><Placemark><name>GC5HZ5J</name><Point><coordinates>-117.2253,37.6998,100 
</coordinates></Point><Style>
  <Icon>
    <href>http://chart.apis.google.com/chart?chst=d_bubble_icon_text_small&amp;chld=location|bbT|239|FFFFFF|000000</href>
  </Icon>
</Style><description><![CDATA[]]></description><visibility>1</visibility></Placemark><Placemark><name>GC6EN9N</name><Point><coordinates>-117.227,37.7012,100 
</coordinates></Point><Style>
  <Icon>
    <href>http://chart.apis.google.com/chart?chst=d_bubble_icon_text_small&amp;chld=location|bbT|240|FFFFFF|000000</href>
  </Icon>
</Style><description><![CDATA[]]></description><visibility>1</visibility></Placemark><Placemark><name>GC1KYHJ</name><Point><coordinates>-116.8288,36.8953,100 
</coordinates></Point><Style>
  <Icon>
    <href>http://chart.apis.google.com/chart?chst=d_bubble_icon_text_small&amp;chld=location|bbT|241|FFFFFF|000000</href>
  </Icon>
</Style><description><![CDATA[]]></description><visibility>1</visibility></Placemark><Placemark><name>GC8ZFYP</name><Point><coordinates>-116.8312,36.894,100 
</coordinates></Point><Style>
  <Icon>
    <href>http://chart.apis.google.com/chart?chst=d_bubble_icon_text_small&amp;chld=location|bbT|242|FFFFFF|000000</href>
  </Icon>
</Style><description><![CDATA[]]></description><visibility>1</visibility></Placemark><Placemark><name>GC5MY6R</name><Point><coordinates>-116.8298,36.8942,100 
</coordinates></Point><Style>
  <Icon>
    <href>http://chart.apis.google.com/chart?chst=d_bubble_icon_text_small&amp;chld=location|bbT|243|FFFFFF|000000</href>
  </Icon>
</Style><description><![CDATA[]]></description><visibility>1</visibility></Placemark><Placemark><name>GCKQDW</name><Point><coordinates>-116.7545,36.9051,100 
</coordinates></Point><Style>
  <Icon>
    <href>http://chart.apis.google.com/chart?chst=d_bubble_icon_text_small&amp;chld=location|bbT|244|FFFFFF|000000</href>
  </Icon>
</Style><description><![CDATA[]]></description><visibility>1</visibility></Placemark><Placemark><name>GCB0A0</name><Point><coordinates>-116.9919,36.5914,100 
</coordinates></Point><Style>
  <Icon>
    <href>http://chart.apis.google.com/chart?chst=d_bubble_icon_text_small&amp;chld=location|bbT|245|FFFFFF|000000</href>
  </Icon>
</Style><description><![CDATA[]]></description><visibility>1</visibility></Placemark><Placemark><name>GC2VG9H</name><Point><coordinates>-116.9959,36.5921,100 
</coordinates></Point><Style>
  <Icon>
    <href>http://chart.apis.google.com/chart?chst=d_bubble_icon_text_small&amp;chld=location|bbT|246|FFFFFF|000000</href>
  </Icon>
</Style><description><![CDATA[]]></description><visibility>1</visibility></Placemark><Placemark><name>GC1RBAD</name><Point><coordinates>-116.8731,36.4802,100 
</coordinates></Point><Style>
  <Icon>
    <href>http://chart.apis.google.com/chart?chst=d_bubble_icon_text_small&amp;chld=location|bbT|247|FFFFFF|000000</href>
  </Icon>
</Style><description><![CDATA[]]></description><visibility>1</visibility></Placemark><Placemark><name>GC94P3G</name><Point><coordinates>-116.8518,36.3824,100 
</coordinates></Point><Style>
  <Icon>
    <href>http://chart.apis.google.com/chart?chst=d_bubble_icon_text_small&amp;chld=location|bbT|248|FFFFFF|000000</href>
  </Icon>
</Style><description><![CDATA[]]></description><visibility>1</visibility></Placemark><Placemark><name>GC1N0X1</name><Point><coordinates>-116.8262,36.2863,100 
</coordinates></Point><Style>
  <Icon>
    <href>http://chart.apis.google.com/chart?chst=d_bubble_icon_text_small&amp;chld=location|bbT|249|FFFFFF|000000</href>
  </Icon>
</Style><description><![CDATA[]]></description><visibility>1</visibility></Placemark><Placemark><name>GCH657</name><Point><coordinates>-116.7672,36.2302,100 
</coordinates></Point><Style>
  <Icon>
    <href>http://chart.apis.google.com/chart?chst=d_bubble_icon_text_small&amp;chld=location|bbT|250|FFFFFF|000000</href>
  </Icon>
</Style><description><![CDATA[]]></description><visibility>1</visibility></Placemark><Placemark><name>GC7DG2R</name><Point><coordinates>-116.7671,36.2307,100 
</coordinates></Point><Style>
  <Icon>
    <href>http://chart.apis.google.com/chart?chst=d_bubble_icon_text_small&amp;chld=location|bbT|251|FFFFFF|000000</href>
  </Icon>
</Style><description><![CDATA[]]></description><visibility>1</visibility></Placemark><Placemark><name>GC23DG2</name><Point><coordinates>-116.7655,36.2853,100 
</coordinates></Point><Style>
  <Icon>
    <href>http://chart.apis.google.com/chart?chst=d_bubble_icon_text_small&amp;chld=location|bbT|252|FFFFFF|000000</href>
  </Icon>
</Style><description><![CDATA[]]></description><visibility>1</visibility></Placemark><Placemark><name>GC2V3C5</name><Point><coordinates>-116.8317,36.3293,100 
</coordinates></Point><Style>
  <Icon>
    <href>http://chart.apis.google.com/chart?chst=d_bubble_icon_text_small&amp;chld=location|bbT|253|FFFFFF|000000</href>
  </Icon>
</Style><description><![CDATA[]]></description><visibility>1</visibility></Placemark><Placemark><name>GC2W5ZY</name><Point><coordinates>-116.8022,36.3639,100 
</coordinates></Point><Style>
  <Icon>
    <href>http://chart.apis.google.com/chart?chst=d_bubble_icon_text_small&amp;chld=location|bbT|254|FFFFFF|000000</href>
  </Icon>
</Style><description><![CDATA[]]></description><visibility>1</visibility></Placemark><Placemark><name>GCECCB</name><Point><coordinates>-116.8634,36.4573,100 
</coordinates></Point><Style>
  <Icon>
    <href>http://chart.apis.google.com/chart?chst=d_bubble_icon_text_small&amp;chld=location|bbT|255|FFFFFF|000000</href>
  </Icon>
</Style><description><![CDATA[]]></description><visibility>1</visibility></Placemark><Placemark><name>GCF6F8</name><Point><coordinates>-116.8675,36.457,100 
</coordinates></Point><Style>
  <Icon>
    <href>http://chart.apis.google.com/chart?chst=d_bubble_icon_text_small&amp;chld=location|bbT|256|FFFFFF|000000</href>
  </Icon>
</Style><description><![CDATA[]]></description><visibility>1</visibility></Placemark><Placemark><name>GC2PNMA</name><Point><coordinates>-116.8122,36.4201,100 
</coordinates></Point><Style>
  <Icon>
    <href>http://chart.apis.google.com/chart?chst=d_bubble_icon_text_small&amp;chld=location|bbT|257|FFFFFF|000000</href>
  </Icon>
</Style><description><![CDATA[]]></description><visibility>1</visibility></Placemark><Placemark><name>GC2V37P</name><Point><coordinates>-116.9466,36.6145,100 
</coordinates></Point><Style>
  <Icon>
    <href>http://chart.apis.google.com/chart?chst=d_bubble_icon_text_small&amp;chld=location|bbT|258|FFFFFF|000000</href>
  </Icon>
</Style><description><![CDATA[]]></description><visibility>1</visibility></Placemark><Placemark><name>GC92KJ1</name><Point><coordinates>-116.7874,36.9025,100 
</coordinates></Point><Style>
  <Icon>
    <href>http://chart.apis.google.com/chart?chst=d_bubble_icon_text_small&amp;chld=location|bbT|259|FFFFFF|000000</href>
  </Icon>
</Style><description><![CDATA[]]></description><visibility>1</visibility></Placemark><Placemark><name>GC8FEE9</name><Point><coordinates>-116.7733,36.9028,100 
</coordinates></Point><Style>
  <Icon>
    <href>http://chart.apis.google.com/chart?chst=d_bubble_icon_text_small&amp;chld=location|bbT|260|FFFFFF|000000</href>
  </Icon>
</Style><description><![CDATA[]]></description><visibility>1</visibility></Placemark><Placemark><name>GC48TZR</name><Point><coordinates>-116.7546,36.9143,100 
</coordinates></Point><Style>
  <Icon>
    <href>http://chart.apis.google.com/chart?chst=d_bubble_icon_text_small&amp;chld=location|bbT|261|FFFFFF|000000</href>
  </Icon>
</Style><description><![CDATA[]]></description><visibility>1</visibility></Placemark><Placemark><name>GC2XBZD</name><Point><coordinates>-116.757,36.9108,100 
</coordinates></Point><Style>
  <Icon>
    <href>http://chart.apis.google.com/chart?chst=d_bubble_icon_text_small&amp;chld=location|bbT|262|FFFFFF|000000</href>
  </Icon>
</Style><description><![CDATA[]]></description><visibility>1</visibility></Placemark><Placemark><name>GC6DGBY</name><Point><coordinates>-116.76,36.9096,100 
</coordinates></Point><Style>
  <Icon>
    <href>http://chart.apis.google.com/chart?chst=d_bubble_icon_text_small&amp;chld=location|bbT|263|FFFFFF|000000</href>
  </Icon>
</Style><description><![CDATA[]]></description><visibility>1</visibility></Placemark><Placemark><name>GC7ED47</name><Point><coordinates>-117.0717,36.6167,100 
</coordinates></Point><Style>
  <Icon>
    <href>http://chart.apis.google.com/chart?chst=d_bubble_icon_text_small&amp;chld=location|bbT|264|FFFFFF|000000</href>
  </Icon>
</Style><description><![CDATA[]]></description><visibility>1</visibility></Placemark><Placemark><name>GC2VGA8</name><Point><coordinates>-117.1181,36.6123,100 
</coordinates></Point><Style>
  <Icon>
    <href>http://chart.apis.google.com/chart?chst=d_bubble_icon_text_small&amp;chld=location|bbT|265|FFFFFF|000000</href>
  </Icon>
</Style><description><![CDATA[]]></description><visibility>1</visibility></Placemark><Placemark><name>GC2MDJJ</name><Point><coordinates>-117.1166,36.6169,100 
</coordinates></Point><Style>
  <Icon>
    <href>http://chart.apis.google.com/chart?chst=d_bubble_icon_text_small&amp;chld=location|bbT|266|FFFFFF|000000</href>
  </Icon>
</Style><description><![CDATA[]]></description><visibility>1</visibility></Placemark><Placemark><name>GC1Z2R1</name><Point><coordinates>-117.5499,36.3515,100 
</coordinates></Point><Style>
  <Icon>
    <href>http://chart.apis.google.com/chart?chst=d_bubble_icon_text_small&amp;chld=location|bbT|267|FFFFFF|000000</href>
  </Icon>
</Style><description><![CDATA[]]></description><visibility>1</visibility></Placemark><Placemark><name>GCJ7FQ</name><Point><coordinates>-117.9049,36.5246,100 
</coordinates></Point><Style>
  <Icon>
    <href>http://chart.apis.google.com/chart?chst=d_bubble_icon_text_small&amp;chld=location|bbT|268|FFFFFF|000000</href>
  </Icon>
</Style><description><![CDATA[]]></description><visibility>1</visibility></Placemark><Placemark><name>GC15CKW</name><Point><coordinates>-118.0538,36.5798,100 
</coordinates></Point><Style>
  <Icon>
    <href>http://chart.apis.google.com/chart?chst=d_bubble_icon_text_small&amp;chld=location|bbT|269|FFFFFF|000000</href>
  </Icon>
</Style><description><![CDATA[]]></description><visibility>1</visibility></Placemark><Placemark><name>GC8QP81</name><Point><coordinates>-118.1244,36.6117,100 
</coordinates></Point><Style>
  <Icon>
    <href>http://chart.apis.google.com/chart?chst=d_bubble_icon_text_small&amp;chld=location|bbT|270|FFFFFF|000000</href>
  </Icon>
</Style><description><![CDATA[]]></description><visibility>1</visibility></Placemark><Placemark><name>GC1F4C4</name><Point><coordinates>-118.1256,36.6138,100 
</coordinates></Point><Style>
  <Icon>
    <href>http://chart.apis.google.com/chart?chst=d_bubble_icon_text_small&amp;chld=location|bbT|271|FFFFFF|000000</href>
  </Icon>
</Style><description><![CDATA[]]></description><visibility>1</visibility></Placemark><Placemark><name>GC2ZA4K</name><Point><coordinates>-118.1255,36.6137,100 
</coordinates></Point><Style>
  <Icon>
    <href>http://chart.apis.google.com/chart?chst=d_bubble_icon_text_small&amp;chld=location|bbT|272|FFFFFF|000000</href>
  </Icon>
</Style><description><![CDATA[]]></description><visibility>1</visibility></Placemark><Placemark><name>GCF6F7</name><Point><coordinates>-118.2006,36.8062,100 
</coordinates></Point><Style>
  <Icon>
    <href>http://chart.apis.google.com/chart?chst=d_bubble_icon_text_small&amp;chld=location|bbT|273|FFFFFF|000000</href>
  </Icon>
</Style><description><![CDATA[]]></description><visibility>1</visibility></Placemark><Placemark><name>GC5VAZK</name><Point><coordinates>-118.751,37.576,100 
</coordinates></Point><Style>
  <Icon>
    <href>http://chart.apis.google.com/chart?chst=d_bubble_icon_text_small&amp;chld=location|bbT|274|FFFFFF|000000</href>
  </Icon>
</Style><description><![CDATA[]]></description><visibility>1</visibility></Placemark><Placemark><name>GC1G37M</name><Point><coordinates>-122.3381,47.6882,100 
</coordinates></Point><Style>
  <Icon>
    <href>http://chart.apis.google.com/chart?chst=d_bubble_icon_text_small&amp;chld=location|bbT|275|FFFFFF|000000</href>
  </Icon>
</Style><description><![CDATA[]]></description><visibility>1</visibility></Placemark><Placemark><name>GC9K7FR</name><Point><coordinates>-122.3926,47.5836,100 
</coordinates></Point><Style>
  <Icon>
    <href>http://chart.apis.google.com/chart?chst=d_bubble_icon_text_small&amp;chld=location|bbT|276|FFFFFF|000000</href>
  </Icon>
</Style><description><![CDATA[]]></description><visibility>1</visibility></Placemark><Placemark><name>GC7XACG</name><Point><coordinates>-122.3952,47.5834,100 
</coordinates></Point><Style>
  <Icon>
    <href>http://chart.apis.google.com/chart?chst=d_bubble_icon_text_small&amp;chld=location|bbT|277|FFFFFF|000000</href>
  </Icon>
</Style><description><![CDATA[]]></description><visibility>1</visibility></Placemark><Placemark><name>GC4685J</name><Point><coordinates>-122.4001,47.5831,100 
</coordinates></Point><Style>
  <Icon>
    <href>http://chart.apis.google.com/chart?chst=d_bubble_icon_text_small&amp;chld=location|bbT|278|FFFFFF|000000</href>
  </Icon>
</Style><description><![CDATA[]]></description><visibility>1</visibility></Placemark><Placemark><name>GC8PNH6</name><Point><coordinates>-122.2886,47.5806,100 
</coordinates></Point><Style>
  <Icon>
    <href>http://chart.apis.google.com/chart?chst=d_bubble_icon_text_small&amp;chld=location|bbT|279|FFFFFF|000000</href>
  </Icon>
</Style><description><![CDATA[]]></description><visibility>1</visibility></Placemark><Placemark><name>GC9MT2B</name><Point><coordinates>-122.2885,47.5834,100 
</coordinates></Point><Style>
  <Icon>
    <href>http://chart.apis.google.com/chart?chst=d_bubble_icon_text_small&amp;chld=location|bbT|280|FFFFFF|000000</href>
  </Icon>
</Style><description><![CDATA[]]></description><visibility>1</visibility></Placemark><Placemark><name>GC9PQ2F</name><Point><coordinates>-122.2845,47.5818,100 
</coordinates></Point><Style>
  <Icon>
    <href>http://chart.apis.google.com/chart?chst=d_bubble_icon_text_small&amp;chld=location|bbT|281|FFFFFF|000000</href>
  </Icon>
</Style><description><![CDATA[]]></description><visibility>1</visibility></Placemark><Placemark><name>GC949B</name><Point><coordinates>-121.6854,47.4377,100 
</coordinates></Point><Style>
  <Icon>
    <href>http://chart.apis.google.com/chart?chst=d_bubble_icon_text_small&amp;chld=location|bbT|282|FFFFFF|000000</href>
  </Icon>
</Style><description><![CDATA[]]></description><visibility>1</visibility></Placemark><Placemark><name>GC19959</name><Point><coordinates>-122.3661,47.6674,100 
</coordinates></Point><Style>
  <Icon>
    <href>http://chart.apis.google.com/chart?chst=d_bubble_icon_text_small&amp;chld=location|bbT|283|FFFFFF|000000</href>
  </Icon>
</Style><description><![CDATA[]]></description><visibility>1</visibility></Placemark><Placemark><name>GC9NE2C</name><Point><coordinates>-122.3078,47.6518,100 
</coordinates></Point><Style>
  <Icon>
    <href>http://chart.apis.google.com/chart?chst=d_bubble_icon_text_small&amp;chld=location|bbT|284|FFFFFF|000000</href>
  </Icon>
</Style><description><![CDATA[]]></description><visibility>1</visibility></Placemark><Placemark><name>GC7DQAW</name><Point><coordinates>-122.3758,47.5611,100 
</coordinates></Point><Style>
  <Icon>
    <href>http://chart.apis.google.com/chart?chst=d_bubble_icon_text_small&amp;chld=location|bbT|285|FFFFFF|000000</href>
  </Icon>
</Style><description><![CDATA[]]></description><visibility>1</visibility></Placemark><Placemark><name>GC10JJH</name><Point><coordinates>-122.3753,47.5557,100 
</coordinates></Point><Style>
  <Icon>
    <href>http://chart.apis.google.com/chart?chst=d_bubble_icon_text_small&amp;chld=location|bbT|286|FFFFFF|000000</href>
  </Icon>
</Style><description><![CDATA[]]></description><visibility>1</visibility></Placemark><Placemark><name>GC23Y6K</name><Point><coordinates>-122.3735,47.5583,100 
</coordinates></Point><Style>
  <Icon>
    <href>http://chart.apis.google.com/chart?chst=d_bubble_icon_text_small&amp;chld=location|bbT|287|FFFFFF|000000</href>
  </Icon>
</Style><description><![CDATA[]]></description><visibility>1</visibility></Placemark><Placemark><name>GC77TDR</name><Point><coordinates>-122.3701,47.5565,100 
</coordinates></Point><Style>
  <Icon>
    <href>http://chart.apis.google.com/chart?chst=d_bubble_icon_text_small&amp;chld=location|bbT|288|FFFFFF|000000</href>
  </Icon>
</Style><description><![CDATA[]]></description><visibility>1</visibility></Placemark><Placemark><name>GC6M6VM</name><Point><coordinates>-122.3346,47.6369,100 
</coordinates></Point><Style>
  <Icon>
    <href>http://chart.apis.google.com/chart?chst=d_bubble_icon_text_small&amp;chld=location|bbT|289|FFFFFF|000000</href>
  </Icon>
</Style><description><![CDATA[]]></description><visibility>1</visibility></Placemark><Placemark><name>GC8Y6QC</name><Point><coordinates>-121.6722,47.4673,100 
</coordinates></Point><Style>
  <Icon>
    <href>http://chart.apis.google.com/chart?chst=d_bubble_icon_text_small&amp;chld=location|bbT|290|FFFFFF|000000</href>
  </Icon>
</Style><description><![CDATA[]]></description><visibility>1</visibility></Placemark><Placemark><name>GC3KZ5A</name><Point><coordinates>-121.6595,47.4624,100 
</coordinates></Point><Style>
  <Icon>
    <href>http://chart.apis.google.com/chart?chst=d_bubble_icon_text_small&amp;chld=location|bbT|291|FFFFFF|000000</href>
  </Icon>
</Style><description><![CDATA[]]></description><visibility>1</visibility></Placemark><Placemark><name>GC16ZRV</name><Point><coordinates>-121.657,47.4613,100 
</coordinates></Point><Style>
  <Icon>
    <href>http://chart.apis.google.com/chart?chst=d_bubble_icon_text_small&amp;chld=location|bbT|292|FFFFFF|000000</href>
  </Icon>
</Style><description><![CDATA[]]></description><visibility>1</visibility></Placemark><Placemark><name>GC3KZ5B</name><Point><coordinates>-121.6467,47.4627,100 
</coordinates></Point><Style>
  <Icon>
    <href>http://chart.apis.google.com/chart?chst=d_bubble_icon_text_small&amp;chld=location|bbT|293|FFFFFF|000000</href>
  </Icon>
</Style><description><![CDATA[]]></description><visibility>1</visibility></Placemark><Placemark><name>GC4M6PK</name><Point><coordinates>-121.6392,47.463,100 
</coordinates></Point><Style>
  <Icon>
    <href>http://chart.apis.google.com/chart?chst=d_bubble_icon_text_small&amp;chld=location|bbT|294|FFFFFF|000000</href>
  </Icon>
</Style><description><![CDATA[]]></description><visibility>1</visibility></Placemark><Placemark><name>GC8NVH2</name><Point><coordinates>-122.1808,47.6619,100 
</coordinates></Point><Style>
  <Icon>
    <href>http://chart.apis.google.com/chart?chst=d_bubble_icon_text_small&amp;chld=location|bbT|295|FFFFFF|000000</href>
  </Icon>
</Style><description><![CDATA[]]></description><visibility>1</visibility></Placemark><Placemark><name>GC2F6Q5</name><Point><coordinates>-122.1617,47.6655,100 
</coordinates></Point><Style>
  <Icon>
    <href>http://chart.apis.google.com/chart?chst=d_bubble_icon_text_small&amp;chld=location|bbT|296|FFFFFF|000000</href>
  </Icon>
</Style><description><![CDATA[]]></description><visibility>1</visibility></Placemark><Placemark><name>GC5N0WE</name><Point><coordinates>-122.3057,47.7146,100 
</coordinates></Point><Style>
  <Icon>
    <href>http://chart.apis.google.com/chart?chst=d_bubble_icon_text_small&amp;chld=location|bbT|297|FFFFFF|000000</href>
  </Icon>
</Style><description><![CDATA[]]></description><visibility>1</visibility></Placemark><Placemark><name>GC5WJKP</name><Point><coordinates>-122.314,47.7164,100 
</coordinates></Point><Style>
  <Icon>
    <href>http://chart.apis.google.com/chart?chst=d_bubble_icon_text_small&amp;chld=location|bbT|298|FFFFFF|000000</href>
  </Icon>
</Style><description><![CDATA[]]></description><visibility>1</visibility></Placemark><Placemark><name>GC95WHK</name><Point><coordinates>-122.2932,47.702,100 
</coordinates></Point><Style>
  <Icon>
    <href>http://chart.apis.google.com/chart?chst=d_bubble_icon_text_small&amp;chld=location|bbT|299|FFFFFF|000000</href>
  </Icon>
</Style><description><![CDATA[]]></description><visibility>1</visibility></Placemark><Placemark><name>GC1HXV1</name><Point><coordinates>-122.379,47.6743,100 
</coordinates></Point><Style>
  <Icon>
    <href>http://chart.apis.google.com/chart?chst=d_bubble_icon_text_small&amp;chld=location|bbT|300|FFFFFF|000000</href>
  </Icon>
</Style><description><![CDATA[]]></description><visibility>1</visibility></Placemark><Placemark><name>GC8RZRD</name><Point><coordinates>-122.3837,47.685,100 
</coordinates></Point><Style>
  <Icon>
    <href>http://chart.apis.google.com/chart?chst=d_bubble_icon_text_small&amp;chld=location|bbT|301|FFFFFF|000000</href>
  </Icon>
</Style><description><![CDATA[]]></description><visibility>1</visibility></Placemark><Placemark><name>GC9P3RT</name><Point><coordinates>-122.3442,47.6495,100 
</coordinates></Point><Style>
  <Icon>
    <href>http://chart.apis.google.com/chart?chst=d_bubble_icon_text_small&amp;chld=location|bbT|302|FFFFFF|000000</href>
  </Icon>
</Style><description><![CDATA[]]></description><visibility>1</visibility></Placemark><Placemark><name>GC93DTB</name><Point><coordinates>-122.0916,47.5365,100 
</coordinates></Point><Style>
  <Icon>
    <href>http://chart.apis.google.com/chart?chst=d_bubble_icon_text_small&amp;chld=location|bbT|303|FFFFFF|000000</href>
  </Icon>
</Style><description><![CDATA[]]></description><visibility>1</visibility></Placemark><Placemark><name>GC8JXW3</name><Point><coordinates>-122.0884,47.5378,100 
</coordinates></Point><Style>
  <Icon>
    <href>http://chart.apis.google.com/chart?chst=d_bubble_icon_text_small&amp;chld=location|bbT|304|FFFFFF|000000</href>
  </Icon>
</Style><description><![CDATA[]]></description><visibility>1</visibility></Placemark><Placemark><name>GC7A2W3</name><Point><coordinates>-122.3483,47.6816,100 
</coordinates></Point><Style>
  <Icon>
    <href>http://chart.apis.google.com/chart?chst=d_bubble_icon_text_small&amp;chld=location|bbT|305|FFFFFF|000000</href>
  </Icon>
</Style><description><![CDATA[]]></description><visibility>1</visibility></Placemark><Placemark><name>GC963KP</name><Point><coordinates>-122.3452,47.6569,100 
</coordinates></Point><Style>
  <Icon>
    <href>http://chart.apis.google.com/chart?chst=d_bubble_icon_text_small&amp;chld=location|bbT|306|FFFFFF|000000</href>
  </Icon>
</Style><description><![CDATA[]]></description><visibility>1</visibility></Placemark><Placemark><name>GC9Q35C</name><Point><coordinates>-122.3566,47.6912,100 
</coordinates></Point><Style>
  <Icon>
    <href>http://chart.apis.google.com/chart?chst=d_bubble_icon_text_small&amp;chld=location|bbT|307|FFFFFF|000000</href>
  </Icon>
</Style><description><![CDATA[]]></description><visibility>1</visibility></Placemark><Placemark><name>GC9DKJW</name><Point><coordinates>-122.3329,47.6827,100 
</coordinates></Point><Style>
  <Icon>
    <href>http://chart.apis.google.com/chart?chst=d_bubble_icon_text_small&amp;chld=location|bbT|308|FFFFFF|000000</href>
  </Icon>
</Style><description><![CDATA[]]></description><visibility>1</visibility></Placemark><Placemark><name>GC6N88X</name><Point><coordinates>-122.3653,47.69,100 
</coordinates></Point><Style>
  <Icon>
    <href>http://chart.apis.google.com/chart?chst=d_bubble_icon_text_small&amp;chld=location|bbT|309|FFFFFF|000000</href>
  </Icon>
</Style><description><![CDATA[]]></description><visibility>1</visibility></Placemark><Placemark><name>GC8YQHK</name><Point><coordinates>-122.3562,47.6614,100 
</coordinates></Point><Style>
  <Icon>
    <href>http://chart.apis.google.com/chart?chst=d_bubble_icon_text_small&amp;chld=location|bbT|310|FFFFFF|000000</href>
  </Icon>
</Style><description><![CDATA[]]></description><visibility>1</visibility></Placemark><Placemark><name>GC90M5D</name><Point><coordinates>-122.3352,47.717,100 
</coordinates></Point><Style>
  <Icon>
    <href>http://chart.apis.google.com/chart?chst=d_bubble_icon_text_small&amp;chld=location|bbT|311|FFFFFF|000000</href>
  </Icon>
</Style><description><![CDATA[]]></description><visibility>1</visibility></Placemark><Placemark><name>GC8BHYP</name><Point><coordinates>-122.3514,47.6169,100 
</coordinates></Point><Style>
  <Icon>
    <href>http://chart.apis.google.com/chart?chst=d_bubble_icon_text_small&amp;chld=location|bbT|312|FFFFFF|000000</href>
  </Icon>
</Style><description><![CDATA[]]></description><visibility>1</visibility></Placemark><Placemark><name>GC9RADK</name><Point><coordinates>-122.35,47.6738,100 
</coordinates></Point><Style>
  <Icon>
    <href>http://chart.apis.google.com/chart?chst=d_bubble_icon_text_small&amp;chld=location|bbT|313|FFFFFF|000000</href>
  </Icon>
</Style><description><![CDATA[]]></description><visibility>1</visibility></Placemark><Placemark><name>GC13789</name><Point><coordinates>-96.7995,32.7869,100 
</coordinates></Point><Style>
  <Icon>
    <href>http://chart.apis.google.com/chart?chst=d_bubble_icon_text_small&amp;chld=location|bbT|314|FFFFFF|000000</href>
  </Icon>
</Style><description><![CDATA[]]></description><visibility>1</visibility></Placemark><Placemark><name>GC7WGZB</name><Point><coordinates>-96.762,32.8116,100 
</coordinates></Point><Style>
  <Icon>
    <href>http://chart.apis.google.com/chart?chst=d_bubble_icon_text_small&amp;chld=location|bbT|315|FFFFFF|000000</href>
  </Icon>
</Style><description><![CDATA[]]></description><visibility>1</visibility></Placemark><Placemark><name>GC8GAQJ</name><Point><coordinates>-96.768,32.8167,100 
</coordinates></Point><Style>
  <Icon>
    <href>http://chart.apis.google.com/chart?chst=d_bubble_icon_text_small&amp;chld=location|bbT|316|FFFFFF|000000</href>
  </Icon>
</Style><description><![CDATA[]]></description><visibility>1</visibility></Placemark><Placemark><name>GC8DCTW</name><Point><coordinates>-96.7609,32.8073,100 
</coordinates></Point><Style>
  <Icon>
    <href>http://chart.apis.google.com/chart?chst=d_bubble_icon_text_small&amp;chld=location|bbT|317|FFFFFF|000000</href>
  </Icon>
</Style><description><![CDATA[]]></description><visibility>1</visibility></Placemark><Placemark><name>GC8YT48</name><Point><coordinates>-96.7858,32.8402,100 
</coordinates></Point><Style>
  <Icon>
    <href>http://chart.apis.google.com/chart?chst=d_bubble_icon_text_small&amp;chld=location|bbT|318|FFFFFF|000000</href>
  </Icon>
</Style><description><![CDATA[]]></description><visibility>1</visibility></Placemark><Placemark><name>GC9JQFW</name><Point><coordinates>-96.802,32.8314,100 
</coordinates></Point><Style>
  <Icon>
    <href>http://chart.apis.google.com/chart?chst=d_bubble_icon_text_small&amp;chld=location|bbT|319|FFFFFF|000000</href>
  </Icon>
</Style><description><![CDATA[]]></description><visibility>1</visibility></Placemark><Placemark><name>GC66TBJ</name><Point><coordinates>-96.3207,32.7162,100 
</coordinates></Point><Style>
  <Icon>
    <href>http://chart.apis.google.com/chart?chst=d_bubble_icon_text_small&amp;chld=location|bbT|320|FFFFFF|000000</href>
  </Icon>
</Style><description><![CDATA[]]></description><visibility>1</visibility></Placemark><Placemark><name>GC9KVJX</name><Point><coordinates>-96.7848,32.8448,100 
</coordinates></Point><Style>
  <Icon>
    <href>http://chart.apis.google.com/chart?chst=d_bubble_icon_text_small&amp;chld=location|bbT|321|FFFFFF|000000</href>
  </Icon>
</Style><description><![CDATA[]]></description><visibility>1</visibility></Placemark><Placemark><name>GC91E8B</name><Point><coordinates>-96.7677,32.8525,100 
</coordinates></Point><Style>
  <Icon>
    <href>http://chart.apis.google.com/chart?chst=d_bubble_icon_text_small&amp;chld=location|bbT|322|FFFFFF|000000</href>
  </Icon>
</Style><description><![CDATA[]]></description><visibility>1</visibility></Placemark><Placemark><name>GC85PQG</name><Point><coordinates>-96.6888,32.7645,100 
</coordinates></Point><Style>
  <Icon>
    <href>http://chart.apis.google.com/chart?chst=d_bubble_icon_text_small&amp;chld=location|bbT|323|FFFFFF|000000</href>
  </Icon>
</Style><description><![CDATA[]]></description><visibility>1</visibility></Placemark><Placemark><name>GC87J16</name><Point><coordinates>-96.7861,32.7486,100 
</coordinates></Point><Style>
  <Icon>
    <href>http://chart.apis.google.com/chart?chst=d_bubble_icon_text_small&amp;chld=location|bbT|324|FFFFFF|000000</href>
  </Icon>
</Style><description><![CDATA[]]></description><visibility>1</visibility></Placemark><Placemark><name>GC87K1B</name><Point><coordinates>-96.7985,32.7558,100 
</coordinates></Point><Style>
  <Icon>
    <href>http://chart.apis.google.com/chart?chst=d_bubble_icon_text_small&amp;chld=location|bbT|325|FFFFFF|000000</href>
  </Icon>
</Style><description><![CDATA[]]></description><visibility>1</visibility></Placemark><Placemark><name>GC87JQN</name><Point><coordinates>-96.7965,32.755,100 
</coordinates></Point><Style>
  <Icon>
    <href>http://chart.apis.google.com/chart?chst=d_bubble_icon_text_small&amp;chld=location|bbT|326|FFFFFF|000000</href>
  </Icon>
</Style><description><![CDATA[]]></description><visibility>1</visibility></Placemark><Placemark><name>GC87JQ3</name><Point><coordinates>-96.7946,32.7546,100 
</coordinates></Point><Style>
  <Icon>
    <href>http://chart.apis.google.com/chart?chst=d_bubble_icon_text_small&amp;chld=location|bbT|327|FFFFFF|000000</href>
  </Icon>
</Style><description><![CDATA[]]></description><visibility>1</visibility></Placemark><Placemark><name>GC87JP7</name><Point><coordinates>-96.7928,32.7534,100 
</coordinates></Point><Style>
  <Icon>
    <href>http://chart.apis.google.com/chart?chst=d_bubble_icon_text_small&amp;chld=location|bbT|328|FFFFFF|000000</href>
  </Icon>
</Style><description><![CDATA[]]></description><visibility>1</visibility></Placemark><Placemark><name>GC87K2C</name><Point><coordinates>-96.8027,32.7571,100 
</coordinates></Point><Style>
  <Icon>
    <href>http://chart.apis.google.com/chart?chst=d_bubble_icon_text_small&amp;chld=location|bbT|329|FFFFFF|000000</href>
  </Icon>
</Style><description><![CDATA[]]></description><visibility>1</visibility></Placemark><Placemark><name>GC87J32</name><Point><coordinates>-96.8005,32.7564,100 
</coordinates></Point><Style>
  <Icon>
    <href>http://chart.apis.google.com/chart?chst=d_bubble_icon_text_small&amp;chld=location|bbT|330|FFFFFF|000000</href>
  </Icon>
</Style><description><![CDATA[]]></description><visibility>1</visibility></Placemark><Placemark><name>GC87H5K</name><Point><coordinates>-96.8097,32.7581,100 
</coordinates></Point><Style>
  <Icon>
    <href>http://chart.apis.google.com/chart?chst=d_bubble_icon_text_small&amp;chld=location|bbT|331|FFFFFF|000000</href>
  </Icon>
</Style><description><![CDATA[]]></description><visibility>1</visibility></Placemark><Placemark><name>GC9MP3J</name><Point><coordinates>-96.7517,32.836,100 
</coordinates></Point><Style>
  <Icon>
    <href>http://chart.apis.google.com/chart?chst=d_bubble_icon_text_small&amp;chld=location|bbT|332|FFFFFF|000000</href>
  </Icon>
</Style><description><![CDATA[]]></description><visibility>1</visibility></Placemark><Placemark><name>GC8XD4A</name><Point><coordinates>-96.7614,32.8247,100 
</coordinates></Point><Style>
  <Icon>
    <href>http://chart.apis.google.com/chart?chst=d_bubble_icon_text_small&amp;chld=location|bbT|333|FFFFFF|000000</href>
  </Icon>
</Style><description><![CDATA[]]></description><visibility>1</visibility></Placemark><Placemark><name>GC9MW4V</name><Point><coordinates>-96.7556,32.825,100 
</coordinates></Point><Style>
  <Icon>
    <href>http://chart.apis.google.com/chart?chst=d_bubble_icon_text_small&amp;chld=location|bbT|334|FFFFFF|000000</href>
  </Icon>
</Style><description><![CDATA[]]></description><visibility>1</visibility></Placemark><Placemark><name>GC56MK0</name><Point><coordinates>-96.7834,32.7941,100 
</coordinates></Point><Style>
  <Icon>
    <href>http://chart.apis.google.com/chart?chst=d_bubble_icon_text_small&amp;chld=location|bbT|335|FFFFFF|000000</href>
  </Icon>
</Style><description><![CDATA[]]></description><visibility>1</visibility></Placemark><Placemark><name>GC8GHMH</name><Point><coordinates>-96.7871,32.7923,100 
</coordinates></Point><Style>
  <Icon>
    <href>http://chart.apis.google.com/chart?chst=d_bubble_icon_text_small&amp;chld=location|bbT|336|FFFFFF|000000</href>
  </Icon>
</Style><description><![CDATA[]]></description><visibility>1</visibility></Placemark><Placemark><name>GC9CGZR</name><Point><coordinates>-96.7862,32.7945,100 
</coordinates></Point><Style>
  <Icon>
    <href>http://chart.apis.google.com/chart?chst=d_bubble_icon_text_small&amp;chld=location|bbT|337|FFFFFF|000000</href>
  </Icon>
</Style><description><![CDATA[]]></description><visibility>1</visibility></Placemark><Placemark><name>GC9JPTA</name><Point><coordinates>-122.3856,47.6314,100 
</coordinates></Point><Style>
  <Icon>
    <href>http://chart.apis.google.com/chart?chst=d_bubble_icon_text_small&amp;chld=location|bbT|338|FFFFFF|000000</href>
  </Icon>
</Style><description><![CDATA[]]></description><visibility>1</visibility></Placemark><Placemark><name>GCHC1J</name><Point><coordinates>-122.3864,47.632,100 
</coordinates></Point><Style>
  <Icon>
    <href>http://chart.apis.google.com/chart?chst=d_bubble_icon_text_small&amp;chld=location|bbT|339|FFFFFF|000000</href>
  </Icon>
</Style><description><![CDATA[]]></description><visibility>1</visibility></Placemark><Placemark><name>GC9CM7W</name><Point><coordinates>-122.3954,47.6321,100 
</coordinates></Point><Style>
  <Icon>
    <href>http://chart.apis.google.com/chart?chst=d_bubble_icon_text_small&amp;chld=location|bbT|340|FFFFFF|000000</href>
  </Icon>
</Style><description><![CDATA[]]></description><visibility>1</visibility></Placemark><Placemark><name>GC9CX3E</name><Point><coordinates>-122.3896,47.6356,100 
</coordinates></Point><Style>
  <Icon>
    <href>http://chart.apis.google.com/chart?chst=d_bubble_icon_text_small&amp;chld=location|bbT|341|FFFFFF|000000</href>
  </Icon>
</Style><description><![CDATA[]]></description><visibility>1</visibility></Placemark><Placemark><name>GC9MFH1</name><Point><coordinates>-122.3825,47.6459,100 
</coordinates></Point><Style>
  <Icon>
    <href>http://chart.apis.google.com/chart?chst=d_bubble_icon_text_small&amp;chld=location|bbT|342|FFFFFF|000000</href>
  </Icon>
</Style><description><![CDATA[]]></description><visibility>1</visibility></Placemark><Placemark><name>GC13AG7</name><Point><coordinates>-122.3332,47.6504,100 
</coordinates></Point><Style>
  <Icon>
    <href>http://chart.apis.google.com/chart?chst=d_bubble_icon_text_small&amp;chld=location|bbT|343|FFFFFF|000000</href>
  </Icon>
</Style><description><![CDATA[]]></description><visibility>1</visibility></Placemark><Placemark><name>GC7EQZH</name><Point><coordinates>-122.342,47.6669,100 
</coordinates></Point><Style>
  <Icon>
    <href>http://chart.apis.google.com/chart?chst=d_bubble_icon_text_small&amp;chld=location|bbT|344|FFFFFF|000000</href>
  </Icon>
</Style><description><![CDATA[]]></description><visibility>1</visibility></Placemark><Placemark><name>GC9APCM</name><Point><coordinates>-122.3573,47.658,100 
</coordinates></Point><Style>
  <Icon>
    <href>http://chart.apis.google.com/chart?chst=d_bubble_icon_text_small&amp;chld=location|bbT|345|FFFFFF|000000</href>
  </Icon>
</Style><description><![CDATA[]]></description><visibility>1</visibility></Placemark><Placemark><name>GC9HXQC</name><Point><coordinates>-121.8888,47.8638,100 
</coordinates></Point><Style>
  <Icon>
    <href>http://chart.apis.google.com/chart?chst=d_bubble_icon_text_small&amp;chld=location|bbT|346|FFFFFF|000000</href>
  </Icon>
</Style><description><![CDATA[]]></description><visibility>1</visibility></Placemark><Placemark><name>GC9RFNV</name><Point><coordinates>-122.3541,47.672,100 
</coordinates></Point><Style>
  <Icon>
    <href>http://chart.apis.google.com/chart?chst=d_bubble_icon_text_small&amp;chld=location|bbT|347|FFFFFF|000000</href>
  </Icon>
</Style><description><![CDATA[]]></description><visibility>1</visibility></Placemark><Placemark><name>GC290ZE</name><Point><coordinates>-122.3532,47.674,100 
</coordinates></Point><Style>
  <Icon>
    <href>http://chart.apis.google.com/chart?chst=d_bubble_icon_text_small&amp;chld=location|bbT|348|FFFFFF|000000</href>
  </Icon>
</Style><description><![CDATA[]]></description><visibility>1</visibility></Placemark><Placemark><name>GC8H1ZT</name><Point><coordinates>-122.3609,47.6692,100 
</coordinates></Point><Style>
  <Icon>
    <href>http://chart.apis.google.com/chart?chst=d_bubble_icon_text_small&amp;chld=location|bbT|349|FFFFFF|000000</href>
  </Icon>
</Style><description><![CDATA[]]></description><visibility>1</visibility></Placemark><Placemark><name>GC6K29C</name><Point><coordinates>-122.3842,47.6948,100 
</coordinates></Point><Style>
  <Icon>
    <href>http://chart.apis.google.com/chart?chst=d_bubble_icon_text_small&amp;chld=location|bbT|350|FFFFFF|000000</href>
  </Icon>
</Style><description><![CDATA[]]></description><visibility>1</visibility></Placemark><Placemark><name>GC5VQ0X</name><Point><coordinates>-122.348,47.6527,100 
</coordinates></Point><Style>
  <Icon>
    <href>http://chart.apis.google.com/chart?chst=d_bubble_icon_text_small&amp;chld=location|bbT|351|FFFFFF|000000</href>
  </Icon>
</Style><description><![CDATA[]]></description><visibility>1</visibility></Placemark><Placemark><name>GC8RWRX</name><Point><coordinates>-122.2879,47.6587,100 
</coordinates></Point><Style>
  <Icon>
    <href>http://chart.apis.google.com/chart?chst=d_bubble_icon_text_small&amp;chld=location|bbT|352|FFFFFF|000000</href>
  </Icon>
</Style><description><![CDATA[]]></description><visibility>1</visibility></Placemark><Placemark><name>GC4K4M0</name><Point><coordinates>-122.3122,47.6389,100 
</coordinates></Point><Style>
  <Icon>
    <href>http://chart.apis.google.com/chart?chst=d_bubble_icon_text_small&amp;chld=location|bbT|353|FFFFFF|000000</href>
  </Icon>
</Style><description><![CDATA[]]></description><visibility>1</visibility></Placemark><Placemark><name>GCTN80</name><Point><coordinates>-122.3459,47.6811,100 
</coordinates></Point><Style>
  <Icon>
    <href>http://chart.apis.google.com/chart?chst=d_bubble_icon_text_small&amp;chld=location|bbT|354|FFFFFF|000000</href>
  </Icon>
</Style><description><![CDATA[]]></description><visibility>1</visibility></Placemark><Placemark><name>GC32A0H</name><Point><coordinates>-122.3477,47.6488,100 
</coordinates></Point><Style>
  <Icon>
    <href>http://chart.apis.google.com/chart?chst=d_bubble_icon_text_small&amp;chld=location|bbT|355|FFFFFF|000000</href>
  </Icon>
</Style><description><![CDATA[]]></description><visibility>1</visibility></Placemark><Placemark><name>GCWWY3</name><Point><coordinates>-121.4932,47.5863,100 
</coordinates></Point><Style>
  <Icon>
    <href>http://chart.apis.google.com/chart?chst=d_bubble_icon_text_small&amp;chld=location|bbT|356|FFFFFF|000000</href>
  </Icon>
</Style><description><![CDATA[]]></description><visibility>1</visibility></Placemark><Placemark><name>GC23723</name><Point><coordinates>-121.4851,47.5872,100 
</coordinates></Point><Style>
  <Icon>
    <href>http://chart.apis.google.com/chart?chst=d_bubble_icon_text_small&amp;chld=location|bbT|357|FFFFFF|000000</href>
  </Icon>
</Style><description><![CDATA[]]></description><visibility>1</visibility></Placemark><Placemark><name>GC750</name><Point><coordinates>-121.4679,47.5879,100 
</coordinates></Point><Style>
  <Icon>
    <href>http://chart.apis.google.com/chart?chst=d_bubble_icon_text_small&amp;chld=location|bbT|358|FFFFFF|000000</href>
  </Icon>
</Style><description><![CDATA[]]></description><visibility>1</visibility></Placemark><Placemark><name>GC9T7TX</name><Point><coordinates>-122.3487,47.6497,100 
</coordinates></Point><Style>
  <Icon>
    <href>http://chart.apis.google.com/chart?chst=d_bubble_icon_text_small&amp;chld=location|bbT|359|FFFFFF|000000</href>
  </Icon>
</Style><description><![CDATA[]]></description><visibility>1</visibility></Placemark><Placemark><name>GC9T7JY</name><Point><coordinates>-122.323,47.6978,100 
</coordinates></Point><Style>
  <Icon>
    <href>http://chart.apis.google.com/chart?chst=d_bubble_icon_text_small&amp;chld=location|bbT|360|FFFFFF|000000</href>
  </Icon>
</Style><description><![CDATA[]]></description><visibility>1</visibility></Placemark><Placemark><name>GC9RFNV</name><Point><coordinates>-122.3537,47.6719,100 
</coordinates></Point><Style>
  <Icon>
    <href>http://chart.apis.google.com/chart?chst=d_bubble_icon_text_small&amp;chld=location|bbT|361|FFFFFF|000000</href>
  </Icon>
</Style><description><![CDATA[]]></description><visibility>1</visibility></Placemark><Placemark><name>GC7N2FB</name><Point><coordinates>-122.3028,47.6434,100 
</coordinates></Point><Style>
  <Icon>
    <href>http://chart.apis.google.com/chart?chst=d_bubble_icon_text_small&amp;chld=location|bbT|362|FFFFFF|000000</href>
  </Icon>
</Style><description><![CDATA[]]></description><visibility>1</visibility></Placemark><Placemark><name>GC18VAA</name><Point><coordinates>-122.296,47.6376,100 
</coordinates></Point><Style>
  <Icon>
    <href>http://chart.apis.google.com/chart?chst=d_bubble_icon_text_small&amp;chld=location|bbT|363|FFFFFF|000000</href>
  </Icon>
</Style><description><![CDATA[]]></description><visibility>1</visibility></Placemark><Placemark><name>GC8Z7GH</name><Point><coordinates>-122.297,47.6336,100 
</coordinates></Point><Style>
  <Icon>
    <href>http://chart.apis.google.com/chart?chst=d_bubble_icon_text_small&amp;chld=location|bbT|364|FFFFFF|000000</href>
  </Icon>
</Style><description><![CDATA[]]></description><visibility>1</visibility></Placemark><Placemark><name>GC74MCR</name><Point><coordinates>-122.3014,47.3674,100 
</coordinates></Point><Style>
  <Icon>
    <href>http://chart.apis.google.com/chart?chst=d_bubble_icon_text_small&amp;chld=location|bbT|365|FFFFFF|000000</href>
  </Icon>
</Style><description><![CDATA[]]></description><visibility>1</visibility></Placemark><Placemark><name>GC5DHPQ</name><Point><coordinates>-122.3041,47.3666,100 
</coordinates></Point><Style>
  <Icon>
    <href>http://chart.apis.google.com/chart?chst=d_bubble_icon_text_small&amp;chld=location|bbT|366|FFFFFF|000000</href>
  </Icon>
</Style><description><![CDATA[]]></description><visibility>1</visibility></Placemark><Placemark><name>GC8JPYZ</name><Point><coordinates>-122.6356,47.3329,100 
</coordinates></Point><Style>
  <Icon>
    <href>http://chart.apis.google.com/chart?chst=d_bubble_icon_text_small&amp;chld=location|bbT|367|FFFFFF|000000</href>
  </Icon>
</Style><description><![CDATA[]]></description><visibility>1</visibility></Placemark><Placemark><name>GC7TRHY</name><Point><coordinates>-122.6359,47.5397,100 
</coordinates></Point><Style>
  <Icon>
    <href>http://chart.apis.google.com/chart?chst=d_bubble_icon_text_small&amp;chld=location|bbT|368|FFFFFF|000000</href>
  </Icon>
</Style><description><![CDATA[]]></description><visibility>1</visibility></Placemark><Placemark><name>GC4E7B0</name><Point><coordinates>-122.6424,47.7529,100 
</coordinates></Point><Style>
  <Icon>
    <href>http://chart.apis.google.com/chart?chst=d_bubble_icon_text_small&amp;chld=location|bbT|369|FFFFFF|000000</href>
  </Icon>
</Style><description><![CDATA[]]></description><visibility>1</visibility></Placemark><Placemark><name>GC2VB89</name><Point><coordinates>-121.9413,47.4764,100 
</coordinates></Point><Style>
  <Icon>
    <href>http://chart.apis.google.com/chart?chst=d_bubble_icon_text_small&amp;chld=location|bbT|370|FFFFFF|000000</href>
  </Icon>
</Style><description><![CDATA[]]></description><visibility>1</visibility></Placemark><Placemark><name>GC24K9M</name><Point><coordinates>-121.9428,47.4818,100 
</coordinates></Point><Style>
  <Icon>
    <href>http://chart.apis.google.com/chart?chst=d_bubble_icon_text_small&amp;chld=location|bbT|371|FFFFFF|000000</href>
  </Icon>
</Style><description><![CDATA[]]></description><visibility>1</visibility></Placemark><Placemark><name>GCTQJT</name><Point><coordinates>-121.9466,47.4883,100 
</coordinates></Point><Style>
  <Icon>
    <href>http://chart.apis.google.com/chart?chst=d_bubble_icon_text_small&amp;chld=location|bbT|372|FFFFFF|000000</href>
  </Icon>
</Style><description><![CDATA[]]></description><visibility>1</visibility></Placemark><Placemark><name>GC5BFBB</name><Point><coordinates>-122.3621,47.6931,100 
</coordinates></Point><Style>
  <Icon>
    <href>http://chart.apis.google.com/chart?chst=d_bubble_icon_text_small&amp;chld=location|bbT|373|FFFFFF|000000</href>
  </Icon>
</Style><description><![CDATA[]]></description><visibility>1</visibility></Placemark><Placemark><name>GC9PPPZ</name><Point><coordinates>-122.3256,47.6435,100 
</coordinates></Point><Style>
  <Icon>
    <href>http://chart.apis.google.com/chart?chst=d_bubble_icon_text_small&amp;chld=location|bbT|374|FFFFFF|000000</href>
  </Icon>
</Style><description><![CDATA[]]></description><visibility>1</visibility></Placemark><Placemark><name>GCJQGP</name><Point><coordinates>-122.0603,47.5397,100 
</coordinates></Point><Style>
  <Icon>
    <href>http://chart.apis.google.com/chart?chst=d_bubble_icon_text_small&amp;chld=location|bbT|375|FFFFFF|000000</href>
  </Icon>
</Style><description><![CDATA[]]></description><visibility>1</visibility></Placemark><Placemark><name>GC4XF6A</name><Point><coordinates>-122.0465,47.5294,100 
</coordinates></Point><Style>
  <Icon>
    <href>http://chart.apis.google.com/chart?chst=d_bubble_icon_text_small&amp;chld=location|bbT|376|FFFFFF|000000</href>
  </Icon>
</Style><description><![CDATA[]]></description><visibility>1</visibility></Placemark><Placemark><name>GC96X41</name><Point><coordinates>-122.0258,47.5375,100 
</coordinates></Point><Style>
  <Icon>
    <href>http://chart.apis.google.com/chart?chst=d_bubble_icon_text_small&amp;chld=location|bbT|377|FFFFFF|000000</href>
  </Icon>
</Style><description><![CDATA[]]></description><visibility>1</visibility></Placemark><Placemark><name>GC8ZP4A</name><Point><coordinates>-122.0202,47.5613,100 
</coordinates></Point><Style>
  <Icon>
    <href>http://chart.apis.google.com/chart?chst=d_bubble_icon_text_small&amp;chld=location|bbT|378|FFFFFF|000000</href>
  </Icon>
</Style><description><![CDATA[]]></description><visibility>1</visibility></Placemark><Placemark><name>GC6JRC0</name><Point><coordinates>-122.0164,47.5627,100 
</coordinates></Point><Style>
  <Icon>
    <href>http://chart.apis.google.com/chart?chst=d_bubble_icon_text_small&amp;chld=location|bbT|379|FFFFFF|000000</href>
  </Icon>
</Style><description><![CDATA[]]></description><visibility>1</visibility></Placemark><Placemark><name>GC936KW</name><Point><coordinates>-122.011,47.5656,100 
</coordinates></Point><Style>
  <Icon>
    <href>http://chart.apis.google.com/chart?chst=d_bubble_icon_text_small&amp;chld=location|bbT|380|FFFFFF|000000</href>
  </Icon>
</Style><description><![CDATA[]]></description><visibility>1</visibility></Placemark><Placemark><name>GC8ZP3N</name><Point><coordinates>-122.0195,47.5646,100 
</coordinates></Point><Style>
  <Icon>
    <href>http://chart.apis.google.com/chart?chst=d_bubble_icon_text_small&amp;chld=location|bbT|381|FFFFFF|000000</href>
  </Icon>
</Style><description><![CDATA[]]></description><visibility>1</visibility></Placemark><Placemark><name>GC4BE7V</name><Point><coordinates>-122.0229,47.5673,100 
</coordinates></Point><Style>
  <Icon>
    <href>http://chart.apis.google.com/chart?chst=d_bubble_icon_text_small&amp;chld=location|bbT|382|FFFFFF|000000</href>
  </Icon>
</Style><description><![CDATA[]]></description><visibility>1</visibility></Placemark><Placemark><name>GC35CGF</name><Point><coordinates>-122.018,47.5683,100 
</coordinates></Point><Style>
  <Icon>
    <href>http://chart.apis.google.com/chart?chst=d_bubble_icon_text_small&amp;chld=location|bbT|383|FFFFFF|000000</href>
  </Icon>
</Style><description><![CDATA[]]></description><visibility>1</visibility></Placemark><Placemark><name>GC936K9</name><Point><coordinates>-122.0107,47.5691,100 
</coordinates></Point><Style>
  <Icon>
    <href>http://chart.apis.google.com/chart?chst=d_bubble_icon_text_small&amp;chld=location|bbT|384|FFFFFF|000000</href>
  </Icon>
</Style><description><![CDATA[]]></description><visibility>1</visibility></Placemark><Placemark><name>GC8WQX1</name><Point><coordinates>-122.0119,47.5714,100 
</coordinates></Point><Style>
  <Icon>
    <href>http://chart.apis.google.com/chart?chst=d_bubble_icon_text_small&amp;chld=location|bbT|385|FFFFFF|000000</href>
  </Icon>
</Style><description><![CDATA[]]></description><visibility>1</visibility></Placemark><Placemark><name>GC9Q5Z7</name><Point><coordinates>-122.0094,47.5617,100 
</coordinates></Point><Style>
  <Icon>
    <href>http://chart.apis.google.com/chart?chst=d_bubble_icon_text_small&amp;chld=location|bbT|386|FFFFFF|000000</href>
  </Icon>
</Style><description><![CDATA[]]></description><visibility>1</visibility></Placemark><Placemark><name>GC8GNGQ</name><Point><coordinates>-122.0078,47.5443,100 
</coordinates></Point><Style>
  <Icon>
    <href>http://chart.apis.google.com/chart?chst=d_bubble_icon_text_small&amp;chld=location|bbT|387|FFFFFF|000000</href>
  </Icon>
</Style><description><![CDATA[]]></description><visibility>1</visibility></Placemark><Placemark><name>GC1KX51</name><Point><coordinates>-122.0137,47.542,100 
</coordinates></Point><Style>
  <Icon>
    <href>http://chart.apis.google.com/chart?chst=d_bubble_icon_text_small&amp;chld=location|bbT|388|FFFFFF|000000</href>
  </Icon>
</Style><description><![CDATA[]]></description><visibility>1</visibility></Placemark><Placemark><name>GCRB74</name><Point><coordinates>-122.3212,47.6652,100 
</coordinates></Point><Style>
  <Icon>
    <href>http://chart.apis.google.com/chart?chst=d_bubble_icon_text_small&amp;chld=location|bbT|389|FFFFFF|000000</href>
  </Icon>
</Style><description><![CDATA[]]></description><visibility>1</visibility></Placemark><Placemark><name>GC9AR1X</name><Point><coordinates>-122.3542,47.658,100 
</coordinates></Point><Style>
  <Icon>
    <href>http://chart.apis.google.com/chart?chst=d_bubble_icon_text_small&amp;chld=location|bbT|390|FFFFFF|000000</href>
  </Icon>
</Style><description><![CDATA[]]></description><visibility>1</visibility></Placemark><Placemark><name>GC49HR7</name><Point><coordinates>-122.3475,47.6486,100 
</coordinates></Point><Style>
  <Icon>
    <href>http://chart.apis.google.com/chart?chst=d_bubble_icon_text_small&amp;chld=location|bbT|391|FFFFFF|000000</href>
  </Icon>
</Style><description><![CDATA[]]></description><visibility>1</visibility></Placemark><Placemark><name>GC3PD0P</name><Point><coordinates>-122.3306,47.6279,100 
</coordinates></Point><Style>
  <Icon>
    <href>http://chart.apis.google.com/chart?chst=d_bubble_icon_text_small&amp;chld=location|bbT|392|FFFFFF|000000</href>
  </Icon>
</Style><description><![CDATA[]]></description><visibility>1</visibility></Placemark><Placemark><name>GC9TJ1W</name><Point><coordinates>-96.7938,32.8313,100 
</coordinates></Point><Style>
  <Icon>
    <href>http://chart.apis.google.com/chart?chst=d_bubble_icon_text_small&amp;chld=location|bbT|393|FFFFFF|000000</href>
  </Icon>
</Style><description><![CDATA[]]></description><visibility>1</visibility></Placemark><Placemark><name>GC5165</name><Point><coordinates>-87.907,41.9778,100 
</coordinates></Point><Style>
  <Icon>
    <href>http://chart.apis.google.com/chart?chst=d_bubble_icon_text_small&amp;chld=location|bbT|394|FFFFFF|000000</href>
  </Icon>
</Style><description><![CDATA[]]></description><visibility>1</visibility></Placemark><Placemark><name>GC891NE</name><Point><coordinates>-0.6156,49.3397,100 
</coordinates></Point><Style>
  <Icon>
    <href>http://chart.apis.google.com/chart?chst=d_bubble_icon_text_small&amp;chld=location|bbT|395|FFFFFF|000000</href>
  </Icon>
</Style><description><![CDATA[]]></description><visibility>1</visibility></Placemark><Placemark><name>GC653ZJ</name><Point><coordinates>-1.3109,49.4095,100 
</coordinates></Point><Style>
  <Icon>
    <href>http://chart.apis.google.com/chart?chst=d_bubble_icon_text_small&amp;chld=location|bbT|396|FFFFFF|000000</href>
  </Icon>
</Style><description><![CDATA[]]></description><visibility>1</visibility></Placemark><Placemark><name>GCD890</name><Point><coordinates>-0.842,49.3617,100 
</coordinates></Point><Style>
  <Icon>
    <href>http://chart.apis.google.com/chart?chst=d_bubble_icon_text_small&amp;chld=location|bbT|397|FFFFFF|000000</href>
  </Icon>
</Style><description><![CDATA[]]></description><visibility>1</visibility></Placemark><Placemark><name>GC75PB4</name><Point><coordinates>-1.1038,49.1202,100 
</coordinates></Point><Style>
  <Icon>
    <href>http://chart.apis.google.com/chart?chst=d_bubble_icon_text_small&amp;chld=location|bbT|398|FFFFFF|000000</href>
  </Icon>
</Style><description><![CDATA[]]></description><visibility>1</visibility></Placemark><Placemark><name>GC5YEEB</name><Point><coordinates>-1.5049,48.6104,100 
</coordinates></Point><Style>
  <Icon>
    <href>http://chart.apis.google.com/chart?chst=d_bubble_icon_text_small&amp;chld=location|bbT|399|FFFFFF|000000</href>
  </Icon>
</Style><description><![CDATA[]]></description><visibility>1</visibility></Placemark><Placemark><name>GC923B3</name><Point><coordinates>-1.5062,48.6286,100 
</coordinates></Point><Style>
  <Icon>
    <href>http://chart.apis.google.com/chart?chst=d_bubble_icon_text_small&amp;chld=location|bbT|400|FFFFFF|000000</href>
  </Icon>
</Style><description><![CDATA[]]></description><visibility>1</visibility></Placemark><Placemark><name>GC9P85Y</name><Point><coordinates>-1.5111,48.6342,100 
</coordinates></Point><Style>
  <Icon>
    <href>http://chart.apis.google.com/chart?chst=d_bubble_icon_text_small&amp;chld=location|bbT|401|FFFFFF|000000</href>
  </Icon>
</Style><description><![CDATA[]]></description><visibility>1</visibility></Placemark><Placemark><name>GC9257V</name><Point><coordinates>-1.5066,48.6354,100 
</coordinates></Point><Style>
  <Icon>
    <href>http://chart.apis.google.com/chart?chst=d_bubble_icon_text_small&amp;chld=location|bbT|402|FFFFFF|000000</href>
  </Icon>
</Style><description><![CDATA[]]></description><visibility>1</visibility></Placemark><Placemark><name>GC96ZJ3</name><Point><coordinates>2.2551,48.8968,100 
</coordinates></Point><Style>
  <Icon>
    <href>http://chart.apis.google.com/chart?chst=d_bubble_icon_text_small&amp;chld=location|bbT|403|FFFFFF|000000</href>
  </Icon>
</Style><description><![CDATA[]]></description><visibility>1</visibility></Placemark><Placemark><name>GC837DF</name><Point><coordinates>2.308,48.854,100 
</coordinates></Point><Style>
  <Icon>
    <href>http://chart.apis.google.com/chart?chst=d_bubble_icon_text_small&amp;chld=location|bbT|404|FFFFFF|000000</href>
  </Icon>
</Style><description><![CDATA[]]></description><visibility>1</visibility></Placemark><Placemark><name>GC83EV6</name><Point><coordinates>2.301,48.8552,100 
</coordinates></Point><Style>
  <Icon>
    <href>http://chart.apis.google.com/chart?chst=d_bubble_icon_text_small&amp;chld=location|bbT|405|FFFFFF|000000</href>
  </Icon>
</Style><description><![CDATA[]]></description><visibility>1</visibility></Placemark><Placemark><name>GC5552H</name><Point><coordinates>2.2944,48.8573,100 
</coordinates></Point><Style>
  <Icon>
    <href>http://chart.apis.google.com/chart?chst=d_bubble_icon_text_small&amp;chld=location|bbT|406|FFFFFF|000000</href>
  </Icon>
</Style><description><![CDATA[]]></description><visibility>1</visibility></Placemark><Placemark><name>GC555DJ</name><Point><coordinates>2.2929,48.8581,100 
</coordinates></Point><Style>
  <Icon>
    <href>http://chart.apis.google.com/chart?chst=d_bubble_icon_text_small&amp;chld=location|bbT|407|FFFFFF|000000</href>
  </Icon>
</Style><description><![CDATA[]]></description><visibility>1</visibility></Placemark><Placemark><name>GC7H06F</name><Point><coordinates>2.2953,48.8597,100 
</coordinates></Point><Style>
  <Icon>
    <href>http://chart.apis.google.com/chart?chst=d_bubble_icon_text_small&amp;chld=location|bbT|408|FFFFFF|000000</href>
  </Icon>
</Style><description><![CDATA[]]></description><visibility>1</visibility></Placemark><Placemark><name>GC67VW7</name><Point><coordinates>2.2968,48.8583,100 
</coordinates></Point><Style>
  <Icon>
    <href>http://chart.apis.google.com/chart?chst=d_bubble_icon_text_small&amp;chld=location|bbT|409|FFFFFF|000000</href>
  </Icon>
</Style><description><![CDATA[]]></description><visibility>1</visibility></Placemark><Placemark><name>GC80C9Q</name><Point><coordinates>2.2905,48.8599,100 
</coordinates></Point><Style>
  <Icon>
    <href>http://chart.apis.google.com/chart?chst=d_bubble_icon_text_small&amp;chld=location|bbT|410|FFFFFF|000000</href>
  </Icon>
</Style><description><![CDATA[]]></description><visibility>1</visibility></Placemark><Placemark><name>GC891PY</name><Point><coordinates>2.3329,48.8736,100 
</coordinates></Point><Style>
  <Icon>
    <href>http://chart.apis.google.com/chart?chst=d_bubble_icon_text_small&amp;chld=location|bbT|411|FFFFFF|000000</href>
  </Icon>
</Style><description><![CDATA[]]></description><visibility>1</visibility></Placemark><Placemark><name>GC890VN</name><Point><coordinates>2.3321,48.8714,100 
</coordinates></Point><Style>
  <Icon>
    <href>http://chart.apis.google.com/chart?chst=d_bubble_icon_text_small&amp;chld=location|bbT|412|FFFFFF|000000</href>
  </Icon>
</Style><description><![CDATA[]]></description><visibility>1</visibility></Placemark><Placemark><name>GC7B8WT</name><Point><coordinates>2.335,48.8613,100 
</coordinates></Point><Style>
  <Icon>
    <href>http://chart.apis.google.com/chart?chst=d_bubble_icon_text_small&amp;chld=location|bbT|413|FFFFFF|000000</href>
  </Icon>
</Style><description><![CDATA[]]></description><visibility>1</visibility></Placemark><Placemark><name>GC7B86B</name><Point><coordinates>2.3391,48.8851,100 
</coordinates></Point><Style>
  <Icon>
    <href>http://chart.apis.google.com/chart?chst=d_bubble_icon_text_small&amp;chld=location|bbT|414|FFFFFF|000000</href>
  </Icon>
</Style><description><![CDATA[]]></description><visibility>1</visibility></Placemark><Placemark><name>GC7B8YJ</name><Point><coordinates>2.3434,48.8862,100 
</coordinates></Point><Style>
  <Icon>
    <href>http://chart.apis.google.com/chart?chst=d_bubble_icon_text_small&amp;chld=location|bbT|415|FFFFFF|000000</href>
  </Icon>
</Style><description><![CDATA[]]></description><visibility>1</visibility></Placemark><Placemark><name>GC4FEB3</name><Point><coordinates>2.3379,48.8878,100 
</coordinates></Point><Style>
  <Icon>
    <href>http://chart.apis.google.com/chart?chst=d_bubble_icon_text_small&amp;chld=location|bbT|416|FFFFFF|000000</href>
  </Icon>
</Style><description><![CDATA[]]></description><visibility>1</visibility></Placemark><Placemark><name>GC2HWP2</name><Point><coordinates>2.2549,48.8927,100 
</coordinates></Point><Style>
  <Icon>
    <href>http://chart.apis.google.com/chart?chst=d_bubble_icon_text_small&amp;chld=location|bbT|417|FFFFFF|000000</href>
  </Icon>
</Style><description><![CDATA[]]></description><visibility>1</visibility></Placemark><Placemark><name>GC80V0T</name><Point><coordinates>-96.969,32.882,100 
</coordinates></Point><Style>
  <Icon>
    <href>http://chart.apis.google.com/chart?chst=d_bubble_icon_text_small&amp;chld=location|bbT|418|FFFFFF|000000</href>
  </Icon>
</Style><description><![CDATA[]]></description><visibility>1</visibility></Placemark><Placemark><name>GCCD0C</name><Point><coordinates>-96.9708,32.8854,100 
</coordinates></Point><Style>
  <Icon>
    <href>http://chart.apis.google.com/chart?chst=d_bubble_icon_text_small&amp;chld=location|bbT|419|FFFFFF|000000</href>
  </Icon>
</Style><description><![CDATA[]]></description><visibility>1</visibility></Placemark><Placemark><name>GC2HDCC</name><Point><coordinates>-96.9671,32.8868,100 
</coordinates></Point><Style>
  <Icon>
    <href>http://chart.apis.google.com/chart?chst=d_bubble_icon_text_small&amp;chld=location|bbT|420|FFFFFF|000000</href>
  </Icon>
</Style><description><![CDATA[]]></description><visibility>1</visibility></Placemark><Placemark><name>GC1C1A</name><Point><coordinates>-1.5115,48.6369,100 
</coordinates></Point><Style>
  <Icon>
    <href>http://chart.apis.google.com/chart?chst=d_bubble_icon_text_small&amp;chld=location|bbT|421|FFFFFF|000000</href>
  </Icon>
</Style><description><![CDATA[]]></description><visibility>1</visibility></Placemark><Placemark><name>GC4W6TJ</name><Point><coordinates>-96.9836,32.9152,100 
</coordinates></Point><Style>
  <Icon>
    <href>http://chart.apis.google.com/chart?chst=d_bubble_icon_text_small&amp;chld=location|bbT|422|FFFFFF|000000</href>
  </Icon>
</Style><description><![CDATA[]]></description><visibility>1</visibility></Placemark><Placemark><name>GC9T77W</name><Point><coordinates>-122.3639,47.6591,100 
</coordinates></Point><Style>
  <Icon>
    <href>http://chart.apis.google.com/chart?chst=d_bubble_icon_text_small&amp;chld=location|bbT|423|FFFFFF|000000</href>
  </Icon>
</Style><description><![CDATA[]]></description><visibility>1</visibility></Placemark><Placemark><name>GC9A12G</name><Point><coordinates>-122.2059,47.6492,100 
</coordinates></Point><Style>
  <Icon>
    <href>http://chart.apis.google.com/chart?chst=d_bubble_icon_text_small&amp;chld=location|bbT|424|FFFFFF|000000</href>
  </Icon>
</Style><description><![CDATA[]]></description><visibility>1</visibility></Placemark><Placemark><name>GC5ZQ3K</name><Point><coordinates>-122.2072,47.6484,100 
</coordinates></Point><Style>
  <Icon>
    <href>http://chart.apis.google.com/chart?chst=d_bubble_icon_text_small&amp;chld=location|bbT|425|FFFFFF|000000</href>
  </Icon>
</Style><description><![CDATA[]]></description><visibility>1</visibility></Placemark><Placemark><name>GC58XDW</name><Point><coordinates>-122.2079,47.6464,100 
</coordinates></Point><Style>
  <Icon>
    <href>http://chart.apis.google.com/chart?chst=d_bubble_icon_text_small&amp;chld=location|bbT|426|FFFFFF|000000</href>
  </Icon>
</Style><description><![CDATA[]]></description><visibility>1</visibility></Placemark><Placemark><name>GC9CXX9</name><Point><coordinates>-122.2103,47.6484,100 
</coordinates></Point><Style>
  <Icon>
    <href>http://chart.apis.google.com/chart?chst=d_bubble_icon_text_small&amp;chld=location|bbT|427|FFFFFF|000000</href>
  </Icon>
</Style><description><![CDATA[]]></description><visibility>1</visibility></Placemark><Placemark><name>GC9TK7T</name><Point><coordinates>-122.3494,47.6661,100 
</coordinates></Point><Style>
  <Icon>
    <href>http://chart.apis.google.com/chart?chst=d_bubble_icon_text_small&amp;chld=location|bbT|428|FFFFFF|000000</href>
  </Icon>
</Style><description><![CDATA[]]></description><visibility>1</visibility></Placemark><Placemark><name>GC58W0E</name><Point><coordinates>-122.3481,47.6535,100 
</coordinates></Point><Style>
  <Icon>
    <href>http://chart.apis.google.com/chart?chst=d_bubble_icon_text_small&amp;chld=location|bbT|429|FFFFFF|000000</href>
  </Icon>
</Style><description><![CDATA[]]></description><visibility>1</visibility></Placemark><Placemark><name>GC9886X</name><Point><coordinates>-122.3718,47.6776,100 
</coordinates></Point><Style>
  <Icon>
    <href>http://chart.apis.google.com/chart?chst=d_bubble_icon_text_small&amp;chld=location|bbT|430|FFFFFF|000000</href>
  </Icon>
</Style><description><![CDATA[]]></description><visibility>1</visibility></Placemark><Placemark><name>GC9VX73</name><Point><coordinates>-122.3484,47.6494,100 
</coordinates></Point><Style>
  <Icon>
    <href>http://chart.apis.google.com/chart?chst=d_bubble_icon_text_small&amp;chld=location|bbT|431|FFFFFF|000000</href>
  </Icon>
</Style><description><![CDATA[]]></description><visibility>1</visibility></Placemark><Placemark><name>GC9TECW</name><Point><coordinates>-122.2874,47.5597,100 
</coordinates></Point><Style>
  <Icon>
    <href>http://chart.apis.google.com/chart?chst=d_bubble_icon_text_small&amp;chld=location|bbT|432|FFFFFF|000000</href>
  </Icon>
</Style><description><![CDATA[]]></description><visibility>1</visibility></Placemark><Placemark><name>GC23WGJ</name><Point><coordinates>-122.2824,47.5616,100 
</coordinates></Point><Style>
  <Icon>
    <href>http://chart.apis.google.com/chart?chst=d_bubble_icon_text_small&amp;chld=location|bbT|433|FFFFFF|000000</href>
  </Icon>
</Style><description><![CDATA[]]></description><visibility>1</visibility></Placemark><Placemark><name>GC7KBWY</name><Point><coordinates>-122.2849,47.5579,100 
</coordinates></Point><Style>
  <Icon>
    <href>http://chart.apis.google.com/chart?chst=d_bubble_icon_text_small&amp;chld=location|bbT|434|FFFFFF|000000</href>
  </Icon>
</Style><description><![CDATA[]]></description><visibility>1</visibility></Placemark><Placemark><name>GC9TY9H</name><Point><coordinates>-122.2869,47.5588,100 
</coordinates></Point><Style>
  <Icon>
    <href>http://chart.apis.google.com/chart?chst=d_bubble_icon_text_small&amp;chld=location|bbT|435|FFFFFF|000000</href>
  </Icon>
</Style><description><![CDATA[]]></description><visibility>1</visibility></Placemark><Placemark><name>GC8X0JN</name><Point><coordinates>-122.3316,47.6495,100 
</coordinates></Point><Style>
  <Icon>
    <href>http://chart.apis.google.com/chart?chst=d_bubble_icon_text_small&amp;chld=location|bbT|436|FFFFFF|000000</href>
  </Icon>
</Style><description><![CDATA[]]></description><visibility>1</visibility></Placemark><Placemark><name>GC5HY8Z</name><Point><coordinates>-122.1615,47.6323,100 
</coordinates></Point><Style>
  <Icon>
    <href>http://chart.apis.google.com/chart?chst=d_bubble_icon_text_small&amp;chld=location|bbT|437|FFFFFF|000000</href>
  </Icon>
</Style><description><![CDATA[]]></description><visibility>1</visibility></Placemark><Placemark><name>GCKQ4J</name><Point><coordinates>-122.1606,47.6313,100 
</coordinates></Point><Style>
  <Icon>
    <href>http://chart.apis.google.com/chart?chst=d_bubble_icon_text_small&amp;chld=location|bbT|438|FFFFFF|000000</href>
  </Icon>
</Style><description><![CDATA[]]></description><visibility>1</visibility></Placemark><Placemark><name>GC9WEG5</name><Point><coordinates>-122.3464,47.6324,100 
</coordinates></Point><Style>
  <Icon>
    <href>http://chart.apis.google.com/chart?chst=d_bubble_icon_text_small&amp;chld=location|bbT|439|FFFFFF|000000</href>
  </Icon>
</Style><description><![CDATA[]]></description><visibility>1</visibility></Placemark><Placemark><name>GC9W4VJ</name><Point><coordinates>-122.273,47.6974,100 
</coordinates></Point><Style>
  <Icon>
    <href>http://chart.apis.google.com/chart?chst=d_bubble_icon_text_small&amp;chld=location|bbT|440|FFFFFF|000000</href>
  </Icon>
</Style><description><![CDATA[]]></description><visibility>1</visibility></Placemark><Placemark><name>GC9JF60</name><Point><coordinates>-122.274,47.6976,100 
</coordinates></Point><Style>
  <Icon>
    <href>http://chart.apis.google.com/chart?chst=d_bubble_icon_text_small&amp;chld=location|bbT|441|FFFFFF|000000</href>
  </Icon>
</Style><description><![CDATA[]]></description><visibility>1</visibility></Placemark><Placemark><name>GC9V24F</name><Point><coordinates>-122.3489,47.6497,100 
</coordinates></Point><Style>
  <Icon>
    <href>http://chart.apis.google.com/chart?chst=d_bubble_icon_text_small&amp;chld=location|bbT|442|FFFFFF|000000</href>
  </Icon>
</Style><description><![CDATA[]]></description><visibility>1</visibility></Placemark><Placemark><name>GC8P3GX</name><Point><coordinates>-122.3723,47.6341,100 
</coordinates></Point><Style>
  <Icon>
    <href>http://chart.apis.google.com/chart?chst=d_bubble_icon_text_small&amp;chld=location|bbT|443|FFFFFF|000000</href>
  </Icon>
</Style><description><![CDATA[]]></description><visibility>1</visibility></Placemark><Placemark><name>GC1HDET</name><Point><coordinates>-121.544,47.0369,100 
</coordinates></Point><Style>
  <Icon>
    <href>http://chart.apis.google.com/chart?chst=d_bubble_icon_text_small&amp;chld=location|bbT|444|FFFFFF|000000</href>
  </Icon>
</Style><description><![CDATA[]]></description><visibility>1</visibility></Placemark><Placemark><name>GC4G5XM</name><Point><coordinates>-121.99,47.2434,100 
</coordinates></Point><Style>
  <Icon>
    <href>http://chart.apis.google.com/chart?chst=d_bubble_icon_text_small&amp;chld=location|bbT|445|FFFFFF|000000</href>
  </Icon>
</Style><description><![CDATA[]]></description><visibility>1</visibility></Placemark><Placemark><name>GC8512R</name><Point><coordinates>-122.2182,47.2981,100 
</coordinates></Point><Style>
  <Icon>
    <href>http://chart.apis.google.com/chart?chst=d_bubble_icon_text_small&amp;chld=location|bbT|446|FFFFFF|000000</href>
  </Icon>
</Style><description><![CDATA[]]></description><visibility>1</visibility></Placemark><Placemark><name>GC87GKJ</name><Point><coordinates>-122.2112,47.3003,100 
</coordinates></Point><Style>
  <Icon>
    <href>http://chart.apis.google.com/chart?chst=d_bubble_icon_text_small&amp;chld=location|bbT|447|FFFFFF|000000</href>
  </Icon>
</Style><description><![CDATA[]]></description><visibility>1</visibility></Placemark><Placemark><name>GC87DFJ</name><Point><coordinates>-122.2808,47.4078,100 
</coordinates></Point><Style>
  <Icon>
    <href>http://chart.apis.google.com/chart?chst=d_bubble_icon_text_small&amp;chld=location|bbT|448|FFFFFF|000000</href>
  </Icon>
</Style><description><![CDATA[]]></description><visibility>1</visibility></Placemark><Placemark><name>GC7B6Y9</name><Point><coordinates>-122.2835,47.408,100 
</coordinates></Point><Style>
  <Icon>
    <href>http://chart.apis.google.com/chart?chst=d_bubble_icon_text_small&amp;chld=location|bbT|449|FFFFFF|000000</href>
  </Icon>
</Style><description><![CDATA[]]></description><visibility>1</visibility></Placemark><Placemark><name>GC9W8DX</name><Point><coordinates>-122.3787,47.5541,100 
</coordinates></Point><Style>
  <Icon>
    <href>http://chart.apis.google.com/chart?chst=d_bubble_icon_text_small&amp;chld=location|bbT|450|FFFFFF|000000</href>
  </Icon>
</Style><description><![CDATA[]]></description><visibility>1</visibility></Placemark><Placemark><name>GC9W9ZE</name><Point><coordinates>-122.3442,47.6493,100 
</coordinates></Point><Style>
  <Icon>
    <href>http://chart.apis.google.com/chart?chst=d_bubble_icon_text_small&amp;chld=location|bbT|451|FFFFFF|000000</href>
  </Icon>
</Style><description><![CDATA[]]></description><visibility>1</visibility></Placemark><Placemark><name>GC9HJJA</name><Point><coordinates>-122.3067,47.7485,100 
</coordinates></Point><Style>
  <Icon>
    <href>http://chart.apis.google.com/chart?chst=d_bubble_icon_text_small&amp;chld=location|bbT|452|FFFFFF|000000</href>
  </Icon>
</Style><description><![CDATA[]]></description><visibility>1</visibility></Placemark><Placemark><name>GC7B78J</name><Point><coordinates>-122.2595,47.6415,100 
</coordinates></Point><Style>
  <Icon>
    <href>http://chart.apis.google.com/chart?chst=d_bubble_icon_text_small&amp;chld=location|bbT|453|FFFFFF|000000</href>
  </Icon>
</Style><description><![CDATA[]]></description><visibility>1</visibility></Placemark><Placemark><name>GCY9NG</name><Point><coordinates>-122.2363,47.6382,100 
</coordinates></Point><Style>
  <Icon>
    <href>http://chart.apis.google.com/chart?chst=d_bubble_icon_text_small&amp;chld=location|bbT|454|FFFFFF|000000</href>
  </Icon>
</Style><description><![CDATA[]]></description><visibility>1</visibility></Placemark><Placemark><name>GCTX0P</name><Point><coordinates>-122.2276,47.6323,100 
</coordinates></Point><Style>
  <Icon>
    <href>http://chart.apis.google.com/chart?chst=d_bubble_icon_text_small&amp;chld=location|bbT|455|FFFFFF|000000</href>
  </Icon>
</Style><description><![CDATA[]]></description><visibility>1</visibility></Placemark><Placemark><name>GCTMTX</name><Point><coordinates>-122.2331,47.6201,100 
</coordinates></Point><Style>
  <Icon>
    <href>http://chart.apis.google.com/chart?chst=d_bubble_icon_text_small&amp;chld=location|bbT|456|FFFFFF|000000</href>
  </Icon>
</Style><description><![CDATA[]]></description><visibility>1</visibility></Placemark><Placemark><name>GCTNCT</name><Point><coordinates>-122.2276,47.6129,100 
</coordinates></Point><Style>
  <Icon>
    <href>http://chart.apis.google.com/chart?chst=d_bubble_icon_text_small&amp;chld=location|bbT|457|FFFFFF|000000</href>
  </Icon>
</Style><description><![CDATA[]]></description><visibility>1</visibility></Placemark><Placemark><name>GC14P48</name><Point><coordinates>-122.2388,47.6155,100 
</coordinates></Point><Style>
  <Icon>
    <href>http://chart.apis.google.com/chart?chst=d_bubble_icon_text_small&amp;chld=location|bbT|458|FFFFFF|000000</href>
  </Icon>
</Style><description><![CDATA[]]></description><visibility>1</visibility></Placemark><Placemark><name>GC19BJG</name><Point><coordinates>-122.2979,47.6471,100 
</coordinates></Point><Style>
  <Icon>
    <href>http://chart.apis.google.com/chart?chst=d_bubble_icon_text_small&amp;chld=location|bbT|459|FFFFFF|000000</href>
  </Icon>
</Style><description><![CDATA[]]></description><visibility>1</visibility></Placemark><Placemark><name>GC61Z95</name><Point><coordinates>-122.4061,47.6768,100 
</coordinates></Point><Style>
  <Icon>
    <href>http://chart.apis.google.com/chart?chst=d_bubble_icon_text_small&amp;chld=location|bbT|460|FFFFFF|000000</href>
  </Icon>
</Style><description><![CDATA[]]></description><visibility>1</visibility></Placemark><Placemark><name>GC9GEE2</name><Point><coordinates>-122.3385,47.6612,100 
</coordinates></Point><Style>
  <Icon>
    <href>http://chart.apis.google.com/chart?chst=d_bubble_icon_text_small&amp;chld=location|bbT|461|FFFFFF|000000</href>
  </Icon>
</Style><description><![CDATA[]]></description><visibility>1</visibility></Placemark><Placemark><name>GC99RGQ</name><Point><coordinates>-122.2743,47.6799,100 
</coordinates></Point><Style>
  <Icon>
    <href>http://chart.apis.google.com/chart?chst=d_bubble_icon_text_small&amp;chld=location|bbT|462|FFFFFF|000000</href>
  </Icon>
</Style><description><![CDATA[]]></description><visibility>1</visibility></Placemark><Placemark><name>GC9WCY1</name><Point><coordinates>-122.3359,47.6087,100 
</coordinates></Point><Style>
  <Icon>
    <href>http://chart.apis.google.com/chart?chst=d_bubble_icon_text_small&amp;chld=location|bbT|463|FFFFFF|000000</href>
  </Icon>
</Style><description><![CDATA[]]></description><visibility>1</visibility></Placemark><Placemark><name>GC2K7DR</name><Point><coordinates>-121.9162,46.995,100 
</coordinates></Point><Style>
  <Icon>
    <href>http://chart.apis.google.com/chart?chst=d_bubble_icon_text_small&amp;chld=location|bbT|464|FFFFFF|000000</href>
  </Icon>
</Style><description><![CDATA[]]></description><visibility>1</visibility></Placemark><Placemark><name>GC2K7N2</name><Point><coordinates>-121.9296,46.9896,100 
</coordinates></Point><Style>
  <Icon>
    <href>http://chart.apis.google.com/chart?chst=d_bubble_icon_text_small&amp;chld=location|bbT|465|FFFFFF|000000</href>
  </Icon>
</Style><description><![CDATA[]]></description><visibility>1</visibility></Placemark><Placemark><name>GC5EK0D</name><Point><coordinates>-122.4918,47.242,100 
</coordinates></Point><Style>
  <Icon>
    <href>http://chart.apis.google.com/chart?chst=d_bubble_icon_text_small&amp;chld=location|bbT|466|FFFFFF|000000</href>
  </Icon>
</Style><description><![CDATA[]]></description><visibility>1</visibility></Placemark><Placemark><name>GC8E6BT</name><Point><coordinates>-122.8306,47.3819,100 
</coordinates></Point><Style>
  <Icon>
    <href>http://chart.apis.google.com/chart?chst=d_bubble_icon_text_small&amp;chld=location|bbT|467|FFFFFF|000000</href>
  </Icon>
</Style><description><![CDATA[]]></description><visibility>1</visibility></Placemark><Placemark><name>GC8N3K2</name><Point><coordinates>-122.8314,47.3803,100 
</coordinates></Point><Style>
  <Icon>
    <href>http://chart.apis.google.com/chart?chst=d_bubble_icon_text_small&amp;chld=location|bbT|468|FFFFFF|000000</href>
  </Icon>
</Style><description><![CDATA[]]></description><visibility>1</visibility></Placemark><Placemark><name>GC572ZG</name><Point><coordinates>-122.8232,47.453,100 
</coordinates></Point><Style>
  <Icon>
    <href>http://chart.apis.google.com/chart?chst=d_bubble_icon_text_small&amp;chld=location|bbT|469|FFFFFF|000000</href>
  </Icon>
</Style><description><![CDATA[]]></description><visibility>1</visibility></Placemark><Placemark><name>GC6J4HZ</name><Point><coordinates>-122.8307,47.4379,100 
</coordinates></Point><Style>
  <Icon>
    <href>http://chart.apis.google.com/chart?chst=d_bubble_icon_text_small&amp;chld=location|bbT|470|FFFFFF|000000</href>
  </Icon>
</Style><description><![CDATA[]]></description><visibility>1</visibility></Placemark><Placemark><name>GC7Q4F0</name><Point><coordinates>-122.8364,47.4469,100 
</coordinates></Point><Style>
  <Icon>
    <href>http://chart.apis.google.com/chart?chst=d_bubble_icon_text_small&amp;chld=location|bbT|471|FFFFFF|000000</href>
  </Icon>
</Style><description><![CDATA[]]></description><visibility>1</visibility></Placemark><Placemark><name>GC7N7Z8</name><Point><coordinates>-122.8371,47.4454,100 
</coordinates></Point><Style>
  <Icon>
    <href>http://chart.apis.google.com/chart?chst=d_bubble_icon_text_small&amp;chld=location|bbT|472|FFFFFF|000000</href>
  </Icon>
</Style><description><![CDATA[]]></description><visibility>1</visibility></Placemark><Placemark><name>GC7N7YX</name><Point><coordinates>-122.8376,47.4439,100 
</coordinates></Point><Style>
  <Icon>
    <href>http://chart.apis.google.com/chart?chst=d_bubble_icon_text_small&amp;chld=location|bbT|473|FFFFFF|000000</href>
  </Icon>
</Style><description><![CDATA[]]></description><visibility>1</visibility></Placemark><Placemark><name>GC9WPMT</name><Point><coordinates>-122.8293,47.4469,100 
</coordinates></Point><Style>
  <Icon>
    <href>http://chart.apis.google.com/chart?chst=d_bubble_icon_text_small&amp;chld=location|bbT|474|FFFFFF|000000</href>
  </Icon>
</Style><description><![CDATA[]]></description><visibility>1</visibility></Placemark><Placemark><name>GC6GFGP</name><Point><coordinates>-122.8371,47.4331,100 
</coordinates></Point><Style>
  <Icon>
    <href>http://chart.apis.google.com/chart?chst=d_bubble_icon_text_small&amp;chld=location|bbT|475|FFFFFF|000000</href>
  </Icon>
</Style><description><![CDATA[]]></description><visibility>1</visibility></Placemark><Placemark><name>GC849H1</name><Point><coordinates>-122.5455,47.4892,100 
</coordinates></Point><Style>
  <Icon>
    <href>http://chart.apis.google.com/chart?chst=d_bubble_icon_text_small&amp;chld=location|bbT|476|FFFFFF|000000</href>
  </Icon>
</Style><description><![CDATA[]]></description><visibility>1</visibility></Placemark><Placemark><name>GC59FCK</name><Point><coordinates>-122.549,47.4772,100 
</coordinates></Point><Style>
  <Icon>
    <href>http://chart.apis.google.com/chart?chst=d_bubble_icon_text_small&amp;chld=location|bbT|477|FFFFFF|000000</href>
  </Icon>
</Style><description><![CDATA[]]></description><visibility>1</visibility></Placemark><Placemark><name>GC1C4MM</name><Point><coordinates>-122.5523,47.478,100 
</coordinates></Point><Style>
  <Icon>
    <href>http://chart.apis.google.com/chart?chst=d_bubble_icon_text_small&amp;chld=location|bbT|478|FFFFFF|000000</href>
  </Icon>
</Style><description><![CDATA[]]></description><visibility>1</visibility></Placemark><Placemark><name>GC6G4DH</name><Point><coordinates>-122.5474,47.4759,100 
</coordinates></Point><Style>
  <Icon>
    <href>http://chart.apis.google.com/chart?chst=d_bubble_icon_text_small&amp;chld=location|bbT|479|FFFFFF|000000</href>
  </Icon>
</Style><description><![CDATA[]]></description><visibility>1</visibility></Placemark><Placemark><name>GC4YP1J</name><Point><coordinates>-122.5452,47.4777,100 
</coordinates></Point><Style>
  <Icon>
    <href>http://chart.apis.google.com/chart?chst=d_bubble_icon_text_small&amp;chld=location|bbT|480|FFFFFF|000000</href>
  </Icon>
</Style><description><![CDATA[]]></description><visibility>1</visibility></Placemark><Placemark><name>GC7QQWZ</name><Point><coordinates>-122.4071,37.7767,100 
</coordinates></Point><Style>
  <Icon>
    <href>http://chart.apis.google.com/chart?chst=d_bubble_icon_text_small&amp;chld=location|bbT|481|FFFFFF|000000</href>
  </Icon>
</Style><description><![CDATA[]]></description><visibility>1</visibility></Placemark><Placemark><name>GC7B66Z</name><Point><coordinates>-122.4195,37.8025,100 
</coordinates></Point><Style>
  <Icon>
    <href>http://chart.apis.google.com/chart?chst=d_bubble_icon_text_small&amp;chld=location|bbT|482|FFFFFF|000000</href>
  </Icon>
</Style><description><![CDATA[]]></description><visibility>1</visibility></Placemark><Placemark><name>GC9KP71</name><Point><coordinates>-122.4192,37.8016,100 
</coordinates></Point><Style>
  <Icon>
    <href>http://chart.apis.google.com/chart?chst=d_bubble_icon_text_small&amp;chld=location|bbT|483|FFFFFF|000000</href>
  </Icon>
</Style><description><![CDATA[]]></description><visibility>1</visibility></Placemark><Placemark><name>GCC10C</name><Point><coordinates>-122.4231,37.7567,100 
</coordinates></Point><Style>
  <Icon>
    <href>http://chart.apis.google.com/chart?chst=d_bubble_icon_text_small&amp;chld=location|bbT|484|FFFFFF|000000</href>
  </Icon>
</Style><description><![CDATA[]]></description><visibility>1</visibility></Placemark><Placemark><name>GC9PQ03</name><Point><coordinates>-122.4278,37.7585,100 
</coordinates></Point><Style>
  <Icon>
    <href>http://chart.apis.google.com/chart?chst=d_bubble_icon_text_small&amp;chld=location|bbT|485|FFFFFF|000000</href>
  </Icon>
</Style><description><![CDATA[]]></description><visibility>1</visibility></Placemark><Placemark><name>GC9FZP0</name><Point><coordinates>-122.4356,37.7682,100 
</coordinates></Point><Style>
  <Icon>
    <href>http://chart.apis.google.com/chart?chst=d_bubble_icon_text_small&amp;chld=location|bbT|486|FFFFFF|000000</href>
  </Icon>
</Style><description><![CDATA[]]></description><visibility>1</visibility></Placemark><Placemark><name>GC9M490</name><Point><coordinates>-122.4324,37.7699,100 
</coordinates></Point><Style>
  <Icon>
    <href>http://chart.apis.google.com/chart?chst=d_bubble_icon_text_small&amp;chld=location|bbT|487|FFFFFF|000000</href>
  </Icon>
</Style><description><![CDATA[]]></description><visibility>1</visibility></Placemark><Placemark><name>GC9KB5Y</name><Point><coordinates>-122.4436,37.7735,100 
</coordinates></Point><Style>
  <Icon>
    <href>http://chart.apis.google.com/chart?chst=d_bubble_icon_text_small&amp;chld=location|bbT|488|FFFFFF|000000</href>
  </Icon>
</Style><description><![CDATA[]]></description><visibility>1</visibility></Placemark><Placemark><name>GC83GY6</name><Point><coordinates>-122.415,37.7942,100 
</coordinates></Point><Style>
  <Icon>
    <href>http://chart.apis.google.com/chart?chst=d_bubble_icon_text_small&amp;chld=location|bbT|489|FFFFFF|000000</href>
  </Icon>
</Style><description><![CDATA[]]></description><visibility>1</visibility></Placemark><Placemark><name>GC7EV3C</name><Point><coordinates>-122.4058,37.7768,100 
</coordinates></Point><Style>
  <Icon>
    <href>http://chart.apis.google.com/chart?chst=d_bubble_icon_text_small&amp;chld=location|bbT|490|FFFFFF|000000</href>
  </Icon>
</Style><description><![CDATA[]]></description><visibility>1</visibility></Placemark><Placemark><name>GCHRJV</name><Point><coordinates>-122.4129,37.7923,100 
</coordinates></Point><Style>
  <Icon>
    <href>http://chart.apis.google.com/chart?chst=d_bubble_icon_text_small&amp;chld=location|bbT|491|FFFFFF|000000</href>
  </Icon>
</Style><description><![CDATA[]]></description><visibility>1</visibility></Placemark><Placemark><name>GC67NC5</name><Point><coordinates>-122.4083,37.7884,100 
</coordinates></Point><Style>
  <Icon>
    <href>http://chart.apis.google.com/chart?chst=d_bubble_icon_text_small&amp;chld=location|bbT|492|FFFFFF|000000</href>
  </Icon>
</Style><description><![CDATA[]]></description><visibility>1</visibility></Placemark><Placemark><name>GC9N70R</name><Point><coordinates>-122.0899,37.3298,100 
</coordinates></Point><Style>
  <Icon>
    <href>http://chart.apis.google.com/chart?chst=d_bubble_icon_text_small&amp;chld=location|bbT|493|FFFFFF|000000</href>
  </Icon>
</Style><description><![CDATA[]]></description><visibility>1</visibility></Placemark><Placemark><name>GCC0E7</name><Point><coordinates>-122.3982,37.7847,100 
</coordinates></Point><Style>
  <Icon>
    <href>http://chart.apis.google.com/chart?chst=d_bubble_icon_text_small&amp;chld=location|bbT|494|FFFFFF|000000</href>
  </Icon>
</Style><description><![CDATA[]]></description><visibility>1</visibility></Placemark><Placemark><name>GC9X9QB</name><Point><coordinates>-122.3473,47.6485,100 
</coordinates></Point><Style>
  <Icon>
    <href>http://chart.apis.google.com/chart?chst=d_bubble_icon_text_small&amp;chld=location|bbT|495|FFFFFF|000000</href>
  </Icon>
</Style><description><![CDATA[]]></description><visibility>1</visibility></Placemark><Placemark><name>GC7RHQF</name><Point><coordinates>-122.3895,47.6873,100 
</coordinates></Point><Style>
  <Icon>
    <href>http://chart.apis.google.com/chart?chst=d_bubble_icon_text_small&amp;chld=location|bbT|496|FFFFFF|000000</href>
  </Icon>
</Style><description><![CDATA[]]></description><visibility>1</visibility></Placemark><Placemark><name>GC1F79P</name><Point><coordinates>-122.3482,47.6505,100 
</coordinates></Point><Style>
  <Icon>
    <href>http://chart.apis.google.com/chart?chst=d_bubble_icon_text_small&amp;chld=location|bbT|497|FFFFFF|000000</href>
  </Icon>
</Style><description><![CDATA[]]></description><visibility>1</visibility></Placemark><Placemark><name>GC47XRD</name><Point><coordinates>-122.2848,47.6623,100 
</coordinates></Point><Style>
  <Icon>
    <href>http://chart.apis.google.com/chart?chst=d_bubble_icon_text_small&amp;chld=location|bbT|498|FFFFFF|000000</href>
  </Icon>
</Style><description><![CDATA[]]></description><visibility>1</visibility></Placemark><Placemark><name>GC47XKR</name><Point><coordinates>-122.2835,47.6614,100 
</coordinates></Point><Style>
  <Icon>
    <href>http://chart.apis.google.com/chart?chst=d_bubble_icon_text_small&amp;chld=location|bbT|499|FFFFFF|000000</href>
  </Icon>
</Style><description><![CDATA[]]></description><visibility>1</visibility></Placemark><Placemark><name>GCKGFD</name><Point><coordinates>-122.3324,47.6212,100 
</coordinates></Point><Style>
  <Icon>
    <href>http://chart.apis.google.com/chart?chst=d_bubble_icon_text_small&amp;chld=location|bbT|500|FFFFFF|000000</href>
  </Icon>
</Style><description><![CDATA[]]></description><visibility>1</visibility></Placemark><Placemark><name>GC8418B</name><Point><coordinates>-122.3418,47.6189,100 
</coordinates></Point><Style>
  <Icon>
    <href>http://chart.apis.google.com/chart?chst=d_bubble_icon_text_small&amp;chld=location|bbT|501|FFFFFF|000000</href>
  </Icon>
</Style><description><![CDATA[]]></description><visibility>1</visibility></Placemark><Placemark><name>GC4NPTJ</name><Point><coordinates>-122.3542,47.6258,100 
</coordinates></Point><Style>
  <Icon>
    <href>http://chart.apis.google.com/chart?chst=d_bubble_icon_text_small&amp;chld=location|bbT|502|FFFFFF|000000</href>
  </Icon>
</Style><description><![CDATA[]]></description><visibility>1</visibility></Placemark><Placemark><name>GC9BYBG</name><Point><coordinates>-121.8562,47.5647,100 
</coordinates></Point><Style>
  <Icon>
    <href>http://chart.apis.google.com/chart?chst=d_bubble_icon_text_small&amp;chld=location|bbT|503|FFFFFF|000000</href>
  </Icon>
</Style><description><![CDATA[]]></description><visibility>1</visibility></Placemark><Placemark><name>GC8HTXT</name><Point><coordinates>-121.846,47.5626,100 
</coordinates></Point><Style>
  <Icon>
    <href>http://chart.apis.google.com/chart?chst=d_bubble_icon_text_small&amp;chld=location|bbT|504|FFFFFF|000000</href>
  </Icon>
</Style><description><![CDATA[]]></description><visibility>1</visibility></Placemark><Placemark><name>GC9CKDH</name><Point><coordinates>-121.8482,47.5621,100 
</coordinates></Point><Style>
  <Icon>
    <href>http://chart.apis.google.com/chart?chst=d_bubble_icon_text_small&amp;chld=location|bbT|505|FFFFFF|000000</href>
  </Icon>
</Style><description><![CDATA[]]></description><visibility>1</visibility></Placemark><Placemark><name>GC9A68T</name><Point><coordinates>-121.8454,47.5604,100 
</coordinates></Point><Style>
  <Icon>
    <href>http://chart.apis.google.com/chart?chst=d_bubble_icon_text_small&amp;chld=location|bbT|506|FFFFFF|000000</href>
  </Icon>
</Style><description><![CDATA[]]></description><visibility>1</visibility></Placemark><Placemark><name>GC7XD6Y</name><Point><coordinates>-121.8415,47.5584,100 
</coordinates></Point><Style>
  <Icon>
    <href>http://chart.apis.google.com/chart?chst=d_bubble_icon_text_small&amp;chld=location|bbT|507|FFFFFF|000000</href>
  </Icon>
</Style><description><![CDATA[]]></description><visibility>1</visibility></Placemark><Placemark><name>GC9CKDX</name><Point><coordinates>-121.8403,47.5571,100 
</coordinates></Point><Style>
  <Icon>
    <href>http://chart.apis.google.com/chart?chst=d_bubble_icon_text_small&amp;chld=location|bbT|508|FFFFFF|000000</href>
  </Icon>
</Style><description><![CDATA[]]></description><visibility>1</visibility></Placemark><Placemark><name>GCJ6BR</name><Point><coordinates>-121.8386,47.5559,100 
</coordinates></Point><Style>
  <Icon>
    <href>http://chart.apis.google.com/chart?chst=d_bubble_icon_text_small&amp;chld=location|bbT|509|FFFFFF|000000</href>
  </Icon>
</Style><description><![CDATA[]]></description><visibility>1</visibility></Placemark><Placemark><name>GC13ZC0</name><Point><coordinates>-121.8354,47.5557,100 
</coordinates></Point><Style>
  <Icon>
    <href>http://chart.apis.google.com/chart?chst=d_bubble_icon_text_small&amp;chld=location|bbT|510|FFFFFF|000000</href>
  </Icon>
</Style><description><![CDATA[]]></description><visibility>1</visibility></Placemark><Placemark><name>GCNZE3</name><Point><coordinates>-121.8319,47.5566,100 
</coordinates></Point><Style>
  <Icon>
    <href>http://chart.apis.google.com/chart?chst=d_bubble_icon_text_small&amp;chld=location|bbT|511|FFFFFF|000000</href>
  </Icon>
</Style><description><![CDATA[]]></description><visibility>1</visibility></Placemark><Placemark><name>GC7TA68</name><Point><coordinates>-121.8283,47.5583,100 
</coordinates></Point><Style>
  <Icon>
    <href>http://chart.apis.google.com/chart?chst=d_bubble_icon_text_small&amp;chld=location|bbT|512|FFFFFF|000000</href>
  </Icon>
</Style><description><![CDATA[]]></description><visibility>1</visibility></Placemark><Placemark><name>GC7XD5T</name><Point><coordinates>-121.8305,47.5535,100 
</coordinates></Point><Style>
  <Icon>
    <href>http://chart.apis.google.com/chart?chst=d_bubble_icon_text_small&amp;chld=location|bbT|513|FFFFFF|000000</href>
  </Icon>
</Style><description><![CDATA[]]></description><visibility>1</visibility></Placemark><Placemark><name>GC27EZP</name><Point><coordinates>-121.8517,47.564,100 
</coordinates></Point><Style>
  <Icon>
    <href>http://chart.apis.google.com/chart?chst=d_bubble_icon_text_small&amp;chld=location|bbT|514|FFFFFF|000000</href>
  </Icon>
</Style><description><![CDATA[]]></description><visibility>1</visibility></Placemark><Placemark><name>GCHJK0</name><Point><coordinates>-121.8886,47.5849,100 
</coordinates></Point><Style>
  <Icon>
    <href>http://chart.apis.google.com/chart?chst=d_bubble_icon_text_small&amp;chld=location|bbT|515|FFFFFF|000000</href>
  </Icon>
</Style><description><![CDATA[]]></description><visibility>1</visibility></Placemark><Placemark><name>GC9FPZ9</name><Point><coordinates>-121.8902,47.5506,100 
</coordinates></Point><Style>
  <Icon>
    <href>http://chart.apis.google.com/chart?chst=d_bubble_icon_text_small&amp;chld=location|bbT|516|FFFFFF|000000</href>
  </Icon>
</Style><description><![CDATA[]]></description><visibility>1</visibility></Placemark><Placemark><name>GCNYXV</name><Point><coordinates>-121.8876,47.5513,100 
</coordinates></Point><Style>
  <Icon>
    <href>http://chart.apis.google.com/chart?chst=d_bubble_icon_text_small&amp;chld=location|bbT|517|FFFFFF|000000</href>
  </Icon>
</Style><description><![CDATA[]]></description><visibility>1</visibility></Placemark><Placemark><name>GC6Q0VW</name><Point><coordinates>-121.8831,47.5503,100 
</coordinates></Point><Style>
  <Icon>
    <href>http://chart.apis.google.com/chart?chst=d_bubble_icon_text_small&amp;chld=location|bbT|518|FFFFFF|000000</href>
  </Icon>
</Style><description><![CDATA[]]></description><visibility>1</visibility></Placemark><Placemark><name>GC6Q0VK</name><Point><coordinates>-121.879,47.5498,100 
</coordinates></Point><Style>
  <Icon>
    <href>http://chart.apis.google.com/chart?chst=d_bubble_icon_text_small&amp;chld=location|bbT|519|FFFFFF|000000</href>
  </Icon>
</Style><description><![CDATA[]]></description><visibility>1</visibility></Placemark><Placemark><name>GC987RJ</name><Point><coordinates>-121.8764,47.5425,100 
</coordinates></Point><Style>
  <Icon>
    <href>http://chart.apis.google.com/chart?chst=d_bubble_icon_text_small&amp;chld=location|bbT|520|FFFFFF|000000</href>
  </Icon>
</Style><description><![CDATA[]]></description><visibility>1</visibility></Placemark><Placemark><name>GC11F9R</name><Point><coordinates>-121.89,47.56,100 
</coordinates></Point><Style>
  <Icon>
    <href>http://chart.apis.google.com/chart?chst=d_bubble_icon_text_small&amp;chld=location|bbT|521|FFFFFF|000000</href>
  </Icon>
</Style><description><![CDATA[]]></description><visibility>1</visibility></Placemark><Placemark><name>GC58P8P</name><Point><coordinates>-121.9302,47.5274,100 
</coordinates></Point><Style>
  <Icon>
    <href>http://chart.apis.google.com/chart?chst=d_bubble_icon_text_small&amp;chld=location|bbT|522|FFFFFF|000000</href>
  </Icon>
</Style><description><![CDATA[]]></description><visibility>1</visibility></Placemark><Placemark><name>GC12KE0</name><Point><coordinates>-121.7821,48.0699,100 
</coordinates></Point><Style>
  <Icon>
    <href>http://chart.apis.google.com/chart?chst=d_bubble_icon_text_small&amp;chld=location|bbT|523|FFFFFF|000000</href>
  </Icon>
</Style><description><![CDATA[]]></description><visibility>1</visibility></Placemark><Placemark><name>GC9X1XF</name><Point><coordinates>-122.3489,47.6499,100 
</coordinates></Point><Style>
  <Icon>
    <href>http://chart.apis.google.com/chart?chst=d_bubble_icon_text_small&amp;chld=location|bbT|524|FFFFFF|000000</href>
  </Icon>
</Style><description><![CDATA[]]></description><visibility>1</visibility></Placemark><Placemark><name>GC20DNP</name><Point><coordinates>-122.2782,47.6205,100 
</coordinates></Point><Style>
  <Icon>
    <href>http://chart.apis.google.com/chart?chst=d_bubble_icon_text_small&amp;chld=location|bbT|525|FFFFFF|000000</href>
  </Icon>
</Style><description><![CDATA[]]></description><visibility>1</visibility></Placemark><Placemark><name>GCVYZ6</name><Point><coordinates>-122.2819,47.6193,100 
</coordinates></Point><Style>
  <Icon>
    <href>http://chart.apis.google.com/chart?chst=d_bubble_icon_text_small&amp;chld=location|bbT|526|FFFFFF|000000</href>
  </Icon>
</Style><description><![CDATA[]]></description><visibility>1</visibility></Placemark><Placemark><name>GC4YZDH</name><Point><coordinates>-122.2845,47.6219,100 
</coordinates></Point><Style>
  <Icon>
    <href>http://chart.apis.google.com/chart?chst=d_bubble_icon_text_small&amp;chld=location|bbT|527|FFFFFF|000000</href>
  </Icon>
</Style><description><![CDATA[]]></description><visibility>1</visibility></Placemark><Placemark><name>GCRHC3</name><Point><coordinates>-122.283,47.617,100 
</coordinates></Point><Style>
  <Icon>
    <href>http://chart.apis.google.com/chart?chst=d_bubble_icon_text_small&amp;chld=location|bbT|528|FFFFFF|000000</href>
  </Icon>
</Style><description><![CDATA[]]></description><visibility>1</visibility></Placemark><Placemark><name>GC131Q0</name><Point><coordinates>-122.3064,47.6333,100 
</coordinates></Point><Style>
  <Icon>
    <href>http://chart.apis.google.com/chart?chst=d_bubble_icon_text_small&amp;chld=location|bbT|529|FFFFFF|000000</href>
  </Icon>
</Style><description><![CDATA[]]></description><visibility>1</visibility></Placemark><Placemark><name>GC70G0X</name><Point><coordinates>-122.2362,47.8653,100 
</coordinates></Point><Style>
  <Icon>
    <href>http://chart.apis.google.com/chart?chst=d_bubble_icon_text_small&amp;chld=location|bbT|530|FFFFFF|000000</href>
  </Icon>
</Style><description><![CDATA[]]></description><visibility>1</visibility></Placemark><Placemark><name>GC5JTVH</name><Point><coordinates>-122.189,48.1693,100 
</coordinates></Point><Style>
  <Icon>
    <href>http://chart.apis.google.com/chart?chst=d_bubble_icon_text_small&amp;chld=location|bbT|531|FFFFFF|000000</href>
  </Icon>
</Style><description><![CDATA[]]></description><visibility>1</visibility></Placemark><Placemark><name>GC7K291</name><Point><coordinates>-122.3381,48.4214,100 
</coordinates></Point><Style>
  <Icon>
    <href>http://chart.apis.google.com/chart?chst=d_bubble_icon_text_small&amp;chld=location|bbT|532|FFFFFF|000000</href>
  </Icon>
</Style><description><![CDATA[]]></description><visibility>1</visibility></Placemark><Placemark><name>GC9RFV2</name><Point><coordinates>-122.2922,48.432,100 
</coordinates></Point><Style>
  <Icon>
    <href>http://chart.apis.google.com/chart?chst=d_bubble_icon_text_small&amp;chld=location|bbT|533|FFFFFF|000000</href>
  </Icon>
</Style><description><![CDATA[]]></description><visibility>1</visibility></Placemark><Placemark><name>GC5CH5Z</name><Point><coordinates>-122.2101,48.6636,100 
</coordinates></Point><Style>
  <Icon>
    <href>http://chart.apis.google.com/chart?chst=d_bubble_icon_text_small&amp;chld=location|bbT|534|FFFFFF|000000</href>
  </Icon>
</Style><description><![CDATA[]]></description><visibility>1</visibility></Placemark><Placemark><name>GC9P508</name><Point><coordinates>-121.9378,48.8884,100 
</coordinates></Point><Style>
  <Icon>
    <href>http://chart.apis.google.com/chart?chst=d_bubble_icon_text_small&amp;chld=location|bbT|535|FFFFFF|000000</href>
  </Icon>
</Style><description><![CDATA[]]></description><visibility>1</visibility></Placemark><Placemark><name>GC9XD29</name><Point><coordinates>-122.3044,49.0442,100 
</coordinates></Point><Style>
  <Icon>
    <href>http://chart.apis.google.com/chart?chst=d_bubble_icon_text_small&amp;chld=location|bbT|536|FFFFFF|000000</href>
  </Icon>
</Style><description><![CDATA[]]></description><visibility>1</visibility></Placemark><Placemark><name>GC9NF8X</name><Point><coordinates>-122.3262,49.0672,100 
</coordinates></Point><Style>
  <Icon>
    <href>http://chart.apis.google.com/chart?chst=d_bubble_icon_text_small&amp;chld=location|bbT|537|FFFFFF|000000</href>
  </Icon>
</Style><description><![CDATA[]]></description><visibility>1</visibility></Placemark><Placemark><name>GC8HMXA</name><Point><coordinates>-122.3255,49.0646,100 
</coordinates></Point><Style>
  <Icon>
    <href>http://chart.apis.google.com/chart?chst=d_bubble_icon_text_small&amp;chld=location|bbT|538|FFFFFF|000000</href>
  </Icon>
</Style><description><![CDATA[]]></description><visibility>1</visibility></Placemark><Placemark><name>GC9RW7C</name><Point><coordinates>-122.3251,49.0643,100 
</coordinates></Point><Style>
  <Icon>
    <href>http://chart.apis.google.com/chart?chst=d_bubble_icon_text_small&amp;chld=location|bbT|539|FFFFFF|000000</href>
  </Icon>
</Style><description><![CDATA[]]></description><visibility>1</visibility></Placemark><Placemark><name>GC8D4Z9</name><Point><coordinates>-122.3077,49.0431,100 
</coordinates></Point><Style>
  <Icon>
    <href>http://chart.apis.google.com/chart?chst=d_bubble_icon_text_small&amp;chld=location|bbT|540|FFFFFF|000000</href>
  </Icon>
</Style><description><![CDATA[]]></description><visibility>1</visibility></Placemark><Placemark><name>GC6MXVZ</name><Point><coordinates>-122.3085,49.043,100 
</coordinates></Point><Style>
  <Icon>
    <href>http://chart.apis.google.com/chart?chst=d_bubble_icon_text_small&amp;chld=location|bbT|541|FFFFFF|000000</href>
  </Icon>
</Style><description><![CDATA[]]></description><visibility>1</visibility></Placemark><Placemark><name>GC22CM7</name><Point><coordinates>-122.312,49.0465,100 
</coordinates></Point><Style>
  <Icon>
    <href>http://chart.apis.google.com/chart?chst=d_bubble_icon_text_small&amp;chld=location|bbT|542|FFFFFF|000000</href>
  </Icon>
</Style><description><![CDATA[]]></description><visibility>1</visibility></Placemark><Placemark><name>GC9RQQ8</name><Point><coordinates>-122.3101,49.046,100 
</coordinates></Point><Style>
  <Icon>
    <href>http://chart.apis.google.com/chart?chst=d_bubble_icon_text_small&amp;chld=location|bbT|543|FFFFFF|000000</href>
  </Icon>
</Style><description><![CDATA[]]></description><visibility>1</visibility></Placemark><Placemark><name>GC1YYEN</name><Point><coordinates>-122.1702,49.0631,100 
</coordinates></Point><Style>
  <Icon>
    <href>http://chart.apis.google.com/chart?chst=d_bubble_icon_text_small&amp;chld=location|bbT|544|FFFFFF|000000</href>
  </Icon>
</Style><description><![CDATA[]]></description><visibility>1</visibility></Placemark><Placemark><name>GC4YZGV</name><Point><coordinates>-122.2607,49.0491,100 
</coordinates></Point><Style>
  <Icon>
    <href>http://chart.apis.google.com/chart?chst=d_bubble_icon_text_small&amp;chld=location|bbT|545|FFFFFF|000000</href>
  </Icon>
</Style><description><![CDATA[]]></description><visibility>1</visibility></Placemark><Placemark><name>GC7D18W</name><Point><coordinates>-122.3108,49.0446,100 
</coordinates></Point><Style>
  <Icon>
    <href>http://chart.apis.google.com/chart?chst=d_bubble_icon_text_small&amp;chld=location|bbT|546|FFFFFF|000000</href>
  </Icon>
</Style><description><![CDATA[]]></description><visibility>1</visibility></Placemark><Placemark><name>GC3ABD6</name><Point><coordinates>-122.2802,49.0502,100 
</coordinates></Point><Style>
  <Icon>
    <href>http://chart.apis.google.com/chart?chst=d_bubble_icon_text_small&amp;chld=location|bbT|547|FFFFFF|000000</href>
  </Icon>
</Style><description><![CDATA[]]></description><visibility>1</visibility></Placemark><Placemark><name>GC86VDF</name><Point><coordinates>-122.3263,49.065,100 
</coordinates></Point><Style>
  <Icon>
    <href>http://chart.apis.google.com/chart?chst=d_bubble_icon_text_small&amp;chld=location|bbT|548|FFFFFF|000000</href>
  </Icon>
</Style><description><![CDATA[]]></description><visibility>1</visibility></Placemark><Placemark><name>GC217NY</name><Point><coordinates>-122.3067,49.0564,100 
</coordinates></Point><Style>
  <Icon>
    <href>http://chart.apis.google.com/chart?chst=d_bubble_icon_text_small&amp;chld=location|bbT|549|FFFFFF|000000</href>
  </Icon>
</Style><description><![CDATA[]]></description><visibility>1</visibility></Placemark><Placemark><name>GC9XCB6</name><Point><coordinates>-122.2923,49.0486,100 
</coordinates></Point><Style>
  <Icon>
    <href>http://chart.apis.google.com/chart?chst=d_bubble_icon_text_small&amp;chld=location|bbT|550|FFFFFF|000000</href>
  </Icon>
</Style><description><![CDATA[]]></description><visibility>1</visibility></Placemark><Placemark><name>GC9XCB8</name><Point><coordinates>-122.2799,49.0749,100 
</coordinates></Point><Style>
  <Icon>
    <href>http://chart.apis.google.com/chart?chst=d_bubble_icon_text_small&amp;chld=location|bbT|551|FFFFFF|000000</href>
  </Icon>
</Style><description><![CDATA[]]></description><visibility>1</visibility></Placemark><Placemark><name>GC4C930</name><Point><coordinates>-122.2794,49.0715,100 
</coordinates></Point><Style>
  <Icon>
    <href>http://chart.apis.google.com/chart?chst=d_bubble_icon_text_small&amp;chld=location|bbT|552|FFFFFF|000000</href>
  </Icon>
</Style><description><![CDATA[]]></description><visibility>1</visibility></Placemark><Placemark><name>GC1QE0V</name><Point><coordinates>-122.2807,49.0695,100 
</coordinates></Point><Style>
  <Icon>
    <href>http://chart.apis.google.com/chart?chst=d_bubble_icon_text_small&amp;chld=location|bbT|553|FFFFFF|000000</href>
  </Icon>
</Style><description><![CDATA[]]></description><visibility>1</visibility></Placemark><Placemark><name>GC8H8NY</name><Point><coordinates>-122.2793,49.068,100 
</coordinates></Point><Style>
  <Icon>
    <href>http://chart.apis.google.com/chart?chst=d_bubble_icon_text_small&amp;chld=location|bbT|554|FFFFFF|000000</href>
  </Icon>
</Style><description><![CDATA[]]></description><visibility>1</visibility></Placemark><Placemark><name>GC7KDT9</name><Point><coordinates>-122.2811,49.0672,100 
</coordinates></Point><Style>
  <Icon>
    <href>http://chart.apis.google.com/chart?chst=d_bubble_icon_text_small&amp;chld=location|bbT|555|FFFFFF|000000</href>
  </Icon>
</Style><description><![CDATA[]]></description><visibility>1</visibility></Placemark><Placemark><name>GC7KDRM</name><Point><coordinates>-122.2849,49.0716,100 
</coordinates></Point><Style>
  <Icon>
    <href>http://chart.apis.google.com/chart?chst=d_bubble_icon_text_small&amp;chld=location|bbT|556|FFFFFF|000000</href>
  </Icon>
</Style><description><![CDATA[]]></description><visibility>1</visibility></Placemark><Placemark><name>GC7KDRY</name><Point><coordinates>-122.2804,49.0743,100 
</coordinates></Point><Style>
  <Icon>
    <href>http://chart.apis.google.com/chart?chst=d_bubble_icon_text_small&amp;chld=location|bbT|557|FFFFFF|000000</href>
  </Icon>
</Style><description><![CDATA[]]></description><visibility>1</visibility></Placemark><Placemark><name>GC9XCXR</name><Point><coordinates>-122.2883,49.0338,100 
</coordinates></Point><Style>
  <Icon>
    <href>http://chart.apis.google.com/chart?chst=d_bubble_icon_text_small&amp;chld=location|bbT|558|FFFFFF|000000</href>
  </Icon>
</Style><description><![CDATA[]]></description><visibility>1</visibility></Placemark><Placemark><name>GC9NEFV</name><Point><coordinates>-122.3249,49.0651,100 
</coordinates></Point><Style>
  <Icon>
    <href>http://chart.apis.google.com/chart?chst=d_bubble_icon_text_small&amp;chld=location|bbT|559|FFFFFF|000000</href>
  </Icon>
</Style><description><![CDATA[]]></description><visibility>1</visibility></Placemark><Placemark><name>GC891DA</name><Point><coordinates>-122.3867,49.0207,100 
</coordinates></Point><Style>
  <Icon>
    <href>http://chart.apis.google.com/chart?chst=d_bubble_icon_text_small&amp;chld=location|bbT|560|FFFFFF|000000</href>
  </Icon>
</Style><description><![CDATA[]]></description><visibility>1</visibility></Placemark><Placemark><name>GC8HHBP</name><Point><coordinates>-122.3989,49.0246,100 
</coordinates></Point><Style>
  <Icon>
    <href>http://chart.apis.google.com/chart?chst=d_bubble_icon_text_small&amp;chld=location|bbT|561|FFFFFF|000000</href>
  </Icon>
</Style><description><![CDATA[]]></description><visibility>1</visibility></Placemark><Placemark><name>GC6M2NE</name><Point><coordinates>-122.387,49.0206,100 
</coordinates></Point><Style>
  <Icon>
    <href>http://chart.apis.google.com/chart?chst=d_bubble_icon_text_small&amp;chld=location|bbT|562|FFFFFF|000000</href>
  </Icon>
</Style><description><![CDATA[]]></description><visibility>1</visibility></Placemark><Placemark><name>GC411KD</name><Point><coordinates>-122.4486,49.0097,100 
</coordinates></Point><Style>
  <Icon>
    <href>http://chart.apis.google.com/chart?chst=d_bubble_icon_text_small&amp;chld=location|bbT|563|FFFFFF|000000</href>
  </Icon>
</Style><description><![CDATA[]]></description><visibility>1</visibility></Placemark><Placemark><name>GC9QX5E</name><Point><coordinates>-122.5244,49.0221,100 
</coordinates></Point><Style>
  <Icon>
    <href>http://chart.apis.google.com/chart?chst=d_bubble_icon_text_small&amp;chld=location|bbT|564|FFFFFF|000000</href>
  </Icon>
</Style><description><![CDATA[]]></description><visibility>1</visibility></Placemark><Placemark><name>GC9GBC8</name><Point><coordinates>-122.445,48.9525,100 
</coordinates></Point><Style>
  <Icon>
    <href>http://chart.apis.google.com/chart?chst=d_bubble_icon_text_small&amp;chld=location|bbT|565|FFFFFF|000000</href>
  </Icon>
</Style><description><![CDATA[]]></description><visibility>1</visibility></Placemark><Placemark><name>GC147WZ</name><Point><coordinates>-122.4435,48.9548,100 
</coordinates></Point><Style>
  <Icon>
    <href>http://chart.apis.google.com/chart?chst=d_bubble_icon_text_small&amp;chld=location|bbT|566|FFFFFF|000000</href>
  </Icon>
</Style><description><![CDATA[]]></description><visibility>1</visibility></Placemark><Placemark><name>GC8GQ50</name><Point><coordinates>-122.4377,48.896,100 
</coordinates></Point><Style>
  <Icon>
    <href>http://chart.apis.google.com/chart?chst=d_bubble_icon_text_small&amp;chld=location|bbT|567|FFFFFF|000000</href>
  </Icon>
</Style><description><![CDATA[]]></description><visibility>1</visibility></Placemark><Placemark><name>GCH6MJ</name><Point><coordinates>-122.4842,48.7373,100 
</coordinates></Point><Style>
  <Icon>
    <href>http://chart.apis.google.com/chart?chst=d_bubble_icon_text_small&amp;chld=location|bbT|568|FFFFFF|000000</href>
  </Icon>
</Style><description><![CDATA[]]></description><visibility>1</visibility></Placemark><Placemark><name>GC68FAX</name><Point><coordinates>-122.3451,48.5851,100 
</coordinates></Point><Style>
  <Icon>
    <href>http://chart.apis.google.com/chart?chst=d_bubble_icon_text_small&amp;chld=location|bbT|569|FFFFFF|000000</href>
  </Icon>
</Style><description><![CDATA[]]></description><visibility>1</visibility></Placemark><Placemark><name>GC9K0P5</name><Point><coordinates>-122.3342,47.6465,100 
</coordinates></Point><Style>
  <Icon>
    <href>http://chart.apis.google.com/chart?chst=d_bubble_icon_text_small&amp;chld=location|bbT|570|FFFFFF|000000</href>
  </Icon>
</Style><description><![CDATA[]]></description><visibility>1</visibility></Placemark><Placemark><name>GC2AQZD</name><Point><coordinates>-122.4482,49.0119,100 
</coordinates></Point><Style>
  <Icon>
    <href>http://chart.apis.google.com/chart?chst=d_bubble_icon_text_small&amp;chld=location|bbT|571|FFFFFF|000000</href>
  </Icon>
</Style><description><![CDATA[]]></description><visibility>1</visibility></Placemark><Placemark><name>GC9Y1YQ</name><Point><coordinates>-122.348,47.6494,100 
</coordinates></Point><Style>
  <Icon>
    <href>http://chart.apis.google.com/chart?chst=d_bubble_icon_text_small&amp;chld=location|bbT|572|FFFFFF|000000</href>
  </Icon>
</Style><description><![CDATA[]]></description><visibility>1</visibility></Placemark><Placemark><name>GC896PK</name><Point><coordinates>-122.3487,47.622,100 
</coordinates></Point><Style>
  <Icon>
    <href>http://chart.apis.google.com/chart?chst=d_bubble_icon_text_small&amp;chld=location|bbT|573|FFFFFF|000000</href>
  </Icon>
</Style><description><![CDATA[]]></description><visibility>1</visibility></Placemark><Placemark><name>GC3G2EH</name><Point><coordinates>-122.348,47.621,100 
</coordinates></Point><Style>
  <Icon>
    <href>http://chart.apis.google.com/chart?chst=d_bubble_icon_text_small&amp;chld=location|bbT|574|FFFFFF|000000</href>
  </Icon>
</Style><description><![CDATA[]]></description><visibility>1</visibility></Placemark><Placemark><name>GC5XJA1</name><Point><coordinates>-122.4716,47.5087,100 
</coordinates></Point><Style>
  <Icon>
    <href>http://chart.apis.google.com/chart?chst=d_bubble_icon_text_small&amp;chld=location|bbT|575|FFFFFF|000000</href>
  </Icon>
</Style><description><![CDATA[]]></description><visibility>1</visibility></Placemark><Placemark><name>GC6JX9V</name><Point><coordinates>-122.4629,47.4477,100 
</coordinates></Point><Style>
  <Icon>
    <href>http://chart.apis.google.com/chart?chst=d_bubble_icon_text_small&amp;chld=location|bbT|576|FFFFFF|000000</href>
  </Icon>
</Style><description><![CDATA[]]></description><visibility>1</visibility></Placemark><Placemark><name>GC84JYP</name><Point><coordinates>-122.5037,47.4077,100 
</coordinates></Point><Style>
  <Icon>
    <href>http://chart.apis.google.com/chart?chst=d_bubble_icon_text_small&amp;chld=location|bbT|577|FFFFFF|000000</href>
  </Icon>
</Style><description><![CDATA[]]></description><visibility>1</visibility></Placemark><Placemark><name>GC81NWV</name><Point><coordinates>-122.5221,47.4057,100 
</coordinates></Point><Style>
  <Icon>
    <href>http://chart.apis.google.com/chart?chst=d_bubble_icon_text_small&amp;chld=location|bbT|578|FFFFFF|000000</href>
  </Icon>
</Style><description><![CDATA[]]></description><visibility>1</visibility></Placemark><Placemark><name>GC1BBZB</name><Point><coordinates>-122.5224,47.3421,100 
</coordinates></Point><Style>
  <Icon>
    <href>http://chart.apis.google.com/chart?chst=d_bubble_icon_text_small&amp;chld=location|bbT|579|FFFFFF|000000</href>
  </Icon>
</Style><description><![CDATA[]]></description><visibility>1</visibility></Placemark><Placemark><name>GC1A589</name><Point><coordinates>-122.5044,47.3358,100 
</coordinates></Point><Style>
  <Icon>
    <href>http://chart.apis.google.com/chart?chst=d_bubble_icon_text_small&amp;chld=location|bbT|580|FFFFFF|000000</href>
  </Icon>
</Style><description><![CDATA[]]></description><visibility>1</visibility></Placemark><Placemark><name>GCCD06</name><Point><coordinates>-122.4915,47.3687,100 
</coordinates></Point><Style>
  <Icon>
    <href>http://chart.apis.google.com/chart?chst=d_bubble_icon_text_small&amp;chld=location|bbT|581|FFFFFF|000000</href>
  </Icon>
</Style><description><![CDATA[]]></description><visibility>1</visibility></Placemark><Placemark><name>GC7B7EY</name><Point><coordinates>-122.3745,47.3885,100 
</coordinates></Point><Style>
  <Icon>
    <href>http://chart.apis.google.com/chart?chst=d_bubble_icon_text_small&amp;chld=location|bbT|582|FFFFFF|000000</href>
  </Icon>
</Style><description><![CDATA[]]></description><visibility>1</visibility></Placemark><Placemark><name>GC5PK3E</name><Point><coordinates>-122.4515,47.3668,100 
</coordinates></Point><Style>
  <Icon>
    <href>http://chart.apis.google.com/chart?chst=d_bubble_icon_text_small&amp;chld=location|bbT|583|FFFFFF|000000</href>
  </Icon>
</Style><description><![CDATA[]]></description><visibility>1</visibility></Placemark><Placemark><name>GC9Y2XE</name><Point><coordinates>-122.3441,47.6484,100 
</coordinates></Point><Style>
  <Icon>
    <href>http://chart.apis.google.com/chart?chst=d_bubble_icon_text_small&amp;chld=location|bbT|584|FFFFFF|000000</href>
  </Icon>
</Style><description><![CDATA[]]></description><visibility>1</visibility></Placemark><Placemark><name>GC9VTW1</name><Point><coordinates>-122.3488,47.6494,100 
</coordinates></Point><Style>
  <Icon>
    <href>http://chart.apis.google.com/chart?chst=d_bubble_icon_text_small&amp;chld=location|bbT|585|FFFFFF|000000</href>
  </Icon>
</Style><description><![CDATA[]]></description><visibility>1</visibility></Placemark><Placemark><name>GC2HBGX</name><Point><coordinates>-122.2759,47.6373,100 
</coordinates></Point><Style>
  <Icon>
    <href>http://chart.apis.google.com/chart?chst=d_bubble_icon_text_small&amp;chld=location|bbT|586|FFFFFF|000000</href>
  </Icon>
</Style><description><![CDATA[]]></description><visibility>1</visibility></Placemark><Placemark><name>GC8P5DF</name><Point><coordinates>-122.338,47.6071,100 
</coordinates></Point><Style>
  <Icon>
    <href>http://chart.apis.google.com/chart?chst=d_bubble_icon_text_small&amp;chld=location|bbT|587|FFFFFF|000000</href>
  </Icon>
</Style><description><![CDATA[]]></description><visibility>1</visibility></Placemark><Placemark><name>GC9YM74</name><Point><coordinates>-122.3415,47.6055,100 
</coordinates></Point><Style>
  <Icon>
    <href>http://chart.apis.google.com/chart?chst=d_bubble_icon_text_small&amp;chld=location|bbT|588|FFFFFF|000000</href>
  </Icon>
</Style><description><![CDATA[]]></description><visibility>1</visibility></Placemark><Placemark><name>GC7B9G7</name><Point><coordinates>-122.3425,47.6066,100 
</coordinates></Point><Style>
  <Icon>
    <href>http://chart.apis.google.com/chart?chst=d_bubble_icon_text_small&amp;chld=location|bbT|589|FFFFFF|000000</href>
  </Icon>
</Style><description><![CDATA[]]></description><visibility>1</visibility></Placemark><Placemark><name>GC30EQY</name><Point><coordinates>-122.3417,47.6073,100 
</coordinates></Point><Style>
  <Icon>
    <href>http://chart.apis.google.com/chart?chst=d_bubble_icon_text_small&amp;chld=location|bbT|590|FFFFFF|000000</href>
  </Icon>
</Style><description><![CDATA[]]></description><visibility>1</visibility></Placemark><Placemark><name>GC7AJTP</name><Point><coordinates>-71.5353,43.2042,100 
</coordinates></Point><Style>
  <Icon>
    <href>http://chart.apis.google.com/chart?chst=d_bubble_icon_text_small&amp;chld=location|bbT|591|FFFFFF|000000</href>
  </Icon>
</Style><description><![CDATA[]]></description><visibility>1</visibility></Placemark><Placemark><name>GC4BDHY</name><Point><coordinates>-72.4244,43.7274,100 
</coordinates></Point><Style>
  <Icon>
    <href>http://chart.apis.google.com/chart?chst=d_bubble_icon_text_small&amp;chld=location|bbT|592|FFFFFF|000000</href>
  </Icon>
</Style><description><![CDATA[]]></description><visibility>1</visibility></Placemark><Placemark><name>GC1EY1X</name><Point><coordinates>-72.7415,44.3523,100 
</coordinates></Point><Style>
  <Icon>
    <href>http://chart.apis.google.com/chart?chst=d_bubble_icon_text_small&amp;chld=location|bbT|593|FFFFFF|000000</href>
  </Icon>
</Style><description><![CDATA[]]></description><visibility>1</visibility></Placemark><Placemark><name>GC9RFYA</name><Point><coordinates>-73.2258,44.4531,100 
</coordinates></Point><Style>
  <Icon>
    <href>http://chart.apis.google.com/chart?chst=d_bubble_icon_text_small&amp;chld=location|bbT|594|FFFFFF|000000</href>
  </Icon>
</Style><description><![CDATA[]]></description><visibility>1</visibility></Placemark><Placemark><name>GC8C7CC</name><Point><coordinates>-73.5544,45.5064,100 
</coordinates></Point><Style>
  <Icon>
    <href>http://chart.apis.google.com/chart?chst=d_bubble_icon_text_small&amp;chld=location|bbT|595|FFFFFF|000000</href>
  </Icon>
</Style><description><![CDATA[]]></description><visibility>1</visibility></Placemark><Placemark><name>GC9P7JJ</name><Point><coordinates>-73.5572,45.5051,100 
</coordinates></Point><Style>
  <Icon>
    <href>http://chart.apis.google.com/chart?chst=d_bubble_icon_text_small&amp;chld=location|bbT|596|FFFFFF|000000</href>
  </Icon>
</Style><description><![CDATA[]]></description><visibility>1</visibility></Placemark><Placemark><name>GC4R6Y8</name><Point><coordinates>-73.617,45.4926,100 
</coordinates></Point><Style>
  <Icon>
    <href>http://chart.apis.google.com/chart?chst=d_bubble_icon_text_small&amp;chld=location|bbT|597|FFFFFF|000000</href>
  </Icon>
</Style><description><![CDATA[]]></description><visibility>1</visibility></Placemark><Placemark><name>GC8WEGC</name><Point><coordinates>-73.616,45.4917,100 
</coordinates></Point><Style>
  <Icon>
    <href>http://chart.apis.google.com/chart?chst=d_bubble_icon_text_small&amp;chld=location|bbT|598|FFFFFF|000000</href>
  </Icon>
</Style><description><![CDATA[]]></description><visibility>1</visibility></Placemark><Placemark><name>GC38WHQ</name><Point><coordinates>-73.5738,45.5256,100 
</coordinates></Point><Style>
  <Icon>
    <href>http://chart.apis.google.com/chart?chst=d_bubble_icon_text_small&amp;chld=location|bbT|599|FFFFFF|000000</href>
  </Icon>
</Style><description><![CDATA[]]></description><visibility>1</visibility></Placemark><Placemark><name>GC88ZCX</name><Point><coordinates>-73.5511,45.5558,100 
</coordinates></Point><Style>
  <Icon>
    <href>http://chart.apis.google.com/chart?chst=d_bubble_icon_text_small&amp;chld=location|bbT|600|FFFFFF|000000</href>
  </Icon>
</Style><description><![CDATA[]]></description><visibility>1</visibility></Placemark><Placemark><name>GC14MP0</name><Point><coordinates>-73.5546,45.5605,100 
</coordinates></Point><Style>
  <Icon>
    <href>http://chart.apis.google.com/chart?chst=d_bubble_icon_text_small&amp;chld=location|bbT|601|FFFFFF|000000</href>
  </Icon>
</Style><description><![CDATA[]]></description><visibility>1</visibility></Placemark><Placemark><name>GC9A6KZ</name><Point><coordinates>-73.5346,45.5139,100 
</coordinates></Point><Style>
  <Icon>
    <href>http://chart.apis.google.com/chart?chst=d_bubble_icon_text_small&amp;chld=location|bbT|602|FFFFFF|000000</href>
  </Icon>
</Style><description><![CDATA[]]></description><visibility>1</visibility></Placemark><Placemark><name>GC3BQRH</name><Point><coordinates>-73.5653,45.528,100 
</coordinates></Point><Style>
  <Icon>
    <href>http://chart.apis.google.com/chart?chst=d_bubble_icon_text_small&amp;chld=location|bbT|603|FFFFFF|000000</href>
  </Icon>
</Style><description><![CDATA[]]></description><visibility>1</visibility></Placemark><Placemark><name>GC9XRCD</name><Point><coordinates>-73.5721,45.5246,100 
</coordinates></Point><Style>
  <Icon>
    <href>http://chart.apis.google.com/chart?chst=d_bubble_icon_text_small&amp;chld=location|bbT|604|FFFFFF|000000</href>
  </Icon>
</Style><description><![CDATA[]]></description><visibility>1</visibility></Placemark><Placemark><name>GC3MJ9J</name><Point><coordinates>-73.5808,45.5257,100 
</coordinates></Point><Style>
  <Icon>
    <href>http://chart.apis.google.com/chart?chst=d_bubble_icon_text_small&amp;chld=location|bbT|605|FFFFFF|000000</href>
  </Icon>
</Style><description><![CDATA[]]></description><visibility>1</visibility></Placemark><Placemark><name>GC3975V</name><Point><coordinates>-73.5862,45.5271,100 
</coordinates></Point><Style>
  <Icon>
    <href>http://chart.apis.google.com/chart?chst=d_bubble_icon_text_small&amp;chld=location|bbT|606|FFFFFF|000000</href>
  </Icon>
</Style><description><![CDATA[]]></description><visibility>1</visibility></Placemark><Placemark><name>GC7DJ7F</name><Point><coordinates>-73.5904,45.5265,100 
</coordinates></Point><Style>
  <Icon>
    <href>http://chart.apis.google.com/chart?chst=d_bubble_icon_text_small&amp;chld=location|bbT|607|FFFFFF|000000</href>
  </Icon>
</Style><description><![CDATA[]]></description><visibility>1</visibility></Placemark><Placemark><name>GC49J32</name><Point><coordinates>-73.2206,45.3125,100 
</coordinates></Point><Style>
  <Icon>
    <href>http://chart.apis.google.com/chart?chst=d_bubble_icon_text_small&amp;chld=location|bbT|608|FFFFFF|000000</href>
  </Icon>
</Style><description><![CDATA[]]></description><visibility>1</visibility></Placemark><Placemark><name>GCG2DP</name><Point><coordinates>-73.0781,44.435,100 
</coordinates></Point><Style>
  <Icon>
    <href>http://chart.apis.google.com/chart?chst=d_bubble_icon_text_small&amp;chld=location|bbT|609|FFFFFF|000000</href>
  </Icon>
</Style><description><![CDATA[]]></description><visibility>1</visibility></Placemark><Placemark><name>GC8TVPW</name><Point><coordinates>-73.08,44.4348,100 
</coordinates></Point><Style>
  <Icon>
    <href>http://chart.apis.google.com/chart?chst=d_bubble_icon_text_small&amp;chld=location|bbT|610|FFFFFF|000000</href>
  </Icon>
</Style><description><![CDATA[]]></description><visibility>1</visibility></Placemark><Placemark><name>GC2QKCV</name><Point><coordinates>-72.5751,44.2609,100 
</coordinates></Point><Style>
  <Icon>
    <href>http://chart.apis.google.com/chart?chst=d_bubble_icon_text_small&amp;chld=location|bbT|611|FFFFFF|000000</href>
  </Icon>
</Style><description><![CDATA[]]></description><visibility>1</visibility></Placemark><Placemark><name>GC4RAF1</name><Point><coordinates>-71.4618,43.0485,100 
</coordinates></Point><Style>
  <Icon>
    <href>http://chart.apis.google.com/chart?chst=d_bubble_icon_text_small&amp;chld=location|bbT|612|FFFFFF|000000</href>
  </Icon>
</Style><description><![CDATA[]]></description><visibility>1</visibility></Placemark><Placemark><name>GC2HCZ4</name><Point><coordinates>-71.0752,42.3704,100 
</coordinates></Point><Style>
  <Icon>
    <href>http://chart.apis.google.com/chart?chst=d_bubble_icon_text_small&amp;chld=location|bbT|613|FFFFFF|000000</href>
  </Icon>
</Style><description><![CDATA[]]></description><visibility>1</visibility></Placemark><Placemark><name>GC26FFZ</name><Point><coordinates>-71.0694,42.3689,100 
</coordinates></Point><Style>
  <Icon>
    <href>http://chart.apis.google.com/chart?chst=d_bubble_icon_text_small&amp;chld=location|bbT|614|FFFFFF|000000</href>
  </Icon>
</Style><description><![CDATA[]]></description><visibility>1</visibility></Placemark><Placemark><name>GC7B8EN</name><Point><coordinates>-71.0544,42.3667,100 
</coordinates></Point><Style>
  <Icon>
    <href>http://chart.apis.google.com/chart?chst=d_bubble_icon_text_small&amp;chld=location|bbT|615|FFFFFF|000000</href>
  </Icon>
</Style><description><![CDATA[]]></description><visibility>1</visibility></Placemark><Placemark><name>GC7B7AZ</name><Point><coordinates>-71.0533,42.3641,100 
</coordinates></Point><Style>
  <Icon>
    <href>http://chart.apis.google.com/chart?chst=d_bubble_icon_text_small&amp;chld=location|bbT|616|FFFFFF|000000</href>
  </Icon>
</Style><description><![CDATA[]]></description><visibility>1</visibility></Placemark><Placemark><name>GC69DGP</name><Point><coordinates>-71.1177,42.3787,100 
</coordinates></Point><Style>
  <Icon>
    <href>http://chart.apis.google.com/chart?chst=d_bubble_icon_text_small&amp;chld=location|bbT|617|FFFFFF|000000</href>
  </Icon>
</Style><description><![CDATA[]]></description><visibility>1</visibility></Placemark><Placemark><name>GC9YTJM</name><Point><coordinates>-71.0739,42.367,100 
</coordinates></Point><Style>
  <Icon>
    <href>http://chart.apis.google.com/chart?chst=d_bubble_icon_text_small&amp;chld=location|bbT|618|FFFFFF|000000</href>
  </Icon>
</Style><description><![CDATA[]]></description><visibility>1</visibility></Placemark><Placemark><name>GC7B7WP</name><Point><coordinates>-71.0694,42.3556,100 
</coordinates></Point><Style>
  <Icon>
    <href>http://chart.apis.google.com/chart?chst=d_bubble_icon_text_small&amp;chld=location|bbT|619|FFFFFF|000000</href>
  </Icon>
</Style><description><![CDATA[]]></description><visibility>1</visibility></Placemark><Placemark><name>GC2V2YX</name><Point><coordinates>-71.0647,42.3574,100 
</coordinates></Point><Style>
  <Icon>
    <href>http://chart.apis.google.com/chart?chst=d_bubble_icon_text_small&amp;chld=location|bbT|620|FFFFFF|000000</href>
  </Icon>
</Style><description><![CDATA[]]></description><visibility>1</visibility></Placemark><Placemark><name>GC9P5VH</name><Point><coordinates>-71.0634,42.3581,100 
</coordinates></Point><Style>
  <Icon>
    <href>http://chart.apis.google.com/chart?chst=d_bubble_icon_text_small&amp;chld=location|bbT|621|FFFFFF|000000</href>
  </Icon>
</Style><description><![CDATA[]]></description><visibility>1</visibility></Placemark><Placemark><name>GC891J9</name><Point><coordinates>-71.0632,42.3578,100 
</coordinates></Point><Style>
  <Icon>
    <href>http://chart.apis.google.com/chart?chst=d_bubble_icon_text_small&amp;chld=location|bbT|622|FFFFFF|000000</href>
  </Icon>
</Style><description><![CDATA[]]></description><visibility>1</visibility></Placemark><Placemark><name>GC69DMJ</name><Point><coordinates>-71.0603,42.3583,100 
</coordinates></Point><Style>
  <Icon>
    <href>http://chart.apis.google.com/chart?chst=d_bubble_icon_text_small&amp;chld=location|bbT|623|FFFFFF|000000</href>
  </Icon>
</Style><description><![CDATA[]]></description><visibility>1</visibility></Placemark><Placemark><name>GCD53A</name><Point><coordinates>-122.0984,47.7601,100 
</coordinates></Point><Style>
  <Icon>
    <href>http://chart.apis.google.com/chart?chst=d_bubble_icon_text_small&amp;chld=location|bbT|624|FFFFFF|000000</href>
  </Icon>
</Style><description><![CDATA[]]></description><visibility>1</visibility></Placemark><Placemark><name>GC2KK9A</name><Point><coordinates>-122.0954,47.7616,100 
</coordinates></Point><Style>
  <Icon>
    <href>http://chart.apis.google.com/chart?chst=d_bubble_icon_text_small&amp;chld=location|bbT|625|FFFFFF|000000</href>
  </Icon>
</Style><description><![CDATA[]]></description><visibility>1</visibility></Placemark><Placemark><name>GC7F3C8</name><Point><coordinates>-121.9861,47.737,100 
</coordinates></Point><Style>
  <Icon>
    <href>http://chart.apis.google.com/chart?chst=d_bubble_icon_text_small&amp;chld=location|bbT|626|FFFFFF|000000</href>
  </Icon>
</Style><description><![CDATA[]]></description><visibility>1</visibility></Placemark><Placemark><name>GCTQY9</name><Point><coordinates>-121.9827,47.7374,100 
</coordinates></Point><Style>
  <Icon>
    <href>http://chart.apis.google.com/chart?chst=d_bubble_icon_text_small&amp;chld=location|bbT|627|FFFFFF|000000</href>
  </Icon>
</Style><description><![CDATA[]]></description><visibility>1</visibility></Placemark><Placemark><name>GCND7G</name><Point><coordinates>-121.9059,47.7159,100 
</coordinates></Point><Style>
  <Icon>
    <href>http://chart.apis.google.com/chart?chst=d_bubble_icon_text_small&amp;chld=location|bbT|628|FFFFFF|000000</href>
  </Icon>
</Style><description><![CDATA[]]></description><visibility>1</visibility></Placemark><Placemark><name>GC64MGQ</name><Point><coordinates>-121.9131,47.7552,100 
</coordinates></Point><Style>
  <Icon>
    <href>http://chart.apis.google.com/chart?chst=d_bubble_icon_text_small&amp;chld=location|bbT|629|FFFFFF|000000</href>
  </Icon>
</Style><description><![CDATA[]]></description><visibility>1</visibility></Placemark><Placemark><name>GC9YM78</name><Point><coordinates>-121.9724,47.7579,100 
</coordinates></Point><Style>
  <Icon>
    <href>http://chart.apis.google.com/chart?chst=d_bubble_icon_text_small&amp;chld=location|bbT|630|FFFFFF|000000</href>
  </Icon>
</Style><description><![CDATA[]]></description><visibility>1</visibility></Placemark><Placemark><name>GC5ZRD4</name><Point><coordinates>-121.79,47.8635,100 
</coordinates></Point><Style>
  <Icon>
    <href>http://chart.apis.google.com/chart?chst=d_bubble_icon_text_small&amp;chld=location|bbT|631|FFFFFF|000000</href>
  </Icon>
</Style><description><![CDATA[]]></description><visibility>1</visibility></Placemark><Placemark><name>GC5N6X9</name><Point><coordinates>-121.2661,47.7252,100 
</coordinates></Point><Style>
  <Icon>
    <href>http://chart.apis.google.com/chart?chst=d_bubble_icon_text_small&amp;chld=location|bbT|632|FFFFFF|000000</href>
  </Icon>
</Style><description><![CDATA[]]></description><visibility>1</visibility></Placemark><Placemark><name>GC5N42T</name><Point><coordinates>-121.2658,47.728,100 
</coordinates></Point><Style>
  <Icon>
    <href>http://chart.apis.google.com/chart?chst=d_bubble_icon_text_small&amp;chld=location|bbT|633|FFFFFF|000000</href>
  </Icon>
</Style><description><![CDATA[]]></description><visibility>1</visibility></Placemark><Placemark><name>GC5N6XQ</name><Point><coordinates>-121.2657,47.7302,100 
</coordinates></Point><Style>
  <Icon>
    <href>http://chart.apis.google.com/chart?chst=d_bubble_icon_text_small&amp;chld=location|bbT|634|FFFFFF|000000</href>
  </Icon>
</Style><description><![CDATA[]]></description><visibility>1</visibility></Placemark><Placemark><name>GC5N6XZ</name><Point><coordinates>-121.2588,47.7303,100 
</coordinates></Point><Style>
  <Icon>
    <href>http://chart.apis.google.com/chart?chst=d_bubble_icon_text_small&amp;chld=location|bbT|635|FFFFFF|000000</href>
  </Icon>
</Style><description><![CDATA[]]></description><visibility>1</visibility></Placemark><Placemark><name>GC5N6Y7</name><Point><coordinates>-121.2568,47.7335,100 
</coordinates></Point><Style>
  <Icon>
    <href>http://chart.apis.google.com/chart?chst=d_bubble_icon_text_small&amp;chld=location|bbT|636|FFFFFF|000000</href>
  </Icon>
</Style><description><![CDATA[]]></description><visibility>1</visibility></Placemark><Placemark><name>GC5N6YN</name><Point><coordinates>-121.2646,47.7375,100 
</coordinates></Point><Style>
  <Icon>
    <href>http://chart.apis.google.com/chart?chst=d_bubble_icon_text_small&amp;chld=location|bbT|637|FFFFFF|000000</href>
  </Icon>
</Style><description><![CDATA[]]></description><visibility>1</visibility></Placemark><Placemark><name>GC5N6YZ</name><Point><coordinates>-121.2753,47.735,100 
</coordinates></Point><Style>
  <Icon>
    <href>http://chart.apis.google.com/chart?chst=d_bubble_icon_text_small&amp;chld=location|bbT|638|FFFFFF|000000</href>
  </Icon>
</Style><description><![CDATA[]]></description><visibility>1</visibility></Placemark><Placemark><name>GC5N2WB</name><Point><coordinates>-121.2762,47.7343,100 
</coordinates></Point><Style>
  <Icon>
    <href>http://chart.apis.google.com/chart?chst=d_bubble_icon_text_small&amp;chld=location|bbT|639|FFFFFF|000000</href>
  </Icon>
</Style><description><![CDATA[]]></description><visibility>1</visibility></Placemark><Placemark><name>GC36AC1</name><Point><coordinates>-121.2808,47.7356,100 
</coordinates></Point><Style>
  <Icon>
    <href>http://chart.apis.google.com/chart?chst=d_bubble_icon_text_small&amp;chld=location|bbT|640|FFFFFF|000000</href>
  </Icon>
</Style><description><![CDATA[]]></description><visibility>1</visibility></Placemark><Placemark><name>GC5N6YD</name><Point><coordinates>-121.2601,47.7363,100 
</coordinates></Point><Style>
  <Icon>
    <href>http://chart.apis.google.com/chart?chst=d_bubble_icon_text_small&amp;chld=location|bbT|641|FFFFFF|000000</href>
  </Icon>
</Style><description><![CDATA[]]></description><visibility>1</visibility></Placemark><Placemark><name>GC5N2WP</name><Point><coordinates>-121.2587,47.7349,100 
</coordinates></Point><Style>
  <Icon>
    <href>http://chart.apis.google.com/chart?chst=d_bubble_icon_text_small&amp;chld=location|bbT|642|FFFFFF|000000</href>
  </Icon>
</Style><description><![CDATA[]]></description><visibility>1</visibility></Placemark><Placemark><name>GC5RQA9</name><Point><coordinates>-121.3597,47.7088,100 
</coordinates></Point><Style>
  <Icon>
    <href>http://chart.apis.google.com/chart?chst=d_bubble_icon_text_small&amp;chld=location|bbT|643|FFFFFF|000000</href>
  </Icon>
</Style><description><![CDATA[]]></description><visibility>1</visibility></Placemark><Placemark><name>GC9Z080</name><Point><coordinates>-121.5349,47.8086,100 
</coordinates></Point><Style>
  <Icon>
    <href>http://chart.apis.google.com/chart?chst=d_bubble_icon_text_small&amp;chld=location|bbT|644|FFFFFF|000000</href>
  </Icon>
</Style><description><![CDATA[]]></description><visibility>1</visibility></Placemark><Placemark><name>GC81YAH</name><Point><coordinates>-121.525,47.8107,100 
</coordinates></Point><Style>
  <Icon>
    <href>http://chart.apis.google.com/chart?chst=d_bubble_icon_text_small&amp;chld=location|bbT|645|FFFFFF|000000</href>
  </Icon>
</Style><description><![CDATA[]]></description><visibility>1</visibility></Placemark><Placemark><name>GC8K15C</name><Point><coordinates>-122.0424,48.0136,100 
</coordinates></Point><Style>
  <Icon>
    <href>http://chart.apis.google.com/chart?chst=d_bubble_icon_text_small&amp;chld=location|bbT|646|FFFFFF|000000</href>
  </Icon>
</Style><description><![CDATA[]]></description><visibility>1</visibility></Placemark><Placemark><name>GC9C0HN</name><Point><coordinates>-122.0405,48.0128,100 
</coordinates></Point><Style>
  <Icon>
    <href>http://chart.apis.google.com/chart?chst=d_bubble_icon_text_small&amp;chld=location|bbT|647|FFFFFF|000000</href>
  </Icon>
</Style><description><![CDATA[]]></description><visibility>1</visibility></Placemark><Placemark><name>GCZB73</name><Point><coordinates>-122.0914,48.008,100 
</coordinates></Point><Style>
  <Icon>
    <href>http://chart.apis.google.com/chart?chst=d_bubble_icon_text_small&amp;chld=location|bbT|648|FFFFFF|000000</href>
  </Icon>
</Style><description><![CDATA[]]></description><visibility>1</visibility></Placemark><Placemark><name>GC9YXG6</name><Point><coordinates>-122.3475,47.6492,100 
</coordinates></Point><Style>
  <Icon>
    <href>http://chart.apis.google.com/chart?chst=d_bubble_icon_text_small&amp;chld=location|bbT|649|FFFFFF|000000</href>
  </Icon>
</Style><description><![CDATA[]]></description><visibility>1</visibility></Placemark><Placemark><name>GC9YPP6</name><Point><coordinates>-122.336,47.666,100 
</coordinates></Point><Style>
  <Icon>
    <href>http://chart.apis.google.com/chart?chst=d_bubble_icon_text_small&amp;chld=location|bbT|650|FFFFFF|000000</href>
  </Icon>
</Style><description><![CDATA[]]></description><visibility>1</visibility></Placemark><Placemark><name>GC1847Y</name><Point><coordinates>-122.2899,47.4454,100 
</coordinates></Point><Style>
  <Icon>
    <href>http://chart.apis.google.com/chart?chst=d_bubble_icon_text_small&amp;chld=location|bbT|651|FFFFFF|000000</href>
  </Icon>
</Style><description><![CDATA[]]></description><visibility>1</visibility></Placemark><Placemark><name>GC8M7M2</name><Point><coordinates>-122.2917,47.4412,100 
</coordinates></Point><Style>
  <Icon>
    <href>http://chart.apis.google.com/chart?chst=d_bubble_icon_text_small&amp;chld=location|bbT|652|FFFFFF|000000</href>
  </Icon>
</Style><description><![CDATA[]]></description><visibility>1</visibility></Placemark><Placemark><name>GC1EA93</name><Point><coordinates>-123.2357,49.5599,100 
</coordinates></Point><Style>
  <Icon>
    <href>http://chart.apis.google.com/chart?chst=d_bubble_icon_text_small&amp;chld=location|bbT|653|FFFFFF|000000</href>
  </Icon>
</Style><description><![CDATA[]]></description><visibility>1</visibility></Placemark><Placemark><name>GC2GEX5</name><Point><coordinates>-123.2358,49.5547,100 
</coordinates></Point><Style>
  <Icon>
    <href>http://chart.apis.google.com/chart?chst=d_bubble_icon_text_small&amp;chld=location|bbT|654|FFFFFF|000000</href>
  </Icon>
</Style><description><![CDATA[]]></description><visibility>1</visibility></Placemark><Placemark><name>GC2AJHQ</name><Point><coordinates>-123.1458,49.3018,100 
</coordinates></Point><Style>
  <Icon>
    <href>http://chart.apis.google.com/chart?chst=d_bubble_icon_text_small&amp;chld=location|bbT|655|FFFFFF|000000</href>
  </Icon>
</Style><description><![CDATA[]]></description><visibility>1</visibility></Placemark><Placemark><name>GC78HP3</name><Point><coordinates>-123.105,49.2846,100 
</coordinates></Point><Style>
  <Icon>
    <href>http://chart.apis.google.com/chart?chst=d_bubble_icon_text_small&amp;chld=location|bbT|656|FFFFFF|000000</href>
  </Icon>
</Style><description><![CDATA[]]></description><visibility>1</visibility></Placemark><Placemark><name>GC4Y6TP</name><Point><coordinates>-122.6588,48.4018,100 
</coordinates></Point><Style>
  <Icon>
    <href>http://chart.apis.google.com/chart?chst=d_bubble_icon_text_small&amp;chld=location|bbT|657|FFFFFF|000000</href>
  </Icon>
</Style><description><![CDATA[]]></description><visibility>1</visibility></Placemark><Placemark><name>GC9P8G1</name><Point><coordinates>-122.6442,48.4076,100 
</coordinates></Point><Style>
  <Icon>
    <href>http://chart.apis.google.com/chart?chst=d_bubble_icon_text_small&amp;chld=location|bbT|658|FFFFFF|000000</href>
  </Icon>
</Style><description><![CDATA[]]></description><visibility>1</visibility></Placemark><Placemark><name>GC9P687</name><Point><coordinates>-122.3491,47.5615,100 
</coordinates></Point><Style>
  <Icon>
    <href>http://chart.apis.google.com/chart?chst=d_bubble_icon_text_small&amp;chld=location|bbT|659|FFFFFF|000000</href>
  </Icon>
</Style><description><![CDATA[]]></description><visibility>1</visibility></Placemark><Placemark><name>GC70KA9</name><Point><coordinates>-122.3814,47.5831,100 
</coordinates></Point><Style>
  <Icon>
    <href>http://chart.apis.google.com/chart?chst=d_bubble_icon_text_small&amp;chld=location|bbT|660|FFFFFF|000000</href>
  </Icon>
</Style><description><![CDATA[]]></description><visibility>1</visibility></Placemark><Placemark><name>GC9NPQ3</name><Point><coordinates>-122.3849,47.5854,100 
</coordinates></Point><Style>
  <Icon>
    <href>http://chart.apis.google.com/chart?chst=d_bubble_icon_text_small&amp;chld=location|bbT|661|FFFFFF|000000</href>
  </Icon>
</Style><description><![CDATA[]]></description><visibility>1</visibility></Placemark><Placemark><name>GC9GQ4Z</name><Point><coordinates>-122.3875,47.5855,100 
</coordinates></Point><Style>
  <Icon>
    <href>http://chart.apis.google.com/chart?chst=d_bubble_icon_text_small&amp;chld=location|bbT|662|FFFFFF|000000</href>
  </Icon>
</Style><description><![CDATA[]]></description><visibility>1</visibility></Placemark><Placemark><name>GC1277A</name><Point><coordinates>-122.388,47.5826,100 
</coordinates></Point><Style>
  <Icon>
    <href>http://chart.apis.google.com/chart?chst=d_bubble_icon_text_small&amp;chld=location|bbT|663|FFFFFF|000000</href>
  </Icon>
</Style><description><![CDATA[]]></description><visibility>1</visibility></Placemark><Placemark><name>GC9X8C7</name><Point><coordinates>-122.3862,47.5791,100 
</coordinates></Point><Style>
  <Icon>
    <href>http://chart.apis.google.com/chart?chst=d_bubble_icon_text_small&amp;chld=location|bbT|664|FFFFFF|000000</href>
  </Icon>
</Style><description><![CDATA[]]></description><visibility>1</visibility></Placemark><Placemark><name>GC1A3FT</name><Point><coordinates>-122.3836,47.5793,100 
</coordinates></Point><Style>
  <Icon>
    <href>http://chart.apis.google.com/chart?chst=d_bubble_icon_text_small&amp;chld=location|bbT|665|FFFFFF|000000</href>
  </Icon>
</Style><description><![CDATA[]]></description><visibility>1</visibility></Placemark><Placemark><name>GC9P5K7</name><Point><coordinates>-122.322,47.5453,100 
</coordinates></Point><Style>
  <Icon>
    <href>http://chart.apis.google.com/chart?chst=d_bubble_icon_text_small&amp;chld=location|bbT|666|FFFFFF|000000</href>
  </Icon>
</Style><description><![CDATA[]]></description><visibility>1</visibility></Placemark><Placemark><name>GC76V5W</name><Point><coordinates>-121.743,48.0772,100 
</coordinates></Point><Style>
  <Icon>
    <href>http://chart.apis.google.com/chart?chst=d_bubble_icon_text_small&amp;chld=location|bbT|667|FFFFFF|000000</href>
  </Icon>
</Style><description><![CDATA[]]></description><visibility>1</visibility></Placemark><Placemark><name>GC1BGWH</name><Point><coordinates>-122.1154,47.9972,100 
</coordinates></Point><Style>
  <Icon>
    <href>http://chart.apis.google.com/chart?chst=d_bubble_icon_text_small&amp;chld=location|bbT|668|FFFFFF|000000</href>
  </Icon>
</Style><description><![CDATA[]]></description><visibility>1</visibility></Placemark><Placemark><name>GC9H634</name><Point><coordinates>-122.3819,47.5917,100 
</coordinates></Point><Style>
  <Icon>
    <href>http://chart.apis.google.com/chart?chst=d_bubble_icon_text_small&amp;chld=location|bbT|669|FFFFFF|000000</href>
  </Icon>
</Style><description><![CDATA[]]></description><visibility>1</visibility></Placemark><Placemark><name>GC9J7KJ</name><Point><coordinates>-122.3807,47.5898,100 
</coordinates></Point><Style>
  <Icon>
    <href>http://chart.apis.google.com/chart?chst=d_bubble_icon_text_small&amp;chld=location|bbT|670|FFFFFF|000000</href>
  </Icon>
</Style><description><![CDATA[]]></description><visibility>1</visibility></Placemark><Placemark><name>GC9HPRN</name><Point><coordinates>-122.3774,47.5868,100 
</coordinates></Point><Style>
  <Icon>
    <href>http://chart.apis.google.com/chart?chst=d_bubble_icon_text_small&amp;chld=location|bbT|671|FFFFFF|000000</href>
  </Icon>
</Style><description><![CDATA[]]></description><visibility>1</visibility></Placemark><Placemark><name>GC7E48M</name><Point><coordinates>-122.3683,47.593,100 
</coordinates></Point><Style>
  <Icon>
    <href>http://chart.apis.google.com/chart?chst=d_bubble_icon_text_small&amp;chld=location|bbT|672|FFFFFF|000000</href>
  </Icon>
</Style><description><![CDATA[]]></description><visibility>1</visibility></Placemark><Placemark><name>GC2JEMN</name><Point><coordinates>-122.3671,47.5837,100 
</coordinates></Point><Style>
  <Icon>
    <href>http://chart.apis.google.com/chart?chst=d_bubble_icon_text_small&amp;chld=location|bbT|673|FFFFFF|000000</href>
  </Icon>
</Style><description><![CDATA[]]></description><visibility>1</visibility></Placemark><Placemark><name>GC92W0A</name><Point><coordinates>-122.2095,47.6323,100 
</coordinates></Point><Style>
  <Icon>
    <href>http://chart.apis.google.com/chart?chst=d_bubble_icon_text_small&amp;chld=location|bbT|674|FFFFFF|000000</href>
  </Icon>
</Style><description><![CDATA[]]></description><visibility>1</visibility></Placemark><Placemark><name>GC237NT</name><Point><coordinates>-121.7504,47.4826,100 
</coordinates></Point><Style>
  <Icon>
    <href>http://chart.apis.google.com/chart?chst=d_bubble_icon_text_small&amp;chld=location|bbT|675|FFFFFF|000000</href>
  </Icon>
</Style><description><![CDATA[]]></description><visibility>1</visibility></Placemark><Placemark><name>GC6K6Z0</name><Point><coordinates>-121.7491,47.4836,100 
</coordinates></Point><Style>
  <Icon>
    <href>http://chart.apis.google.com/chart?chst=d_bubble_icon_text_small&amp;chld=location|bbT|676|FFFFFF|000000</href>
  </Icon>
</Style><description><![CDATA[]]></description><visibility>1</visibility></Placemark><Placemark><name>GC30C1E</name><Point><coordinates>-121.7526,47.4841,100 
</coordinates></Point><Style>
  <Icon>
    <href>http://chart.apis.google.com/chart?chst=d_bubble_icon_text_small&amp;chld=location|bbT|677|FFFFFF|000000</href>
  </Icon>
</Style><description><![CDATA[]]></description><visibility>1</visibility></Placemark><Placemark><name>GC9XGVA</name><Point><coordinates>-121.7588,47.485,100 
</coordinates></Point><Style>
  <Icon>
    <href>http://chart.apis.google.com/chart?chst=d_bubble_icon_text_small&amp;chld=location|bbT|678|FFFFFF|000000</href>
  </Icon>
</Style><description><![CDATA[]]></description><visibility>1</visibility></Placemark><Placemark><name>GC5R0EC</name><Point><coordinates>-121.7539,47.4819,100 
</coordinates></Point><Style>
  <Icon>
    <href>http://chart.apis.google.com/chart?chst=d_bubble_icon_text_small&amp;chld=location|bbT|679|FFFFFF|000000</href>
  </Icon>
</Style><description><![CDATA[]]></description><visibility>1</visibility></Placemark><Placemark><name>GC9XENB</name><Point><coordinates>-121.7737,47.4974,100 
</coordinates></Point><Style>
  <Icon>
    <href>http://chart.apis.google.com/chart?chst=d_bubble_icon_text_small&amp;chld=location|bbT|680|FFFFFF|000000</href>
  </Icon>
</Style><description><![CDATA[]]></description><visibility>1</visibility></Placemark><Placemark><name>GC8VJ7B</name><Point><coordinates>-121.7735,47.4956,100 
</coordinates></Point><Style>
  <Icon>
    <href>http://chart.apis.google.com/chart?chst=d_bubble_icon_text_small&amp;chld=location|bbT|681|FFFFFF|000000</href>
  </Icon>
</Style><description><![CDATA[]]></description><visibility>1</visibility></Placemark><Placemark><name>GC7WE07</name><Point><coordinates>-122.0362,47.533,100 
</coordinates></Point><Style>
  <Icon>
    <href>http://chart.apis.google.com/chart?chst=d_bubble_icon_text_small&amp;chld=location|bbT|682|FFFFFF|000000</href>
  </Icon>
</Style><description><![CDATA[]]></description><visibility>1</visibility></Placemark><Placemark><name>GC5RZKA</name><Point><coordinates>-122.3546,47.6883,100 
</coordinates></Point><Style>
  <Icon>
    <href>http://chart.apis.google.com/chart?chst=d_bubble_icon_text_small&amp;chld=location|bbT|683|FFFFFF|000000</href>
  </Icon>
</Style><description><![CDATA[]]></description><visibility>1</visibility></Placemark><Placemark><name>GC9ZH2K</name><Point><coordinates>-122.3111,47.6612,100 
</coordinates></Point><Style>
  <Icon>
    <href>http://chart.apis.google.com/chart?chst=d_bubble_icon_text_small&amp;chld=location|bbT|684|FFFFFF|000000</href>
  </Icon>
</Style><description><![CDATA[]]></description><visibility>1</visibility></Placemark><Placemark><name>GCA0A7F</name><Point><coordinates>-122.3402,47.6669,100 
</coordinates></Point><Style>
  <Icon>
    <href>http://chart.apis.google.com/chart?chst=d_bubble_icon_text_small&amp;chld=location|bbT|685|FFFFFF|000000</href>
  </Icon>
</Style><description><![CDATA[]]></description><visibility>1</visibility></Placemark><Placemark><name>GC9T77W</name><Point><coordinates>-122.3639,47.6589,100 
</coordinates></Point><Style>
  <Icon>
    <href>http://chart.apis.google.com/chart?chst=d_bubble_icon_text_small&amp;chld=location|bbT|686|FFFFFF|000000</href>
  </Icon>
</Style><description><![CDATA[]]></description><visibility>1</visibility></Placemark><Placemark><name>GC973WB</name><Point><coordinates>-122.3708,47.6658,100 
</coordinates></Point><Style>
  <Icon>
    <href>http://chart.apis.google.com/chart?chst=d_bubble_icon_text_small&amp;chld=location|bbT|687|FFFFFF|000000</href>
  </Icon>
</Style><description><![CDATA[]]></description><visibility>1</visibility></Placemark><Placemark><name>GC91YZ3</name><Point><coordinates>-122.3816,47.6661,100 
</coordinates></Point><Style>
  <Icon>
    <href>http://chart.apis.google.com/chart?chst=d_bubble_icon_text_small&amp;chld=location|bbT|688|FFFFFF|000000</href>
  </Icon>
</Style><description><![CDATA[]]></description><visibility>1</visibility></Placemark><Placemark><name>GC4609F</name><Point><coordinates>-122.3996,47.6831,100 
</coordinates></Point><Style>
  <Icon>
    <href>http://chart.apis.google.com/chart?chst=d_bubble_icon_text_small&amp;chld=location|bbT|689|FFFFFF|000000</href>
  </Icon>
</Style><description><![CDATA[]]></description><visibility>1</visibility></Placemark><Placemark><name>GC4J456</name><Point><coordinates>-122.7837,47.6033,100 
</coordinates></Point><Style>
  <Icon>
    <href>http://chart.apis.google.com/chart?chst=d_bubble_icon_text_small&amp;chld=location|bbT|690|FFFFFF|000000</href>
  </Icon>
</Style><description><![CDATA[]]></description><visibility>1</visibility></Placemark><Placemark><name>GC2CKF5</name><Point><coordinates>-122.8419,47.6066,100 
</coordinates></Point><Style>
  <Icon>
    <href>http://chart.apis.google.com/chart?chst=d_bubble_icon_text_small&amp;chld=location|bbT|691|FFFFFF|000000</href>
  </Icon>
</Style><description><![CDATA[]]></description><visibility>1</visibility></Placemark><Placemark><name>GC9P4WJ</name><Point><coordinates>-122.8274,47.6415,100 
</coordinates></Point><Style>
  <Icon>
    <href>http://chart.apis.google.com/chart?chst=d_bubble_icon_text_small&amp;chld=location|bbT|692|FFFFFF|000000</href>
  </Icon>
</Style><description><![CDATA[]]></description><visibility>1</visibility></Placemark><Placemark><name>GCTTXF</name><Point><coordinates>-122.8149,47.6655,100 
</coordinates></Point><Style>
  <Icon>
    <href>http://chart.apis.google.com/chart?chst=d_bubble_icon_text_small&amp;chld=location|bbT|693|FFFFFF|000000</href>
  </Icon>
</Style><description><![CDATA[]]></description><visibility>1</visibility></Placemark><Placemark><name>GC9BE25</name><Point><coordinates>-122.7412,47.6244,100 
</coordinates></Point><Style>
  <Icon>
    <href>http://chart.apis.google.com/chart?chst=d_bubble_icon_text_small&amp;chld=location|bbT|694|FFFFFF|000000</href>
  </Icon>
</Style><description><![CDATA[]]></description><visibility>1</visibility></Placemark><Placemark><name>GC9BE2A</name><Point><coordinates>-122.7443,47.6204,100 
</coordinates></Point><Style>
  <Icon>
    <href>http://chart.apis.google.com/chart?chst=d_bubble_icon_text_small&amp;chld=location|bbT|695|FFFFFF|000000</href>
  </Icon>
</Style><description><![CDATA[]]></description><visibility>1</visibility></Placemark><Placemark><name>GC9BE2E</name><Point><coordinates>-122.7429,47.6182,100 
</coordinates></Point><Style>
  <Icon>
    <href>http://chart.apis.google.com/chart?chst=d_bubble_icon_text_small&amp;chld=location|bbT|696|FFFFFF|000000</href>
  </Icon>
</Style><description><![CDATA[]]></description><visibility>1</visibility></Placemark><Placemark><name>GC9BE2F</name><Point><coordinates>-122.7427,47.6159,100 
</coordinates></Point><Style>
  <Icon>
    <href>http://chart.apis.google.com/chart?chst=d_bubble_icon_text_small&amp;chld=location|bbT|697|FFFFFF|000000</href>
  </Icon>
</Style><description><![CDATA[]]></description><visibility>1</visibility></Placemark><Placemark><name>GC9BE2H</name><Point><coordinates>-122.7437,47.6142,100 
</coordinates></Point><Style>
  <Icon>
    <href>http://chart.apis.google.com/chart?chst=d_bubble_icon_text_small&amp;chld=location|bbT|698|FFFFFF|000000</href>
  </Icon>
</Style><description><![CDATA[]]></description><visibility>1</visibility></Placemark><Placemark><name>GC9BE2M</name><Point><coordinates>-122.7455,47.6121,100 
</coordinates></Point><Style>
  <Icon>
    <href>http://chart.apis.google.com/chart?chst=d_bubble_icon_text_small&amp;chld=location|bbT|699|FFFFFF|000000</href>
  </Icon>
</Style><description><![CDATA[]]></description><visibility>1</visibility></Placemark><Placemark><name>GC9BE2Q</name><Point><coordinates>-122.749,47.6126,100 
</coordinates></Point><Style>
  <Icon>
    <href>http://chart.apis.google.com/chart?chst=d_bubble_icon_text_small&amp;chld=location|bbT|700|FFFFFF|000000</href>
  </Icon>
</Style><description><![CDATA[]]></description><visibility>1</visibility></Placemark><Placemark><name>GC9T17D</name><Point><coordinates>-122.7521,47.6131,100 
</coordinates></Point><Style>
  <Icon>
    <href>http://chart.apis.google.com/chart?chst=d_bubble_icon_text_small&amp;chld=location|bbT|701|FFFFFF|000000</href>
  </Icon>
</Style><description><![CDATA[]]></description><visibility>1</visibility></Placemark><Placemark><name>GC9Z3TD</name><Point><coordinates>-122.7512,47.6106,100 
</coordinates></Point><Style>
  <Icon>
    <href>http://chart.apis.google.com/chart?chst=d_bubble_icon_text_small&amp;chld=location|bbT|702|FFFFFF|000000</href>
  </Icon>
</Style><description><![CDATA[]]></description><visibility>1</visibility></Placemark><Placemark><name>GC9XWR6</name><Point><coordinates>-122.746,47.6173,100 
</coordinates></Point><Style>
  <Icon>
    <href>http://chart.apis.google.com/chart?chst=d_bubble_icon_text_small&amp;chld=location|bbT|703|FFFFFF|000000</href>
  </Icon>
</Style><description><![CDATA[]]></description><visibility>1</visibility></Placemark><Placemark><name>GC9BE17</name><Point><coordinates>-122.7501,47.6147,100 
</coordinates></Point><Style>
  <Icon>
    <href>http://chart.apis.google.com/chart?chst=d_bubble_icon_text_small&amp;chld=location|bbT|704|FFFFFF|000000</href>
  </Icon>
</Style><description><![CDATA[]]></description><visibility>1</visibility></Placemark><Placemark><name>GC9BE1E</name><Point><coordinates>-122.7548,47.6166,100 
</coordinates></Point><Style>
  <Icon>
    <href>http://chart.apis.google.com/chart?chst=d_bubble_icon_text_small&amp;chld=location|bbT|705|FFFFFF|000000</href>
  </Icon>
</Style><description><![CDATA[]]></description><visibility>1</visibility></Placemark><Placemark><name>GC9BE1Q</name><Point><coordinates>-122.752,47.6209,100 
</coordinates></Point><Style>
  <Icon>
    <href>http://chart.apis.google.com/chart?chst=d_bubble_icon_text_small&amp;chld=location|bbT|706|FFFFFF|000000</href>
  </Icon>
</Style><description><![CDATA[]]></description><visibility>1</visibility></Placemark><Placemark><name>GC9BE20</name><Point><coordinates>-122.7548,47.6226,100 
</coordinates></Point><Style>
  <Icon>
    <href>http://chart.apis.google.com/chart?chst=d_bubble_icon_text_small&amp;chld=location|bbT|707|FFFFFF|000000</href>
  </Icon>
</Style><description><![CDATA[]]></description><visibility>1</visibility></Placemark><Placemark><name>GCC426</name><Point><coordinates>-122.6333,47.5428,100 
</coordinates></Point><Style>
  <Icon>
    <href>http://chart.apis.google.com/chart?chst=d_bubble_icon_text_small&amp;chld=location|bbT|708|FFFFFF|000000</href>
  </Icon>
</Style><description><![CDATA[]]></description><visibility>1</visibility></Placemark><Placemark><name>GC7W1T6</name><Point><coordinates>-121.6281,47.4797,100 
</coordinates></Point><Style>
  <Icon>
    <href>http://chart.apis.google.com/chart?chst=d_bubble_icon_text_small&amp;chld=location|bbT|709|FFFFFF|000000</href>
  </Icon>
</Style><description><![CDATA[]]></description><visibility>1</visibility></Placemark><Placemark><name>GC4PECG</name><Point><coordinates>-122.3322,47.7888,100 
</coordinates></Point><Style>
  <Icon>
    <href>http://chart.apis.google.com/chart?chst=d_bubble_icon_text_small&amp;chld=location|bbT|710|FFFFFF|000000</href>
  </Icon>
</Style><description><![CDATA[]]></description><visibility>1</visibility></Placemark><Placemark><name>GC4PE5Y</name><Point><coordinates>-122.3327,47.7869,100 
</coordinates></Point><Style>
  <Icon>
    <href>http://chart.apis.google.com/chart?chst=d_bubble_icon_text_small&amp;chld=location|bbT|711|FFFFFF|000000</href>
  </Icon>
</Style><description><![CDATA[]]></description><visibility>1</visibility></Placemark><Placemark><name>GC8W82Q</name><Point><coordinates>-122.3284,47.789,100 
</coordinates></Point><Style>
  <Icon>
    <href>http://chart.apis.google.com/chart?chst=d_bubble_icon_text_small&amp;chld=location|bbT|712|FFFFFF|000000</href>
  </Icon>
</Style><description><![CDATA[]]></description><visibility>1</visibility></Placemark><Placemark><name>GC9YDN0</name><Point><coordinates>-122.3489,47.6507,100 
</coordinates></Point><Style>
  <Icon>
    <href>http://chart.apis.google.com/chart?chst=d_bubble_icon_text_small&amp;chld=location|bbT|713|FFFFFF|000000</href>
  </Icon>
</Style><description><![CDATA[]]></description><visibility>1</visibility></Placemark><Placemark><name>GC8MXJ5</name><Point><coordinates>-122.3255,47.6474,100 
</coordinates></Point><Style>
  <Icon>
    <href>http://chart.apis.google.com/chart?chst=d_bubble_icon_text_small&amp;chld=location|bbT|714|FFFFFF|000000</href>
  </Icon>
</Style><description><![CDATA[]]></description><visibility>1</visibility></Placemark><Placemark><name>GC217PH</name><Point><coordinates>-122.327,47.6458,100 
</coordinates></Point><Style>
  <Icon>
    <href>http://chart.apis.google.com/chart?chst=d_bubble_icon_text_small&amp;chld=location|bbT|715|FFFFFF|000000</href>
  </Icon>
</Style><description><![CDATA[]]></description><visibility>1</visibility></Placemark><Placemark><name>GCNHNH</name><Point><coordinates>-122.325,47.6437,100 
</coordinates></Point><Style>
  <Icon>
    <href>http://chart.apis.google.com/chart?chst=d_bubble_icon_text_small&amp;chld=location|bbT|716|FFFFFF|000000</href>
  </Icon>
</Style><description><![CDATA[]]></description><visibility>1</visibility></Placemark><Placemark><name>GC9X1YQ</name><Point><coordinates>-122.3293,47.642,100 
</coordinates></Point><Style>
  <Icon>
    <href>http://chart.apis.google.com/chart?chst=d_bubble_icon_text_small&amp;chld=location|bbT|717|FFFFFF|000000</href>
  </Icon>
</Style><description><![CDATA[]]></description><visibility>1</visibility></Placemark><Placemark><name>GC9X1Z5</name><Point><coordinates>-122.3296,47.6399,100 
</coordinates></Point><Style>
  <Icon>
    <href>http://chart.apis.google.com/chart?chst=d_bubble_icon_text_small&amp;chld=location|bbT|718|FFFFFF|000000</href>
  </Icon>
</Style><description><![CDATA[]]></description><visibility>1</visibility></Placemark><Placemark><name>GC8W21Y</name><Point><coordinates>-122.416,47.643,100 
</coordinates></Point><Style>
  <Icon>
    <href>http://chart.apis.google.com/chart?chst=d_bubble_icon_text_small&amp;chld=location|bbT|719|FFFFFF|000000</href>
  </Icon>
</Style><description><![CDATA[]]></description><visibility>1</visibility></Placemark><Placemark><name>GC1Q3TB</name><Point><coordinates>-122.055,47.4824,100 
</coordinates></Point><Style>
  <Icon>
    <href>http://chart.apis.google.com/chart?chst=d_bubble_icon_text_small&amp;chld=location|bbT|720|FFFFFF|000000</href>
  </Icon>
</Style><description><![CDATA[]]></description><visibility>1</visibility></Placemark><Placemark><name>GC1Z7NF</name><Point><coordinates>-122.0539,47.4841,100 
</coordinates></Point><Style>
  <Icon>
    <href>http://chart.apis.google.com/chart?chst=d_bubble_icon_text_small&amp;chld=location|bbT|721|FFFFFF|000000</href>
  </Icon>
</Style><description><![CDATA[]]></description><visibility>1</visibility></Placemark><Placemark><name>GC1Z77R</name><Point><coordinates>-122.049,47.4876,100 
</coordinates></Point><Style>
  <Icon>
    <href>http://chart.apis.google.com/chart?chst=d_bubble_icon_text_small&amp;chld=location|bbT|722|FFFFFF|000000</href>
  </Icon>
</Style><description><![CDATA[]]></description><visibility>1</visibility></Placemark><Placemark><name>GCMMWJ</name><Point><coordinates>-122.055,47.4926,100 
</coordinates></Point><Style>
  <Icon>
    <href>http://chart.apis.google.com/chart?chst=d_bubble_icon_text_small&amp;chld=location|bbT|723|FFFFFF|000000</href>
  </Icon>
</Style><description><![CDATA[]]></description><visibility>1</visibility></Placemark><Placemark><name>GCHQC2</name><Point><coordinates>-122.0622,47.5023,100 
</coordinates></Point><Style>
  <Icon>
    <href>http://chart.apis.google.com/chart?chst=d_bubble_icon_text_small&amp;chld=location|bbT|724|FFFFFF|000000</href>
  </Icon>
</Style><description><![CDATA[]]></description><visibility>1</visibility></Placemark><Placemark><name>GC9NKBY</name><Point><coordinates>-122.2842,47.5545,100 
</coordinates></Point><Style>
  <Icon>
    <href>http://chart.apis.google.com/chart?chst=d_bubble_icon_text_small&amp;chld=location|bbT|725|FFFFFF|000000</href>
  </Icon>
</Style><description><![CDATA[]]></description><visibility>1</visibility></Placemark><Placemark><name>GCA0T80</name><Point><coordinates>-122.0345,47.5331,100 
</coordinates></Point><Style>
  <Icon>
    <href>http://chart.apis.google.com/chart?chst=d_bubble_icon_text_small&amp;chld=location|bbT|726|FFFFFF|000000</href>
  </Icon>
</Style><description><![CDATA[]]></description><visibility>1</visibility></Placemark><Placemark><name>GC6Y96J</name><Point><coordinates>-121.9892,47.4784,100 
</coordinates></Point><Style>
  <Icon>
    <href>http://chart.apis.google.com/chart?chst=d_bubble_icon_text_small&amp;chld=location|bbT|727|FFFFFF|000000</href>
  </Icon>
</Style><description><![CDATA[]]></description><visibility>1</visibility></Placemark><Placemark><name>GC7RH4W</name><Point><coordinates>-121.9877,47.4831,100 
</coordinates></Point><Style>
  <Icon>
    <href>http://chart.apis.google.com/chart?chst=d_bubble_icon_text_small&amp;chld=location|bbT|728|FFFFFF|000000</href>
  </Icon>
</Style><description><![CDATA[]]></description><visibility>1</visibility></Placemark><Placemark><name>GCXV0X</name><Point><coordinates>-121.9923,47.4797,100 
</coordinates></Point><Style>
  <Icon>
    <href>http://chart.apis.google.com/chart?chst=d_bubble_icon_text_small&amp;chld=location|bbT|729|FFFFFF|000000</href>
  </Icon>
</Style><description><![CDATA[]]></description><visibility>1</visibility></Placemark><Placemark><name>GC7CKK5</name><Point><coordinates>-121.9998,47.4648,100 
</coordinates></Point><Style>
  <Icon>
    <href>http://chart.apis.google.com/chart?chst=d_bubble_icon_text_small&amp;chld=location|bbT|730|FFFFFF|000000</href>
  </Icon>
</Style><description><![CDATA[]]></description><visibility>1</visibility></Placemark><Placemark><name>GC3MHHV</name><Point><coordinates>-122.4873,48.6544,100 
</coordinates></Point><Style>
  <Icon>
    <href>http://chart.apis.google.com/chart?chst=d_bubble_icon_text_small&amp;chld=location|bbT|731|FFFFFF|000000</href>
  </Icon>
</Style><description><![CDATA[]]></description><visibility>1</visibility></Placemark><Placemark><name>GC3Q8EX</name><Point><coordinates>-122.4871,48.6522,100 
</coordinates></Point><Style>
  <Icon>
    <href>http://chart.apis.google.com/chart?chst=d_bubble_icon_text_small&amp;chld=location|bbT|732|FFFFFF|000000</href>
  </Icon>
</Style><description><![CDATA[]]></description><visibility>1</visibility></Placemark><Placemark><name>GC3Q8FC</name><Point><coordinates>-122.486,48.6542,100 
</coordinates></Point><Style>
  <Icon>
    <href>http://chart.apis.google.com/chart?chst=d_bubble_icon_text_small&amp;chld=location|bbT|733|FFFFFF|000000</href>
  </Icon>
</Style><description><![CDATA[]]></description><visibility>1</visibility></Placemark><Placemark><name>GC3Q8G0</name><Point><coordinates>-122.4849,48.656,100 
</coordinates></Point><Style>
  <Icon>
    <href>http://chart.apis.google.com/chart?chst=d_bubble_icon_text_small&amp;chld=location|bbT|734|FFFFFF|000000</href>
  </Icon>
</Style><description><![CDATA[]]></description><visibility>1</visibility></Placemark><Placemark><name>GC3Q8GG</name><Point><coordinates>-122.4878,48.6574,100 
</coordinates></Point><Style>
  <Icon>
    <href>http://chart.apis.google.com/chart?chst=d_bubble_icon_text_small&amp;chld=location|bbT|735|FFFFFF|000000</href>
  </Icon>
</Style><description><![CDATA[]]></description><visibility>1</visibility></Placemark><Placemark><name>GC3Q8H0</name><Point><coordinates>-122.4843,48.6579,100 
</coordinates></Point><Style>
  <Icon>
    <href>http://chart.apis.google.com/chart?chst=d_bubble_icon_text_small&amp;chld=location|bbT|736|FFFFFF|000000</href>
  </Icon>
</Style><description><![CDATA[]]></description><visibility>1</visibility></Placemark><Placemark><name>GC3Q8H7</name><Point><coordinates>-122.4814,48.6576,100 
</coordinates></Point><Style>
  <Icon>
    <href>http://chart.apis.google.com/chart?chst=d_bubble_icon_text_small&amp;chld=location|bbT|737|FFFFFF|000000</href>
  </Icon>
</Style><description><![CDATA[]]></description><visibility>1</visibility></Placemark><Placemark><name>GC3EHFC</name><Point><coordinates>-122.4737,48.6579,100 
</coordinates></Point><Style>
  <Icon>
    <href>http://chart.apis.google.com/chart?chst=d_bubble_icon_text_small&amp;chld=location|bbT|738|FFFFFF|000000</href>
  </Icon>
</Style><description><![CDATA[]]></description><visibility>1</visibility></Placemark><Placemark><name>GC44TRH</name><Point><coordinates>-122.4718,48.6598,100 
</coordinates></Point><Style>
  <Icon>
    <href>http://chart.apis.google.com/chart?chst=d_bubble_icon_text_small&amp;chld=location|bbT|739|FFFFFF|000000</href>
  </Icon>
</Style><description><![CDATA[]]></description><visibility>1</visibility></Placemark><Placemark><name>GC3EPF9</name><Point><coordinates>-122.4701,48.6615,100 
</coordinates></Point><Style>
  <Icon>
    <href>http://chart.apis.google.com/chart?chst=d_bubble_icon_text_small&amp;chld=location|bbT|740|FFFFFF|000000</href>
  </Icon>
</Style><description><![CDATA[]]></description><visibility>1</visibility></Placemark><Placemark><name>GC18ACF</name><Point><coordinates>-122.4731,48.6645,100 
</coordinates></Point><Style>
  <Icon>
    <href>http://chart.apis.google.com/chart?chst=d_bubble_icon_text_small&amp;chld=location|bbT|741|FFFFFF|000000</href>
  </Icon>
</Style><description><![CDATA[]]></description><visibility>1</visibility></Placemark><Placemark><name>GC3EPG6</name><Point><coordinates>-122.4742,48.6668,100 
</coordinates></Point><Style>
  <Icon>
    <href>http://chart.apis.google.com/chart?chst=d_bubble_icon_text_small&amp;chld=location|bbT|742|FFFFFF|000000</href>
  </Icon>
</Style><description><![CDATA[]]></description><visibility>1</visibility></Placemark><Placemark><name>GC3EPGT</name><Point><coordinates>-122.4752,48.6682,100 
</coordinates></Point><Style>
  <Icon>
    <href>http://chart.apis.google.com/chart?chst=d_bubble_icon_text_small&amp;chld=location|bbT|743|FFFFFF|000000</href>
  </Icon>
</Style><description><![CDATA[]]></description><visibility>1</visibility></Placemark><Placemark><name>GC3EPH9</name><Point><coordinates>-122.4782,48.67,100 
</coordinates></Point><Style>
  <Icon>
    <href>http://chart.apis.google.com/chart?chst=d_bubble_icon_text_small&amp;chld=location|bbT|744|FFFFFF|000000</href>
  </Icon>
</Style><description><![CDATA[]]></description><visibility>1</visibility></Placemark><Placemark><name>GC3EPJ0</name><Point><coordinates>-122.4799,48.6727,100 
</coordinates></Point><Style>
  <Icon>
    <href>http://chart.apis.google.com/chart?chst=d_bubble_icon_text_small&amp;chld=location|bbT|745|FFFFFF|000000</href>
  </Icon>
</Style><description><![CDATA[]]></description><visibility>1</visibility></Placemark><Placemark><name>GC3EPJJ</name><Point><coordinates>-122.4807,48.6744,100 
</coordinates></Point><Style>
  <Icon>
    <href>http://chart.apis.google.com/chart?chst=d_bubble_icon_text_small&amp;chld=location|bbT|746|FFFFFF|000000</href>
  </Icon>
</Style><description><![CDATA[]]></description><visibility>1</visibility></Placemark><Placemark><name>GC3EPJT</name><Point><coordinates>-122.483,48.6757,100 
</coordinates></Point><Style>
  <Icon>
    <href>http://chart.apis.google.com/chart?chst=d_bubble_icon_text_small&amp;chld=location|bbT|747|FFFFFF|000000</href>
  </Icon>
</Style><description><![CDATA[]]></description><visibility>1</visibility></Placemark><Placemark><name>GC39ZTA</name><Point><coordinates>-122.4826,48.6712,100 
</coordinates></Point><Style>
  <Icon>
    <href>http://chart.apis.google.com/chart?chst=d_bubble_icon_text_small&amp;chld=location|bbT|748|FFFFFF|000000</href>
  </Icon>
</Style><description><![CDATA[]]></description><visibility>1</visibility></Placemark><Placemark><name>GC3V7C9</name><Point><coordinates>-122.4833,48.6697,100 
</coordinates></Point><Style>
  <Icon>
    <href>http://chart.apis.google.com/chart?chst=d_bubble_icon_text_small&amp;chld=location|bbT|749|FFFFFF|000000</href>
  </Icon>
</Style><description><![CDATA[]]></description><visibility>1</visibility></Placemark><Placemark><name>GC3QPKF</name><Point><coordinates>-122.4818,48.6683,100 
</coordinates></Point><Style>
  <Icon>
    <href>http://chart.apis.google.com/chart?chst=d_bubble_icon_text_small&amp;chld=location|bbT|750|FFFFFF|000000</href>
  </Icon>
</Style><description><![CDATA[]]></description><visibility>1</visibility></Placemark><Placemark><name>GC3QPKM</name><Point><coordinates>-122.4844,48.6658,100 
</coordinates></Point><Style>
  <Icon>
    <href>http://chart.apis.google.com/chart?chst=d_bubble_icon_text_small&amp;chld=location|bbT|751|FFFFFF|000000</href>
  </Icon>
</Style><description><![CDATA[]]></description><visibility>1</visibility></Placemark><Placemark><name>GC3QPKV</name><Point><coordinates>-122.4872,48.6652,100 
</coordinates></Point><Style>
  <Icon>
    <href>http://chart.apis.google.com/chart?chst=d_bubble_icon_text_small&amp;chld=location|bbT|752|FFFFFF|000000</href>
  </Icon>
</Style><description><![CDATA[]]></description><visibility>1</visibility></Placemark><Placemark><name>GC3QPM0</name><Point><coordinates>-122.4905,48.6642,100 
</coordinates></Point><Style>
  <Icon>
    <href>http://chart.apis.google.com/chart?chst=d_bubble_icon_text_small&amp;chld=location|bbT|753|FFFFFF|000000</href>
  </Icon>
</Style><description><![CDATA[]]></description><visibility>1</visibility></Placemark><Placemark><name>GC3QPM4</name><Point><coordinates>-122.4916,48.6625,100 
</coordinates></Point><Style>
  <Icon>
    <href>http://chart.apis.google.com/chart?chst=d_bubble_icon_text_small&amp;chld=location|bbT|754|FFFFFF|000000</href>
  </Icon>
</Style><description><![CDATA[]]></description><visibility>1</visibility></Placemark><Placemark><name>GC3QPM8</name><Point><coordinates>-122.4914,48.6597,100 
</coordinates></Point><Style>
  <Icon>
    <href>http://chart.apis.google.com/chart?chst=d_bubble_icon_text_small&amp;chld=location|bbT|755|FFFFFF|000000</href>
  </Icon>
</Style><description><![CDATA[]]></description><visibility>1</visibility></Placemark><Placemark><name>GC3PBWN</name><Point><coordinates>-122.4873,48.6585,100 
</coordinates></Point><Style>
  <Icon>
    <href>http://chart.apis.google.com/chart?chst=d_bubble_icon_text_small&amp;chld=location|bbT|756|FFFFFF|000000</href>
  </Icon>
</Style><description><![CDATA[]]></description><visibility>1</visibility></Placemark><Placemark><name>GC3PBWG</name><Point><coordinates>-122.4877,48.6562,100 
</coordinates></Point><Style>
  <Icon>
    <href>http://chart.apis.google.com/chart?chst=d_bubble_icon_text_small&amp;chld=location|bbT|757|FFFFFF|000000</href>
  </Icon>
</Style><description><![CDATA[]]></description><visibility>1</visibility></Placemark><Placemark><name>GC3PBW7</name><Point><coordinates>-122.4853,48.6519,100 
</coordinates></Point><Style>
  <Icon>
    <href>http://chart.apis.google.com/chart?chst=d_bubble_icon_text_small&amp;chld=location|bbT|758|FFFFFF|000000</href>
  </Icon>
</Style><description><![CDATA[]]></description><visibility>1</visibility></Placemark><Placemark><name>GC3MHHC</name><Point><coordinates>-122.4903,48.6531,100 
</coordinates></Point><Style>
  <Icon>
    <href>http://chart.apis.google.com/chart?chst=d_bubble_icon_text_small&amp;chld=location|bbT|759|FFFFFF|000000</href>
  </Icon>
</Style><description><![CDATA[]]></description><visibility>1</visibility></Placemark><Placemark><name>GC44RHR</name><Point><coordinates>-122.4877,48.6511,100 
</coordinates></Point><Style>
  <Icon>
    <href>http://chart.apis.google.com/chart?chst=d_bubble_icon_text_small&amp;chld=location|bbT|760|FFFFFF|000000</href>
  </Icon>
</Style><description><![CDATA[]]></description><visibility>1</visibility></Placemark><Placemark><name>GC4WM5G</name><Point><coordinates>-122.3499,47.6723,100 
</coordinates></Point><Style>
  <Icon>
    <href>http://chart.apis.google.com/chart?chst=d_bubble_icon_text_small&amp;chld=location|bbT|761|FFFFFF|000000</href>
  </Icon>
</Style><description><![CDATA[]]></description><visibility>1</visibility></Placemark><Placemark><name>GC90F43</name><Point><coordinates>-122.3401,47.665,100 
</coordinates></Point><Style>
  <Icon>
    <href>http://chart.apis.google.com/chart?chst=d_bubble_icon_text_small&amp;chld=location|bbT|762|FFFFFF|000000</href>
  </Icon>
</Style><description><![CDATA[]]></description><visibility>1</visibility></Placemark><Placemark><name>GC2E2MX</name><Point><coordinates>-122.3342,47.6697,100 
</coordinates></Point><Style>
  <Icon>
    <href>http://chart.apis.google.com/chart?chst=d_bubble_icon_text_small&amp;chld=location|bbT|763|FFFFFF|000000</href>
  </Icon>
</Style><description><![CDATA[]]></description><visibility>1</visibility></Placemark><Placemark><name>GCA174K</name><Point><coordinates>-122.34,47.6495,100 
</coordinates></Point><Style>
  <Icon>
    <href>http://chart.apis.google.com/chart?chst=d_bubble_icon_text_small&amp;chld=location|bbT|764|FFFFFF|000000</href>
  </Icon>
</Style><description><![CDATA[]]></description><visibility>1</visibility></Placemark><Placemark><name>GC7B73R</name><Point><coordinates>-122.2996,47.442,100 
</coordinates></Point><Style>
  <Icon>
    <href>http://chart.apis.google.com/chart?chst=d_bubble_icon_text_small&amp;chld=location|bbT|765|FFFFFF|000000</href>
  </Icon>
</Style><description><![CDATA[]]></description><visibility>1</visibility></Placemark><Placemark><name>GC9P63Z</name><Point><coordinates>-122.1632,37.4285,100 
</coordinates></Point><Style>
  <Icon>
    <href>http://chart.apis.google.com/chart?chst=d_bubble_icon_text_small&amp;chld=location|bbT|766|FFFFFF|000000</href>
  </Icon>
</Style><description><![CDATA[]]></description><visibility>1</visibility></Placemark><Placemark><name>GC8AA9M</name><Point><coordinates>-121.9952,37.3054,100 
</coordinates></Point><Style>
  <Icon>
    <href>http://chart.apis.google.com/chart?chst=d_bubble_icon_text_small&amp;chld=location|bbT|767|FFFFFF|000000</href>
  </Icon>
</Style><description><![CDATA[]]></description><visibility>1</visibility></Placemark><Placemark><name>GC9XTRM</name><Point><coordinates>-121.9887,37.3017,100 
</coordinates></Point><Style>
  <Icon>
    <href>http://chart.apis.google.com/chart?chst=d_bubble_icon_text_small&amp;chld=location|bbT|768|FFFFFF|000000</href>
  </Icon>
</Style><description><![CDATA[]]></description><visibility>1</visibility></Placemark><Placemark><name>GCJGBT</name><Point><coordinates>-121.8634,37.2035,100 
</coordinates></Point><Style>
  <Icon>
    <href>http://chart.apis.google.com/chart?chst=d_bubble_icon_text_small&amp;chld=location|bbT|769|FFFFFF|000000</href>
  </Icon>
</Style><description><![CDATA[]]></description><visibility>1</visibility></Placemark><Placemark><name>GC9TBK1</name><Point><coordinates>-121.863,37.2021,100 
</coordinates></Point><Style>
  <Icon>
    <href>http://chart.apis.google.com/chart?chst=d_bubble_icon_text_small&amp;chld=location|bbT|770|FFFFFF|000000</href>
  </Icon>
</Style><description><![CDATA[]]></description><visibility>1</visibility></Placemark><Placemark><name>GC9ZR3X</name><Point><coordinates>-121.8635,37.2001,100 
</coordinates></Point><Style>
  <Icon>
    <href>http://chart.apis.google.com/chart?chst=d_bubble_icon_text_small&amp;chld=location|bbT|771|FFFFFF|000000</href>
  </Icon>
</Style><description><![CDATA[]]></description><visibility>1</visibility></Placemark><Placemark><name>GC3KGJ4</name><Point><coordinates>-121.86,37.1991,100 
</coordinates></Point><Style>
  <Icon>
    <href>http://chart.apis.google.com/chart?chst=d_bubble_icon_text_small&amp;chld=location|bbT|772|FFFFFF|000000</href>
  </Icon>
</Style><description><![CDATA[]]></description><visibility>1</visibility></Placemark><Placemark><name>GC1F5DZ</name><Point><coordinates>-121.8609,37.1972,100 
</coordinates></Point><Style>
  <Icon>
    <href>http://chart.apis.google.com/chart?chst=d_bubble_icon_text_small&amp;chld=location|bbT|773|FFFFFF|000000</href>
  </Icon>
</Style><description><![CDATA[]]></description><visibility>1</visibility></Placemark><Placemark><name>GC6DM23</name><Point><coordinates>-121.859,37.1958,100 
</coordinates></Point><Style>
  <Icon>
    <href>http://chart.apis.google.com/chart?chst=d_bubble_icon_text_small&amp;chld=location|bbT|774|FFFFFF|000000</href>
  </Icon>
</Style><description><![CDATA[]]></description><visibility>1</visibility></Placemark><Placemark><name>GC37GN2</name><Point><coordinates>-121.8574,37.1946,100 
</coordinates></Point><Style>
  <Icon>
    <href>http://chart.apis.google.com/chart?chst=d_bubble_icon_text_small&amp;chld=location|bbT|775|FFFFFF|000000</href>
  </Icon>
</Style><description><![CDATA[]]></description><visibility>1</visibility></Placemark><Placemark><name>GCMHKF</name><Point><coordinates>-121.8529,37.1951,100 
</coordinates></Point><Style>
  <Icon>
    <href>http://chart.apis.google.com/chart?chst=d_bubble_icon_text_small&amp;chld=location|bbT|776|FFFFFF|000000</href>
  </Icon>
</Style><description><![CDATA[]]></description><visibility>1</visibility></Placemark><Placemark><name>GC5JTQQ</name><Point><coordinates>-121.8589,37.1914,100 
</coordinates></Point><Style>
  <Icon>
    <href>http://chart.apis.google.com/chart?chst=d_bubble_icon_text_small&amp;chld=location|bbT|777|FFFFFF|000000</href>
  </Icon>
</Style><description><![CDATA[]]></description><visibility>1</visibility></Placemark><Placemark><name>GC7VMEZ</name><Point><coordinates>-121.8607,37.1933,100 
</coordinates></Point><Style>
  <Icon>
    <href>http://chart.apis.google.com/chart?chst=d_bubble_icon_text_small&amp;chld=location|bbT|778|FFFFFF|000000</href>
  </Icon>
</Style><description><![CDATA[]]></description><visibility>1</visibility></Placemark><Placemark><name>GC3HHQT</name><Point><coordinates>-121.8659,37.2,100 
</coordinates></Point><Style>
  <Icon>
    <href>http://chart.apis.google.com/chart?chst=d_bubble_icon_text_small&amp;chld=location|bbT|779|FFFFFF|000000</href>
  </Icon>
</Style><description><![CDATA[]]></description><visibility>1</visibility></Placemark><Placemark><name>GCKRWY</name><Point><coordinates>-121.8653,37.2038,100 
</coordinates></Point><Style>
  <Icon>
    <href>http://chart.apis.google.com/chart?chst=d_bubble_icon_text_small&amp;chld=location|bbT|780|FFFFFF|000000</href>
  </Icon>
</Style><description><![CDATA[]]></description><visibility>1</visibility></Placemark><Placemark><name>GCA29HN</name><Point><coordinates>-122.3596,37.5396,100 
</coordinates></Point><Style>
  <Icon>
    <href>http://chart.apis.google.com/chart?chst=d_bubble_icon_text_small&amp;chld=location|bbT|781|FFFFFF|000000</href>
  </Icon>
</Style><description><![CDATA[]]></description><visibility>1</visibility></Placemark><Placemark><name>GC43DKN</name><Point><coordinates>-122.4113,37.5874,100 
</coordinates></Point><Style>
  <Icon>
    <href>http://chart.apis.google.com/chart?chst=d_bubble_icon_text_small&amp;chld=location|bbT|782|FFFFFF|000000</href>
  </Icon>
</Style><description><![CDATA[]]></description><visibility>1</visibility></Placemark><Placemark><name>GC4C0K8</name><Point><coordinates>-122.41,37.5855,100 
</coordinates></Point><Style>
  <Icon>
    <href>http://chart.apis.google.com/chart?chst=d_bubble_icon_text_small&amp;chld=location|bbT|783|FFFFFF|000000</href>
  </Icon>
</Style><description><![CDATA[]]></description><visibility>1</visibility></Placemark><Placemark><name>GC13FY2</name><Point><coordinates>-122.4107,37.5808,100 
</coordinates></Point><Style>
  <Icon>
    <href>http://chart.apis.google.com/chart?chst=d_bubble_icon_text_small&amp;chld=location|bbT|784|FFFFFF|000000</href>
  </Icon>
</Style><description><![CDATA[]]></description><visibility>1</visibility></Placemark><Placemark><name>GC4C0J3</name><Point><coordinates>-122.415,37.5894,100 
</coordinates></Point><Style>
  <Icon>
    <href>http://chart.apis.google.com/chart?chst=d_bubble_icon_text_small&amp;chld=location|bbT|785|FFFFFF|000000</href>
  </Icon>
</Style><description><![CDATA[]]></description><visibility>1</visibility></Placemark><Placemark><name>GC5654R</name><Point><coordinates>-122.4396,37.6178,100 
</coordinates></Point><Style>
  <Icon>
    <href>http://chart.apis.google.com/chart?chst=d_bubble_icon_text_small&amp;chld=location|bbT|786|FFFFFF|000000</href>
  </Icon>
</Style><description><![CDATA[]]></description><visibility>1</visibility></Placemark><Placemark><name>GC4JQ31</name><Point><coordinates>-122.3607,37.592,100 
</coordinates></Point><Style>
  <Icon>
    <href>http://chart.apis.google.com/chart?chst=d_bubble_icon_text_small&amp;chld=location|bbT|787|FFFFFF|000000</href>
  </Icon>
</Style><description><![CDATA[]]></description><visibility>1</visibility></Placemark><Placemark><name>GC96ZY3</name><Point><coordinates>-122.3558,37.5921,100 
</coordinates></Point><Style>
  <Icon>
    <href>http://chart.apis.google.com/chart?chst=d_bubble_icon_text_small&amp;chld=location|bbT|788|FFFFFF|000000</href>
  </Icon>
</Style><description><![CDATA[]]></description><visibility>1</visibility></Placemark><Placemark><name>GC9744Z</name><Point><coordinates>-122.3529,37.592,100 
</coordinates></Point><Style>
  <Icon>
    <href>http://chart.apis.google.com/chart?chst=d_bubble_icon_text_small&amp;chld=location|bbT|789|FFFFFF|000000</href>
  </Icon>
</Style><description><![CDATA[]]></description><visibility>1</visibility></Placemark><Placemark><name>GC97DH4</name><Point><coordinates>-122.3499,37.5907,100 
</coordinates></Point><Style>
  <Icon>
    <href>http://chart.apis.google.com/chart?chst=d_bubble_icon_text_small&amp;chld=location|bbT|790|FFFFFF|000000</href>
  </Icon>
</Style><description><![CDATA[]]></description><visibility>1</visibility></Placemark><Placemark><name>GCJ92H</name><Point><coordinates>-122.3534,37.5887,100 
</coordinates></Point><Style>
  <Icon>
    <href>http://chart.apis.google.com/chart?chst=d_bubble_icon_text_small&amp;chld=location|bbT|791|FFFFFF|000000</href>
  </Icon>
</Style><description><![CDATA[]]></description><visibility>1</visibility></Placemark><Placemark><name>GC2DND5</name><Point><coordinates>-122.3568,37.5909,100 
</coordinates></Point><Style>
  <Icon>
    <href>http://chart.apis.google.com/chart?chst=d_bubble_icon_text_small&amp;chld=location|bbT|792|FFFFFF|000000</href>
  </Icon>
</Style><description><![CDATA[]]></description><visibility>1</visibility></Placemark><Placemark><name>GC9MK24</name><Point><coordinates>-122.17,37.4281,100 
</coordinates></Point><Style>
  <Icon>
    <href>http://chart.apis.google.com/chart?chst=d_bubble_icon_text_small&amp;chld=location|bbT|793|FFFFFF|000000</href>
  </Icon>
</Style><description><![CDATA[]]></description><visibility>1</visibility></Placemark><Placemark><name>GC9HWKB</name><Point><coordinates>-122.1842,37.4306,100 
</coordinates></Point><Style>
  <Icon>
    <href>http://chart.apis.google.com/chart?chst=d_bubble_icon_text_small&amp;chld=location|bbT|794|FFFFFF|000000</href>
  </Icon>
</Style><description><![CDATA[]]></description><visibility>1</visibility></Placemark><Placemark><name>GC9FQN2</name><Point><coordinates>-122.1854,37.4319,100 
</coordinates></Point><Style>
  <Icon>
    <href>http://chart.apis.google.com/chart?chst=d_bubble_icon_text_small&amp;chld=location|bbT|795|FFFFFF|000000</href>
  </Icon>
</Style><description><![CDATA[]]></description><visibility>1</visibility></Placemark><Placemark><name>GC9E5M1</name><Point><coordinates>-122.1872,37.4307,100 
</coordinates></Point><Style>
  <Icon>
    <href>http://chart.apis.google.com/chart?chst=d_bubble_icon_text_small&amp;chld=location|bbT|796|FFFFFF|000000</href>
  </Icon>
</Style><description><![CDATA[]]></description><visibility>1</visibility></Placemark><Placemark><name>GC9CFRH</name><Point><coordinates>-122.1887,37.4297,100 
</coordinates></Point><Style>
  <Icon>
    <href>http://chart.apis.google.com/chart?chst=d_bubble_icon_text_small&amp;chld=location|bbT|797|FFFFFF|000000</href>
  </Icon>
</Style><description><![CDATA[]]></description><visibility>1</visibility></Placemark><Placemark><name>GC9AD40</name><Point><coordinates>-122.1895,37.4284,100 
</coordinates></Point><Style>
  <Icon>
    <href>http://chart.apis.google.com/chart?chst=d_bubble_icon_text_small&amp;chld=location|bbT|798|FFFFFF|000000</href>
  </Icon>
</Style><description><![CDATA[]]></description><visibility>1</visibility></Placemark><Placemark><name>GC8Y6R8</name><Point><coordinates>-122.1906,37.4273,100 
</coordinates></Point><Style>
  <Icon>
    <href>http://chart.apis.google.com/chart?chst=d_bubble_icon_text_small&amp;chld=location|bbT|799|FFFFFF|000000</href>
  </Icon>
</Style><description><![CDATA[]]></description><visibility>1</visibility></Placemark><Placemark><name>GCBF17</name><Point><coordinates>-122.3098,37.4298,100 
</coordinates></Point><Style>
  <Icon>
    <href>http://chart.apis.google.com/chart?chst=d_bubble_icon_text_small&amp;chld=location|bbT|800|FFFFFF|000000</href>
  </Icon>
</Style><description><![CDATA[]]></description><visibility>1</visibility></Placemark><Placemark><name>GC7113Q</name><Point><coordinates>-122.3105,37.4325,100 
</coordinates></Point><Style>
  <Icon>
    <href>http://chart.apis.google.com/chart?chst=d_bubble_icon_text_small&amp;chld=location|bbT|801|FFFFFF|000000</href>
  </Icon>
</Style><description><![CDATA[]]></description><visibility>1</visibility></Placemark><Placemark><name>GC5X26C</name><Point><coordinates>-122.3082,37.4333,100 
</coordinates></Point><Style>
  <Icon>
    <href>http://chart.apis.google.com/chart?chst=d_bubble_icon_text_small&amp;chld=location|bbT|802|FFFFFF|000000</href>
  </Icon>
</Style><description><![CDATA[]]></description><visibility>1</visibility></Placemark><Placemark><name>GC5XE8E</name><Point><coordinates>-122.305,37.4329,100 
</coordinates></Point><Style>
  <Icon>
    <href>http://chart.apis.google.com/chart?chst=d_bubble_icon_text_small&amp;chld=location|bbT|803|FFFFFF|000000</href>
  </Icon>
</Style><description><![CDATA[]]></description><visibility>1</visibility></Placemark><Placemark><name>GCA0D2Z</name><Point><coordinates>-122.3488,47.6496,100 
</coordinates></Point><Style>
  <Icon>
    <href>http://chart.apis.google.com/chart?chst=d_bubble_icon_text_small&amp;chld=location|bbT|804|FFFFFF|000000</href>
  </Icon>
</Style><description><![CDATA[]]></description><visibility>1</visibility></Placemark><Placemark><name>GC8NMYX</name><Point><coordinates>-122.3263,47.5832,100 
</coordinates></Point><Style>
  <Icon>
    <href>http://chart.apis.google.com/chart?chst=d_bubble_icon_text_small&amp;chld=location|bbT|805|FFFFFF|000000</href>
  </Icon>
</Style><description><![CDATA[]]></description><visibility>1</visibility></Placemark><Placemark><name>GC9RZZ8</name><Point><coordinates>-122.3903,47.6727,100 
</coordinates></Point><Style>
  <Icon>
    <href>http://chart.apis.google.com/chart?chst=d_bubble_icon_text_small&amp;chld=location|bbT|806|FFFFFF|000000</href>
  </Icon>
</Style><description><![CDATA[]]></description><visibility>1</visibility></Placemark><Placemark><name>GC8DWBG</name><Point><coordinates>-122.3596,47.6726,100 
</coordinates></Point><Style>
  <Icon>
    <href>http://chart.apis.google.com/chart?chst=d_bubble_icon_text_small&amp;chld=location|bbT|807|FFFFFF|000000</href>
  </Icon>
</Style><description><![CDATA[]]></description><visibility>1</visibility></Placemark><Placemark><name>GC9GEE2</name><Point><coordinates>-122.3385,47.6609,100 
</coordinates></Point><Style>
  <Icon>
    <href>http://chart.apis.google.com/chart?chst=d_bubble_icon_text_small&amp;chld=location|bbT|808|FFFFFF|000000</href>
  </Icon>
</Style><description><![CDATA[]]></description><visibility>1</visibility></Placemark><Placemark><name>GCA2BMZ</name><Point><coordinates>-122.3334,47.6462,100 
</coordinates></Point><Style>
  <Icon>
    <href>http://chart.apis.google.com/chart?chst=d_bubble_icon_text_small&amp;chld=location|bbT|809|FFFFFF|000000</href>
  </Icon>
</Style><description><![CDATA[]]></description><visibility>1</visibility></Placemark><Placemark><name>GC4VKPT</name><Point><coordinates>-122.3533,47.6717,100 
</coordinates></Point><Style>
  <Icon>
    <href>http://chart.apis.google.com/chart?chst=d_bubble_icon_text_small&amp;chld=location|bbT|810|FFFFFF|000000</href>
  </Icon>
</Style><description><![CDATA[]]></description><visibility>1</visibility></Placemark><Placemark><name>GC98QYG</name><Point><coordinates>-122.3576,47.6667,100 
</coordinates></Point><Style>
  <Icon>
    <href>http://chart.apis.google.com/chart?chst=d_bubble_icon_text_small&amp;chld=location|bbT|811|FFFFFF|000000</href>
  </Icon>
</Style><description><![CDATA[]]></description><visibility>1</visibility></Placemark><Placemark><name>GC37PVG</name><Point><coordinates>-122.3527,47.6638,100 
</coordinates></Point><Style>
  <Icon>
    <href>http://chart.apis.google.com/chart?chst=d_bubble_icon_text_small&amp;chld=location|bbT|812|FFFFFF|000000</href>
  </Icon>
</Style><description><![CDATA[]]></description><visibility>1</visibility></Placemark><Placemark><name>GCA2J6K</name><Point><coordinates>-122.3469,47.6495,100 
</coordinates></Point><Style>
  <Icon>
    <href>http://chart.apis.google.com/chart?chst=d_bubble_icon_text_small&amp;chld=location|bbT|813|FFFFFF|000000</href>
  </Icon>
</Style><description><![CDATA[]]></description><visibility>1</visibility></Placemark><Placemark><name>GCA31FM</name><Point><coordinates>-122.3473,47.6513,100 
</coordinates></Point><Style>
  <Icon>
    <href>http://chart.apis.google.com/chart?chst=d_bubble_icon_text_small&amp;chld=location|bbT|814|FFFFFF|000000</href>
  </Icon>
</Style><description><![CDATA[]]></description><visibility>1</visibility></Placemark><Placemark><name>GC2TKM9</name><Point><coordinates>-119.649,39.3081,100 
</coordinates></Point><Style>
  <Icon>
    <href>http://chart.apis.google.com/chart?chst=d_bubble_icon_text_small&amp;chld=location|bbT|815|FFFFFF|000000</href>
  </Icon>
</Style><description><![CDATA[]]></description><visibility>1</visibility></Placemark><Placemark><name>GCYHYC</name><Point><coordinates>-119.7636,39.4269,100 
</coordinates></Point><Style>
  <Icon>
    <href>http://chart.apis.google.com/chart?chst=d_bubble_icon_text_small&amp;chld=location|bbT|816|FFFFFF|000000</href>
  </Icon>
</Style><description><![CDATA[]]></description><visibility>1</visibility></Placemark><Placemark><name>GC9QPAA</name><Point><coordinates>-119.8209,38.9018,100 
</coordinates></Point><Style>
  <Icon>
    <href>http://chart.apis.google.com/chart?chst=d_bubble_icon_text_small&amp;chld=location|bbT|817|FFFFFF|000000</href>
  </Icon>
</Style><description><![CDATA[]]></description><visibility>1</visibility></Placemark><Placemark><name>GC9WDEK</name><Point><coordinates>-119.7549,38.9613,100 
</coordinates></Point><Style>
  <Icon>
    <href>http://chart.apis.google.com/chart?chst=d_bubble_icon_text_small&amp;chld=location|bbT|818|FFFFFF|000000</href>
  </Icon>
</Style><description><![CDATA[]]></description><visibility>1</visibility></Placemark><Placemark><name>GC42MMQ</name><Point><coordinates>-119.7029,38.9758,100 
</coordinates></Point><Style>
  <Icon>
    <href>http://chart.apis.google.com/chart?chst=d_bubble_icon_text_small&amp;chld=location|bbT|819|FFFFFF|000000</href>
  </Icon>
</Style><description><![CDATA[]]></description><visibility>1</visibility></Placemark><Placemark><name>GC530DF</name><Point><coordinates>-119.778,39.0968,100 
</coordinates></Point><Style>
  <Icon>
    <href>http://chart.apis.google.com/chart?chst=d_bubble_icon_text_small&amp;chld=location|bbT|820|FFFFFF|000000</href>
  </Icon>
</Style><description><![CDATA[]]></description><visibility>1</visibility></Placemark><Placemark><name>GC9VMC3</name><Point><coordinates>-119.7106,39.1606,100 
</coordinates></Point><Style>
  <Icon>
    <href>http://chart.apis.google.com/chart?chst=d_bubble_icon_text_small&amp;chld=location|bbT|821|FFFFFF|000000</href>
  </Icon>
</Style><description><![CDATA[]]></description><visibility>1</visibility></Placemark><Placemark><name>GC6T2Y7</name><Point><coordinates>-119.7623,39.455,100 
</coordinates></Point><Style>
  <Icon>
    <href>http://chart.apis.google.com/chart?chst=d_bubble_icon_text_small&amp;chld=location|bbT|822|FFFFFF|000000</href>
  </Icon>
</Style><description><![CDATA[]]></description><visibility>1</visibility></Placemark><Placemark><name>GC5J8D9</name><Point><coordinates>-119.8815,39.5014,100 
</coordinates></Point><Style>
  <Icon>
    <href>http://chart.apis.google.com/chart?chst=d_bubble_icon_text_small&amp;chld=location|bbT|823|FFFFFF|000000</href>
  </Icon>
</Style><description><![CDATA[]]></description><visibility>1</visibility></Placemark><Placemark><name>GC88YRG</name><Point><coordinates>-119.8234,39.5282,100 
</coordinates></Point><Style>
  <Icon>
    <href>http://chart.apis.google.com/chart?chst=d_bubble_icon_text_small&amp;chld=location|bbT|824|FFFFFF|000000</href>
  </Icon>
</Style><description><![CDATA[]]></description><visibility>1</visibility></Placemark><Placemark><name>GC203NN</name><Point><coordinates>-119.7633,39.4414,100 
</coordinates></Point><Style>
  <Icon>
    <href>http://chart.apis.google.com/chart?chst=d_bubble_icon_text_small&amp;chld=location|bbT|825|FFFFFF|000000</href>
  </Icon>
</Style><description><![CDATA[]]></description><visibility>1</visibility></Placemark><Placemark><name>GC20Y4C</name><Point><coordinates>-119.8465,38.9472,100 
</coordinates></Point><Style>
  <Icon>
    <href>http://chart.apis.google.com/chart?chst=d_bubble_icon_text_small&amp;chld=location|bbT|826|FFFFFF|000000</href>
  </Icon>
</Style><description><![CDATA[]]></description><visibility>1</visibility></Placemark><Placemark><name>GC9YVZ6</name><Point><coordinates>-122.4348,37.7942,100 
</coordinates></Point><Style>
  <Icon>
    <href>http://chart.apis.google.com/chart?chst=d_bubble_icon_text_small&amp;chld=location|bbT|827|FFFFFF|000000</href>
  </Icon>
</Style><description><![CDATA[]]></description><visibility>1</visibility></Placemark><Placemark><name>GC8K00G</name><Point><coordinates>-122.4983,37.7758,100 
</coordinates></Point><Style>
  <Icon>
    <href>http://chart.apis.google.com/chart?chst=d_bubble_icon_text_small&amp;chld=location|bbT|828|FFFFFF|000000</href>
  </Icon>
</Style><description><![CDATA[]]></description><visibility>1</visibility></Placemark><Placemark><name>GC6M7W4</name><Point><coordinates>-122.4055,37.7773,100 
</coordinates></Point><Style>
  <Icon>
    <href>http://chart.apis.google.com/chart?chst=d_bubble_icon_text_small&amp;chld=location|bbT|829|FFFFFF|000000</href>
  </Icon>
</Style><description><![CDATA[]]></description><visibility>1</visibility></Placemark><Placemark><name>GC136C</name><Point><coordinates>-122.4057,37.8029,100 
</coordinates></Point><Style>
  <Icon>
    <href>http://chart.apis.google.com/chart?chst=d_bubble_icon_text_small&amp;chld=location|bbT|830|FFFFFF|000000</href>
  </Icon>
</Style><description><![CDATA[]]></description><visibility>1</visibility></Placemark><Placemark><name>GC7VG4T</name><Point><coordinates>-122.4058,37.7766,100 
</coordinates></Point><Style>
  <Icon>
    <href>http://chart.apis.google.com/chart?chst=d_bubble_icon_text_small&amp;chld=location|bbT|831|FFFFFF|000000</href>
  </Icon>
</Style><description><![CDATA[]]></description><visibility>1</visibility></Placemark><Placemark><name>GC9P7W8</name><Point><coordinates>-122.4075,37.7845,100 
</coordinates></Point><Style>
  <Icon>
    <href>http://chart.apis.google.com/chart?chst=d_bubble_icon_text_small&amp;chld=location|bbT|832|FFFFFF|000000</href>
  </Icon>
</Style><description><![CDATA[]]></description><visibility>1</visibility></Placemark><Placemark><name>GC64NZY</name><Point><coordinates>-122.1467,47.5835,100 
</coordinates></Point><Style>
  <Icon>
    <href>http://chart.apis.google.com/chart?chst=d_bubble_icon_text_small&amp;chld=location|bbT|833|FFFFFF|000000</href>
  </Icon>
</Style><description><![CDATA[]]></description><visibility>1</visibility></Placemark><Placemark><name>GC7HEQC</name><Point><coordinates>-122.29,47.3628,100 
</coordinates></Point><Style>
  <Icon>
    <href>http://chart.apis.google.com/chart?chst=d_bubble_icon_text_small&amp;chld=location|bbT|834|FFFFFF|000000</href>
  </Icon>
</Style><description><![CDATA[]]></description><visibility>1</visibility></Placemark><Placemark><name>GC81J06</name><Point><coordinates>-122.288,47.3645,100 
</coordinates></Point><Style>
  <Icon>
    <href>http://chart.apis.google.com/chart?chst=d_bubble_icon_text_small&amp;chld=location|bbT|835|FFFFFF|000000</href>
  </Icon>
</Style><description><![CDATA[]]></description><visibility>1</visibility></Placemark><Placemark><name>GC1988M</name><Point><coordinates>-122.3287,47.2897,100 
</coordinates></Point><Style>
  <Icon>
    <href>http://chart.apis.google.com/chart?chst=d_bubble_icon_text_small&amp;chld=location|bbT|836|FFFFFF|000000</href>
  </Icon>
</Style><description><![CDATA[]]></description><visibility>1</visibility></Placemark><Placemark><name>GC9XCBA</name><Point><coordinates>-122.3232,47.2837,100 
</coordinates></Point><Style>
  <Icon>
    <href>http://chart.apis.google.com/chart?chst=d_bubble_icon_text_small&amp;chld=location|bbT|837|FFFFFF|000000</href>
  </Icon>
</Style><description><![CDATA[]]></description><visibility>1</visibility></Placemark><Placemark><name>GC636D6</name><Point><coordinates>-122.3252,47.2856,100 
</coordinates></Point><Style>
  <Icon>
    <href>http://chart.apis.google.com/chart?chst=d_bubble_icon_text_small&amp;chld=location|bbT|838|FFFFFF|000000</href>
  </Icon>
</Style><description><![CDATA[]]></description><visibility>1</visibility></Placemark><Placemark><name>GC7B6BQ</name><Point><coordinates>-122.435,47.2459,100 
</coordinates></Point><Style>
  <Icon>
    <href>http://chart.apis.google.com/chart?chst=d_bubble_icon_text_small&amp;chld=location|bbT|839|FFFFFF|000000</href>
  </Icon>
</Style><description><![CDATA[]]></description><visibility>1</visibility></Placemark><Placemark><name>GC9YBDZ</name><Point><coordinates>-122.4334,47.2491,100 
</coordinates></Point><Style>
  <Icon>
    <href>http://chart.apis.google.com/chart?chst=d_bubble_icon_text_small&amp;chld=location|bbT|840|FFFFFF|000000</href>
  </Icon>
</Style><description><![CDATA[]]></description><visibility>1</visibility></Placemark><Placemark><name>GCTWC8</name><Point><coordinates>-122.44,47.2545,100 
</coordinates></Point><Style>
  <Icon>
    <href>http://chart.apis.google.com/chart?chst=d_bubble_icon_text_small&amp;chld=location|bbT|841|FFFFFF|000000</href>
  </Icon>
</Style><description><![CDATA[]]></description><visibility>1</visibility></Placemark><Placemark><name>GC4FNH8</name><Point><coordinates>-122.4363,47.2537,100 
</coordinates></Point><Style>
  <Icon>
    <href>http://chart.apis.google.com/chart?chst=d_bubble_icon_text_small&amp;chld=location|bbT|842|FFFFFF|000000</href>
  </Icon>
</Style><description><![CDATA[]]></description><visibility>1</visibility></Placemark><Placemark><name>GC807NW</name><Point><coordinates>-122.4336,47.2482,100 
</coordinates></Point><Style>
  <Icon>
    <href>http://chart.apis.google.com/chart?chst=d_bubble_icon_text_small&amp;chld=location|bbT|843|FFFFFF|000000</href>
  </Icon>
</Style><description><![CDATA[]]></description><visibility>1</visibility></Placemark><Placemark><name>GC8NG5G</name><Point><coordinates>-122.4855,47.2595,100 
</coordinates></Point><Style>
  <Icon>
    <href>http://chart.apis.google.com/chart?chst=d_bubble_icon_text_small&amp;chld=location|bbT|844|FFFFFF|000000</href>
  </Icon>
</Style><description><![CDATA[]]></description><visibility>1</visibility></Placemark><Placemark><name>GC9NY8E</name><Point><coordinates>-122.3533,47.2893,100 
</coordinates></Point><Style>
  <Icon>
    <href>http://chart.apis.google.com/chart?chst=d_bubble_icon_text_small&amp;chld=location|bbT|845|FFFFFF|000000</href>
  </Icon>
</Style><description><![CDATA[]]></description><visibility>1</visibility></Placemark><Placemark><name>GC9NY6Q</name><Point><coordinates>-122.3544,47.2907,100 
</coordinates></Point><Style>
  <Icon>
    <href>http://chart.apis.google.com/chart?chst=d_bubble_icon_text_small&amp;chld=location|bbT|846|FFFFFF|000000</href>
  </Icon>
</Style><description><![CDATA[]]></description><visibility>1</visibility></Placemark><Placemark><name>GC9QFVK</name><Point><coordinates>-122.3522,47.2932,100 
</coordinates></Point><Style>
  <Icon>
    <href>http://chart.apis.google.com/chart?chst=d_bubble_icon_text_small&amp;chld=location|bbT|847|FFFFFF|000000</href>
  </Icon>
</Style><description><![CDATA[]]></description><visibility>1</visibility></Placemark><Placemark><name>GC9FPTM</name><Point><coordinates>-122.3499,47.294,100 
</coordinates></Point><Style>
  <Icon>
    <href>http://chart.apis.google.com/chart?chst=d_bubble_icon_text_small&amp;chld=location|bbT|848|FFFFFF|000000</href>
  </Icon>
</Style><description><![CDATA[]]></description><visibility>1</visibility></Placemark><Placemark><name>GCA171E</name><Point><coordinates>-122.3503,47.2856,100 
</coordinates></Point><Style>
  <Icon>
    <href>http://chart.apis.google.com/chart?chst=d_bubble_icon_text_small&amp;chld=location|bbT|849|FFFFFF|000000</href>
  </Icon>
</Style><description><![CDATA[]]></description><visibility>1</visibility></Placemark><Placemark><name>GCA3Z7B</name><Point><coordinates>-122.9603,50.1151,100 
</coordinates></Point><Style>
  <Icon>
    <href>http://chart.apis.google.com/chart?chst=d_bubble_icon_text_small&amp;chld=location|bbT|850|FFFFFF|000000</href>
  </Icon>
</Style><description><![CDATA[]]></description><visibility>1</visibility></Placemark><Placemark><name>GC9P564</name><Point><coordinates>-122.9527,50.1188,100 
</coordinates></Point><Style>
  <Icon>
    <href>http://chart.apis.google.com/chart?chst=d_bubble_icon_text_small&amp;chld=location|bbT|851|FFFFFF|000000</href>
  </Icon>
</Style><description><![CDATA[]]></description><visibility>1</visibility></Placemark><Placemark><name>GCA31FM</name><Point><coordinates>-122.343,47.6512,100 
</coordinates></Point><Style>
  <Icon>
    <href>http://chart.apis.google.com/chart?chst=d_bubble_icon_text_small&amp;chld=location|bbT|852|FFFFFF|000000</href>
  </Icon>
</Style><description><![CDATA[]]></description><visibility>1</visibility></Placemark><Placemark><name>GC2H4PK</name><Point><coordinates>-122.3782,47.8104,100 
</coordinates></Point><Style>
  <Icon>
    <href>http://chart.apis.google.com/chart?chst=d_bubble_icon_text_small&amp;chld=location|bbT|853|FFFFFF|000000</href>
  </Icon>
</Style><description><![CDATA[]]></description><visibility>1</visibility></Placemark><Placemark><name>GC9TG4X</name><Point><coordinates>-122.3833,47.8123,100 
</coordinates></Point><Style>
  <Icon>
    <href>http://chart.apis.google.com/chart?chst=d_bubble_icon_text_small&amp;chld=location|bbT|854|FFFFFF|000000</href>
  </Icon>
</Style><description><![CDATA[]]></description><visibility>1</visibility></Placemark><Placemark><name>GC67P7X</name><Point><coordinates>-122.39,47.8114,100 
</coordinates></Point><Style>
  <Icon>
    <href>http://chart.apis.google.com/chart?chst=d_bubble_icon_text_small&amp;chld=location|bbT|855|FFFFFF|000000</href>
  </Icon>
</Style><description><![CDATA[]]></description><visibility>1</visibility></Placemark><Placemark><name>GC4Y1DT</name><Point><coordinates>-122.379,47.8068,100 
</coordinates></Point><Style>
  <Icon>
    <href>http://chart.apis.google.com/chart?chst=d_bubble_icon_text_small&amp;chld=location|bbT|856|FFFFFF|000000</href>
  </Icon>
</Style><description><![CDATA[]]></description><visibility>1</visibility></Placemark><Placemark><name>GC6YCR3</name><Point><coordinates>-122.3773,47.8017,100 
</coordinates></Point><Style>
  <Icon>
    <href>http://chart.apis.google.com/chart?chst=d_bubble_icon_text_small&amp;chld=location|bbT|857|FFFFFF|000000</href>
  </Icon>
</Style><description><![CDATA[]]></description><visibility>1</visibility></Placemark><Placemark><name>GC6QB24</name><Point><coordinates>-121.0028,47.2192,100 
</coordinates></Point><Style>
  <Icon>
    <href>http://chart.apis.google.com/chart?chst=d_bubble_icon_text_small&amp;chld=location|bbT|858|FFFFFF|000000</href>
  </Icon>
</Style><description><![CDATA[]]></description><visibility>1</visibility></Placemark><Placemark><name>GCW1Y7</name><Point><coordinates>-123.2771,49.3783,100 
</coordinates></Point><Style>
  <Icon>
    <href>http://chart.apis.google.com/chart?chst=d_bubble_icon_text_small&amp;chld=location|bbT|859|FFFFFF|000000</href>
  </Icon>
</Style><description><![CDATA[]]></description><visibility>1</visibility></Placemark><Placemark><name>GC94497</name><Point><coordinates>-123.2723,49.374,100 
</coordinates></Point><Style>
  <Icon>
    <href>http://chart.apis.google.com/chart?chst=d_bubble_icon_text_small&amp;chld=location|bbT|860|FFFFFF|000000</href>
  </Icon>
</Style><description><![CDATA[]]></description><visibility>1</visibility></Placemark><Placemark><name>GC5HA8Z</name><Point><coordinates>-123.1824,49.3436,100 
</coordinates></Point><Style>
  <Icon>
    <href>http://chart.apis.google.com/chart?chst=d_bubble_icon_text_small&amp;chld=location|bbT|861|FFFFFF|000000</href>
  </Icon>
</Style><description><![CDATA[]]></description><visibility>1</visibility></Placemark><Placemark><name>GC88ZMJ</name><Point><coordinates>-123.1473,49.3268,100 
</coordinates></Point><Style>
  <Icon>
    <href>http://chart.apis.google.com/chart?chst=d_bubble_icon_text_small&amp;chld=location|bbT|862|FFFFFF|000000</href>
  </Icon>
</Style><description><![CDATA[]]></description><visibility>1</visibility></Placemark><Placemark><name>GC3BF26</name><Point><coordinates>-122.8929,49.2285,100 
</coordinates></Point><Style>
  <Icon>
    <href>http://chart.apis.google.com/chart?chst=d_bubble_icon_text_small&amp;chld=location|bbT|863|FFFFFF|000000</href>
  </Icon>
</Style><description><![CDATA[]]></description><visibility>1</visibility></Placemark><Placemark><name>GC9P4YR</name><Point><coordinates>-123.0839,48.9731,100 
</coordinates></Point><Style>
  <Icon>
    <href>http://chart.apis.google.com/chart?chst=d_bubble_icon_text_small&amp;chld=location|bbT|864|FFFFFF|000000</href>
  </Icon>
</Style><description><![CDATA[]]></description><visibility>1</visibility></Placemark><Placemark><name>GC9YR0G</name><Point><coordinates>-123.0815,48.9729,100 
</coordinates></Point><Style>
  <Icon>
    <href>http://chart.apis.google.com/chart?chst=d_bubble_icon_text_small&amp;chld=location|bbT|865|FFFFFF|000000</href>
  </Icon>
</Style><description><![CDATA[]]></description><visibility>1</visibility></Placemark><Placemark><name>GC81041</name><Point><coordinates>-123.0803,48.9725,100 
</coordinates></Point><Style>
  <Icon>
    <href>http://chart.apis.google.com/chart?chst=d_bubble_icon_text_small&amp;chld=location|bbT|866|FFFFFF|000000</href>
  </Icon>
</Style><description><![CDATA[]]></description><visibility>1</visibility></Placemark><Placemark><name>GC1T4GN</name><Point><coordinates>-123.0262,48.9814,100 
</coordinates></Point><Style>
  <Icon>
    <href>http://chart.apis.google.com/chart?chst=d_bubble_icon_text_small&amp;chld=location|bbT|867|FFFFFF|000000</href>
  </Icon>
</Style><description><![CDATA[]]></description><visibility>1</visibility></Placemark><Placemark><name>GC4F7TC</name><Point><coordinates>-123.0289,48.9778,100 
</coordinates></Point><Style>
  <Icon>
    <href>http://chart.apis.google.com/chart?chst=d_bubble_icon_text_small&amp;chld=location|bbT|868|FFFFFF|000000</href>
  </Icon>
</Style><description><![CDATA[]]></description><visibility>1</visibility></Placemark><Placemark><name>GC1QM8M</name><Point><coordinates>-123.077,48.9843,100 
</coordinates></Point><Style>
  <Icon>
    <href>http://chart.apis.google.com/chart?chst=d_bubble_icon_text_small&amp;chld=location|bbT|869|FFFFFF|000000</href>
  </Icon>
</Style><description><![CDATA[]]></description><visibility>1</visibility></Placemark><Placemark><name>GC9P6YT</name><Point><coordinates>-123.0892,49.002,100 
</coordinates></Point><Style>
  <Icon>
    <href>http://chart.apis.google.com/chart?chst=d_bubble_icon_text_small&amp;chld=location|bbT|870|FFFFFF|000000</href>
  </Icon>
</Style><description><![CDATA[]]></description><visibility>1</visibility></Placemark><Placemark><name>GCHNWW</name><Point><coordinates>-123.087,49.0016,100 
</coordinates></Point><Style>
  <Icon>
    <href>http://chart.apis.google.com/chart?chst=d_bubble_icon_text_small&amp;chld=location|bbT|871|FFFFFF|000000</href>
  </Icon>
</Style><description><![CDATA[]]></description><visibility>1</visibility></Placemark><Placemark><name>GC1RG8P</name><Point><coordinates>-123.08,49.0021,100 
</coordinates></Point><Style>
  <Icon>
    <href>http://chart.apis.google.com/chart?chst=d_bubble_icon_text_small&amp;chld=location|bbT|872|FFFFFF|000000</href>
  </Icon>
</Style><description><![CDATA[]]></description><visibility>1</visibility></Placemark><Placemark><name>GC83HTC</name><Point><coordinates>-123.118,49.2552,100 
</coordinates></Point><Style>
  <Icon>
    <href>http://chart.apis.google.com/chart?chst=d_bubble_icon_text_small&amp;chld=location|bbT|873|FFFFFF|000000</href>
  </Icon>
</Style><description><![CDATA[]]></description><visibility>1</visibility></Placemark><Placemark><name>GC1BM3P</name><Point><coordinates>-123.1014,49.3372,100 
</coordinates></Point><Style>
  <Icon>
    <href>http://chart.apis.google.com/chart?chst=d_bubble_icon_text_small&amp;chld=location|bbT|874|FFFFFF|000000</href>
  </Icon>
</Style><description><![CDATA[]]></description><visibility>1</visibility></Placemark><Placemark><name>GC9P6D7</name><Point><coordinates>-123.1538,49.6983,100 
</coordinates></Point><Style>
  <Icon>
    <href>http://chart.apis.google.com/chart?chst=d_bubble_icon_text_small&amp;chld=location|bbT|875|FFFFFF|000000</href>
  </Icon>
</Style><description><![CDATA[]]></description><visibility>1</visibility></Placemark><Placemark><name>GC1EA94</name><Point><coordinates>-123.2051,49.6448,100 
</coordinates></Point><Style>
  <Icon>
    <href>http://chart.apis.google.com/chart?chst=d_bubble_icon_text_small&amp;chld=location|bbT|876|FFFFFF|000000</href>
  </Icon>
</Style><description><![CDATA[]]></description><visibility>1</visibility></Placemark><Placemark><name>GC6K95Q</name><Point><coordinates>-123.0593,49.2825,100 
</coordinates></Point><Style>
  <Icon>
    <href>http://chart.apis.google.com/chart?chst=d_bubble_icon_text_small&amp;chld=location|bbT|877|FFFFFF|000000</href>
  </Icon>
</Style><description><![CDATA[]]></description><visibility>1</visibility></Placemark><Placemark><name>GC1EA95</name><Point><coordinates>-123.1554,49.6713,100 
</coordinates></Point><Style>
  <Icon>
    <href>http://chart.apis.google.com/chart?chst=d_bubble_icon_text_small&amp;chld=location|bbT|878|FFFFFF|000000</href>
  </Icon>
</Style><description><![CDATA[]]></description><visibility>1</visibility></Placemark><Placemark><name>GC1AEYV</name><Point><coordinates>-121.9346,48.0821,100 
</coordinates></Point><Style>
  <Icon>
    <href>http://chart.apis.google.com/chart?chst=d_bubble_icon_text_small&amp;chld=location|bbT|879|FFFFFF|000000</href>
  </Icon>
</Style><description><![CDATA[]]></description><visibility>1</visibility></Placemark><Placemark><name>GC23T6M</name><Point><coordinates>-121.9247,48.0989,100 
</coordinates></Point><Style>
  <Icon>
    <href>http://chart.apis.google.com/chart?chst=d_bubble_icon_text_small&amp;chld=location|bbT|880|FFFFFF|000000</href>
  </Icon>
</Style><description><![CDATA[]]></description><visibility>1</visibility></Placemark><Placemark><name>GC24F6Y</name><Point><coordinates>-121.9042,48.1047,100 
</coordinates></Point><Style>
  <Icon>
    <href>http://chart.apis.google.com/chart?chst=d_bubble_icon_text_small&amp;chld=location|bbT|881|FFFFFF|000000</href>
  </Icon>
</Style><description><![CDATA[]]></description><visibility>1</visibility></Placemark><Placemark><name>GCMC1W</name><Point><coordinates>-121.9046,48.1093,100 
</coordinates></Point><Style>
  <Icon>
    <href>http://chart.apis.google.com/chart?chst=d_bubble_icon_text_small&amp;chld=location|bbT|882|FFFFFF|000000</href>
  </Icon>
</Style><description><![CDATA[]]></description><visibility>1</visibility></Placemark><Placemark><name>GCA4DHY</name><Point><coordinates>-122.3261,47.6694,100 
</coordinates></Point><Style>
  <Icon>
    <href>http://chart.apis.google.com/chart?chst=d_bubble_icon_text_small&amp;chld=location|bbT|883|FFFFFF|000000</href>
  </Icon>
</Style><description><![CDATA[]]></description><visibility>1</visibility></Placemark><Placemark><name>GCA3G34</name><Point><coordinates>-122.3293,47.6787,100 
</coordinates></Point><Style>
  <Icon>
    <href>http://chart.apis.google.com/chart?chst=d_bubble_icon_text_small&amp;chld=location|bbT|884|FFFFFF|000000</href>
  </Icon>
</Style><description><![CDATA[]]></description><visibility>1</visibility></Placemark><Placemark><name>GC6RN8Y</name><Point><coordinates>-122.3127,47.712,100 
</coordinates></Point><Style>
  <Icon>
    <href>http://chart.apis.google.com/chart?chst=d_bubble_icon_text_small&amp;chld=location|bbT|885|FFFFFF|000000</href>
  </Icon>
</Style><description><![CDATA[]]></description><visibility>1</visibility></Placemark><Placemark><name>GCA48NE</name><Point><coordinates>-122.3336,47.6733,100 
</coordinates></Point><Style>
  <Icon>
    <href>http://chart.apis.google.com/chart?chst=d_bubble_icon_text_small&amp;chld=location|bbT|886|FFFFFF|000000</href>
  </Icon>
</Style><description><![CDATA[]]></description><visibility>1</visibility></Placemark><Placemark><name>GC39RJ4</name><Point><coordinates>-122.6518,45.5591,100 
</coordinates></Point><Style>
  <Icon>
    <href>http://chart.apis.google.com/chart?chst=d_bubble_icon_text_small&amp;chld=location|bbT|887|FFFFFF|000000</href>
  </Icon>
</Style><description><![CDATA[]]></description><visibility>1</visibility></Placemark><Placemark><name>GC9EPR0</name><Point><coordinates>-122.5035,47.799,100 
</coordinates></Point><Style>
  <Icon>
    <href>http://chart.apis.google.com/chart?chst=d_bubble_icon_text_small&amp;chld=location|bbT|888|FFFFFF|000000</href>
  </Icon>
</Style><description><![CDATA[]]></description><visibility>1</visibility></Placemark><Placemark><name>GC2TJTM</name><Point><coordinates>-122.5041,47.8026,100 
</coordinates></Point><Style>
  <Icon>
    <href>http://chart.apis.google.com/chart?chst=d_bubble_icon_text_small&amp;chld=location|bbT|889|FFFFFF|000000</href>
  </Icon>
</Style><description><![CDATA[]]></description><visibility>1</visibility></Placemark><Placemark><name>GC4DJQK</name><Point><coordinates>-122.5048,47.8039,100 
</coordinates></Point><Style>
  <Icon>
    <href>http://chart.apis.google.com/chart?chst=d_bubble_icon_text_small&amp;chld=location|bbT|890|FFFFFF|000000</href>
  </Icon>
</Style><description><![CDATA[]]></description><visibility>1</visibility></Placemark><Placemark><name>GC82EY2</name><Point><coordinates>-122.5197,47.7938,100 
</coordinates></Point><Style>
  <Icon>
    <href>http://chart.apis.google.com/chart?chst=d_bubble_icon_text_small&amp;chld=location|bbT|891|FFFFFF|000000</href>
  </Icon>
</Style><description><![CDATA[]]></description><visibility>1</visibility></Placemark><Placemark><name>GC975V6</name><Point><coordinates>-122.528,47.7813,100 
</coordinates></Point><Style>
  <Icon>
    <href>http://chart.apis.google.com/chart?chst=d_bubble_icon_text_small&amp;chld=location|bbT|892|FFFFFF|000000</href>
  </Icon>
</Style><description><![CDATA[]]></description><visibility>1</visibility></Placemark><Placemark><name>GC9QFYW</name><Point><coordinates>-122.4971,47.7971,100 
</coordinates></Point><Style>
  <Icon>
    <href>http://chart.apis.google.com/chart?chst=d_bubble_icon_text_small&amp;chld=location|bbT|893|FFFFFF|000000</href>
  </Icon>
</Style><description><![CDATA[]]></description><visibility>1</visibility></Placemark><Placemark><name>GC85GJE</name><Point><coordinates>-122.4952,47.7985,100 
</coordinates></Point><Style>
  <Icon>
    <href>http://chart.apis.google.com/chart?chst=d_bubble_icon_text_small&amp;chld=location|bbT|894|FFFFFF|000000</href>
  </Icon>
</Style><description><![CDATA[]]></description><visibility>1</visibility></Placemark><Placemark><name>GC4PVG3</name><Point><coordinates>-122.2733,47.7871,100 
</coordinates></Point><Style>
  <Icon>
    <href>http://chart.apis.google.com/chart?chst=d_bubble_icon_text_small&amp;chld=location|bbT|895|FFFFFF|000000</href>
  </Icon>
</Style><description><![CDATA[]]></description><visibility>1</visibility></Placemark><Placemark><name>GCA5578</name><Point><coordinates>-122.3542,47.6721,100 
</coordinates></Point><Style>
  <Icon>
    <href>http://chart.apis.google.com/chart?chst=d_bubble_icon_text_small&amp;chld=location|bbT|896|FFFFFF|000000</href>
  </Icon>
</Style><description><![CDATA[]]></description><visibility>1</visibility></Placemark><Placemark><name>GC5QR97</name><Point><coordinates>-122.3611,47.5679,100 
</coordinates></Point><Style>
  <Icon>
    <href>http://chart.apis.google.com/chart?chst=d_bubble_icon_text_small&amp;chld=location|bbT|897|FFFFFF|000000</href>
  </Icon>
</Style><description><![CDATA[]]></description><visibility>1</visibility></Placemark><Placemark><name>GC90GNT</name><Point><coordinates>-122.3607,47.571,100 
</coordinates></Point><Style>
  <Icon>
    <href>http://chart.apis.google.com/chart?chst=d_bubble_icon_text_small&amp;chld=location|bbT|898|FFFFFF|000000</href>
  </Icon>
</Style><description><![CDATA[]]></description><visibility>1</visibility></Placemark><Placemark><name>GCA33Z0</name><Point><coordinates>-122.3597,47.5685,100 
</coordinates></Point><Style>
  <Icon>
    <href>http://chart.apis.google.com/chart?chst=d_bubble_icon_text_small&amp;chld=location|bbT|899|FFFFFF|000000</href>
  </Icon>
</Style><description><![CDATA[]]></description><visibility>1</visibility></Placemark><Placemark><name>GC2R620</name><Point><coordinates>-122.3573,47.5709,100 
</coordinates></Point><Style>
  <Icon>
    <href>http://chart.apis.google.com/chart?chst=d_bubble_icon_text_small&amp;chld=location|bbT|900|FFFFFF|000000</href>
  </Icon>
</Style><description><![CDATA[]]></description><visibility>1</visibility></Placemark><Placemark><name>GC9P5QM</name><Point><coordinates>-122.3519,47.552,100 
</coordinates></Point><Style>
  <Icon>
    <href>http://chart.apis.google.com/chart?chst=d_bubble_icon_text_small&amp;chld=location|bbT|901|FFFFFF|000000</href>
  </Icon>
</Style><description><![CDATA[]]></description><visibility>1</visibility></Placemark><Placemark><name>GCA039W</name><Point><coordinates>-122.3737,47.5595,100 
</coordinates></Point><Style>
  <Icon>
    <href>http://chart.apis.google.com/chart?chst=d_bubble_icon_text_small&amp;chld=location|bbT|902|FFFFFF|000000</href>
  </Icon>
</Style><description><![CDATA[]]></description><visibility>1</visibility></Placemark><Placemark><name>GC91KDC</name><Point><coordinates>-122.3899,47.5523,100 
</coordinates></Point><Style>
  <Icon>
    <href>http://chart.apis.google.com/chart?chst=d_bubble_icon_text_small&amp;chld=location|bbT|903|FFFFFF|000000</href>
  </Icon>
</Style><description><![CDATA[]]></description><visibility>1</visibility></Placemark><Placemark><name>GC91KEY</name><Point><coordinates>-122.3871,47.5528,100 
</coordinates></Point><Style>
  <Icon>
    <href>http://chart.apis.google.com/chart?chst=d_bubble_icon_text_small&amp;chld=location|bbT|904|FFFFFF|000000</href>
  </Icon>
</Style><description><![CDATA[]]></description><visibility>1</visibility></Placemark><Placemark><name>GC91KEK</name><Point><coordinates>-122.3875,47.5541,100 
</coordinates></Point><Style>
  <Icon>
    <href>http://chart.apis.google.com/chart?chst=d_bubble_icon_text_small&amp;chld=location|bbT|905|FFFFFF|000000</href>
  </Icon>
</Style><description><![CDATA[]]></description><visibility>1</visibility></Placemark><Placemark><name>GCA02ZE</name><Point><coordinates>-122.3847,47.5557,100 
</coordinates></Point><Style>
  <Icon>
    <href>http://chart.apis.google.com/chart?chst=d_bubble_icon_text_small&amp;chld=location|bbT|906|FFFFFF|000000</href>
  </Icon>
</Style><description><![CDATA[]]></description><visibility>1</visibility></Placemark><Placemark><name>GC91KCF</name><Point><coordinates>-122.3894,47.5594,100 
</coordinates></Point><Style>
  <Icon>
    <href>http://chart.apis.google.com/chart?chst=d_bubble_icon_text_small&amp;chld=location|bbT|907|FFFFFF|000000</href>
  </Icon>
</Style><description><![CDATA[]]></description><visibility>1</visibility></Placemark><Placemark><name>GC15NQF</name><Point><coordinates>-121.6105,47.4338,100 
</coordinates></Point><Style>
  <Icon>
    <href>http://chart.apis.google.com/chart?chst=d_bubble_icon_text_small&amp;chld=location|bbT|908|FFFFFF|000000</href>
  </Icon>
</Style><description><![CDATA[]]></description><visibility>1</visibility></Placemark><Placemark><name>GC34QHZ</name><Point><coordinates>-121.6252,47.4311,100 
</coordinates></Point><Style>
  <Icon>
    <href>http://chart.apis.google.com/chart?chst=d_bubble_icon_text_small&amp;chld=location|bbT|909|FFFFFF|000000</href>
  </Icon>
</Style><description><![CDATA[]]></description><visibility>1</visibility></Placemark><Placemark><name>GCXJ1Z</name><Point><coordinates>-122.3179,47.6324,100 
</coordinates></Point><Style>
  <Icon>
    <href>http://chart.apis.google.com/chart?chst=d_bubble_icon_text_small&amp;chld=location|bbT|910|FFFFFF|000000</href>
  </Icon>
</Style><description><![CDATA[]]></description><visibility>1</visibility></Placemark><Placemark><name>GCJXCY</name><Point><coordinates>-121.9639,47.4343,100 
</coordinates></Point><Style>
  <Icon>
    <href>http://chart.apis.google.com/chart?chst=d_bubble_icon_text_small&amp;chld=location|bbT|911|FFFFFF|000000</href>
  </Icon>
</Style><description><![CDATA[]]></description><visibility>1</visibility></Placemark><Placemark><name>GC1PWQ8</name><Point><coordinates>-121.9583,47.4326,100 
</coordinates></Point><Style>
  <Icon>
    <href>http://chart.apis.google.com/chart?chst=d_bubble_icon_text_small&amp;chld=location|bbT|912|FFFFFF|000000</href>
  </Icon>
</Style><description><![CDATA[]]></description><visibility>1</visibility></Placemark><Placemark><name>GC972RG</name><Point><coordinates>-121.9562,47.434,100 
</coordinates></Point><Style>
  <Icon>
    <href>http://chart.apis.google.com/chart?chst=d_bubble_icon_text_small&amp;chld=location|bbT|913|FFFFFF|000000</href>
  </Icon>
</Style><description><![CDATA[]]></description><visibility>1</visibility></Placemark><Placemark><name>GC9HFH7</name><Point><coordinates>-121.9556,47.4329,100 
</coordinates></Point><Style>
  <Icon>
    <href>http://chart.apis.google.com/chart?chst=d_bubble_icon_text_small&amp;chld=location|bbT|914|FFFFFF|000000</href>
  </Icon>
</Style><description><![CDATA[]]></description><visibility>1</visibility></Placemark><Placemark><name>GC43AHZ</name><Point><coordinates>-121.9582,47.4356,100 
</coordinates></Point><Style>
  <Icon>
    <href>http://chart.apis.google.com/chart?chst=d_bubble_icon_text_small&amp;chld=location|bbT|915|FFFFFF|000000</href>
  </Icon>
</Style><description><![CDATA[]]></description><visibility>1</visibility></Placemark><Placemark><name>GC3P9KH</name><Point><coordinates>-121.948,47.4294,100 
</coordinates></Point><Style>
  <Icon>
    <href>http://chart.apis.google.com/chart?chst=d_bubble_icon_text_small&amp;chld=location|bbT|916|FFFFFF|000000</href>
  </Icon>
</Style><description><![CDATA[]]></description><visibility>1</visibility></Placemark><Placemark><name>GCA42X0</name><Point><coordinates>-122.3305,47.6735,100 
</coordinates></Point><Style>
  <Icon>
    <href>http://chart.apis.google.com/chart?chst=d_bubble_icon_text_small&amp;chld=location|bbT|917|FFFFFF|000000</href>
  </Icon>
</Style><description><![CDATA[]]></description><visibility>1</visibility></Placemark><Placemark><name>GC1A0M9</name><Point><coordinates>-122.3324,47.6546,100 
</coordinates></Point><Style>
  <Icon>
    <href>http://chart.apis.google.com/chart?chst=d_bubble_icon_text_small&amp;chld=location|bbT|918|FFFFFF|000000</href>
  </Icon>
</Style><description><![CDATA[]]></description><visibility>1</visibility></Placemark><Placemark><name>GCA62KV</name><Point><coordinates>-122.3488,47.6505,100 
</coordinates></Point><Style>
  <Icon>
    <href>http://chart.apis.google.com/chart?chst=d_bubble_icon_text_small&amp;chld=location|bbT|919|FFFFFF|000000</href>
  </Icon>
</Style><description><![CDATA[]]></description><visibility>1</visibility></Placemark><Placemark><name>GC9WPJQ</name><Point><coordinates>-122.3136,47.3192,100 
</coordinates></Point><Style>
  <Icon>
    <href>http://chart.apis.google.com/chart?chst=d_bubble_icon_text_small&amp;chld=location|bbT|920|FFFFFF|000000</href>
  </Icon>
</Style><description><![CDATA[]]></description><visibility>1</visibility></Placemark><Placemark><name>GC7HK3P</name><Point><coordinates>-122.3299,47.738,100 
</coordinates></Point><Style>
  <Icon>
    <href>http://chart.apis.google.com/chart?chst=d_bubble_icon_text_small&amp;chld=location|bbT|921|FFFFFF|000000</href>
  </Icon>
</Style><description><![CDATA[]]></description><visibility>1</visibility></Placemark><Placemark><name>GCA3YCK</name><Point><coordinates>-122.3302,47.7401,100 
</coordinates></Point><Style>
  <Icon>
    <href>http://chart.apis.google.com/chart?chst=d_bubble_icon_text_small&amp;chld=location|bbT|922|FFFFFF|000000</href>
  </Icon>
</Style><description><![CDATA[]]></description><visibility>1</visibility></Placemark><Placemark><name>GC1BKEH</name><Point><coordinates>-122.3133,47.7391,100 
</coordinates></Point><Style>
  <Icon>
    <href>http://chart.apis.google.com/chart?chst=d_bubble_icon_text_small&amp;chld=location|bbT|923|FFFFFF|000000</href>
  </Icon>
</Style><description><![CDATA[]]></description><visibility>1</visibility></Placemark><Placemark><name>GC53KWN</name><Point><coordinates>-122.317,47.7352,100 
</coordinates></Point><Style>
  <Icon>
    <href>http://chart.apis.google.com/chart?chst=d_bubble_icon_text_small&amp;chld=location|bbT|924|FFFFFF|000000</href>
  </Icon>
</Style><description><![CDATA[]]></description><visibility>1</visibility></Placemark><Placemark><name>GC2PH08</name><Point><coordinates>-122.3243,47.749,100 
</coordinates></Point><Style>
  <Icon>
    <href>http://chart.apis.google.com/chart?chst=d_bubble_icon_text_small&amp;chld=location|bbT|925|FFFFFF|000000</href>
  </Icon>
</Style><description><![CDATA[]]></description><visibility>1</visibility></Placemark><Placemark><name>GCA32EZ</name><Point><coordinates>-122.3199,47.7496,100 
</coordinates></Point><Style>
  <Icon>
    <href>http://chart.apis.google.com/chart?chst=d_bubble_icon_text_small&amp;chld=location|bbT|926|FFFFFF|000000</href>
  </Icon>
</Style><description><![CDATA[]]></description><visibility>1</visibility></Placemark><Placemark><name>GC2BPN5</name><Point><coordinates>-122.3462,47.7399,100 
</coordinates></Point><Style>
  <Icon>
    <href>http://chart.apis.google.com/chart?chst=d_bubble_icon_text_small&amp;chld=location|bbT|927|FFFFFF|000000</href>
  </Icon>
</Style><description><![CDATA[]]></description><visibility>1</visibility></Placemark><Placemark><name>GC8WQJ3</name><Point><coordinates>-122.3526,47.738,100 
</coordinates></Point><Style>
  <Icon>
    <href>http://chart.apis.google.com/chart?chst=d_bubble_icon_text_small&amp;chld=location|bbT|928|FFFFFF|000000</href>
  </Icon>
</Style><description><![CDATA[]]></description><visibility>1</visibility></Placemark><Placemark><name>GC49HR7</name><Point><coordinates>-122.3431,47.6484,100 
</coordinates></Point><Style>
  <Icon>
    <href>http://chart.apis.google.com/chart?chst=d_bubble_icon_text_small&amp;chld=location|bbT|929|FFFFFF|000000</href>
  </Icon>
</Style><description><![CDATA[]]></description><visibility>1</visibility></Placemark><Placemark><name>GC1F79P</name><Point><coordinates>-122.3481,47.65,100 
</coordinates></Point><Style>
  <Icon>
    <href>http://chart.apis.google.com/chart?chst=d_bubble_icon_text_small&amp;chld=location|bbT|930|FFFFFF|000000</href>
  </Icon>
</Style><description><![CDATA[]]></description><visibility>1</visibility></Placemark><Placemark><name>GC1E057</name><Point><coordinates>-122.6444,48.4076,100 
</coordinates></Point><Style>
  <Icon>
    <href>http://chart.apis.google.com/chart?chst=d_bubble_icon_text_small&amp;chld=location|bbT|931|FFFFFF|000000</href>
  </Icon>
</Style><description><![CDATA[]]></description><visibility>1</visibility></Placemark><Placemark><name>GC1F79P</name><Point><coordinates>-122.3468,47.6506,100 
</coordinates></Point><Style>
  <Icon>
    <href>http://chart.apis.google.com/chart?chst=d_bubble_icon_text_small&amp;chld=location|bbT|932|FFFFFF|000000</href>
  </Icon>
</Style><description><![CDATA[]]></description><visibility>1</visibility></Placemark><Placemark><name>GC9P51A</name><Point><coordinates>-122.2053,47.48,100 
</coordinates></Point><Style>
  <Icon>
    <href>http://chart.apis.google.com/chart?chst=d_bubble_icon_text_small&amp;chld=location|bbT|933|FFFFFF|000000</href>
  </Icon>
</Style><description><![CDATA[]]></description><visibility>1</visibility></Placemark><Placemark><name>GCA5RDJ</name><Point><coordinates>-122.3414,47.6607,100 
</coordinates></Point><Style>
  <Icon>
    <href>http://chart.apis.google.com/chart?chst=d_bubble_icon_text_small&amp;chld=location|bbT|934|FFFFFF|000000</href>
  </Icon>
</Style><description><![CDATA[]]></description><visibility>1</visibility></Placemark><Placemark><name>GC269JA</name><Point><coordinates>-122.3218,47.5524,100 
</coordinates></Point><Style>
  <Icon>
    <href>http://chart.apis.google.com/chart?chst=d_bubble_icon_text_small&amp;chld=location|bbT|935|FFFFFF|000000</href>
  </Icon>
</Style><description><![CDATA[]]></description><visibility>1</visibility></Placemark><Placemark><name>GC3FWFF</name><Point><coordinates>-122.2126,47.4856,100 
</coordinates></Point><Style>
  <Icon>
    <href>http://chart.apis.google.com/chart?chst=d_bubble_icon_text_small&amp;chld=location|bbT|936|FFFFFF|000000</href>
  </Icon>
</Style><description><![CDATA[]]></description><visibility>1</visibility></Placemark><Placemark><name>GC91TNF</name><Point><coordinates>-122.39,47.5382,100 
</coordinates></Point><Style>
  <Icon>
    <href>http://chart.apis.google.com/chart?chst=d_bubble_icon_text_small&amp;chld=location|bbT|937|FFFFFF|000000</href>
  </Icon>
</Style><description><![CDATA[]]></description><visibility>1</visibility></Placemark><Placemark><name>GC91TP5</name><Point><coordinates>-122.3874,47.5387,100 
</coordinates></Point><Style>
  <Icon>
    <href>http://chart.apis.google.com/chart?chst=d_bubble_icon_text_small&amp;chld=location|bbT|938|FFFFFF|000000</href>
  </Icon>
</Style><description><![CDATA[]]></description><visibility>1</visibility></Placemark><Placemark><name>GC91TQY</name><Point><coordinates>-122.3873,47.5368,100 
</coordinates></Point><Style>
  <Icon>
    <href>http://chart.apis.google.com/chart?chst=d_bubble_icon_text_small&amp;chld=location|bbT|939|FFFFFF|000000</href>
  </Icon>
</Style><description><![CDATA[]]></description><visibility>1</visibility></Placemark><Placemark><name>GC91TM9</name><Point><coordinates>-122.3878,47.5346,100 
</coordinates></Point><Style>
  <Icon>
    <href>http://chart.apis.google.com/chart?chst=d_bubble_icon_text_small&amp;chld=location|bbT|940|FFFFFF|000000</href>
  </Icon>
</Style><description><![CDATA[]]></description><visibility>1</visibility></Placemark><Placemark><name>GC937RG</name><Point><coordinates>-122.39,47.5365,100 
</coordinates></Point><Style>
  <Icon>
    <href>http://chart.apis.google.com/chart?chst=d_bubble_icon_text_small&amp;chld=location|bbT|941|FFFFFF|000000</href>
  </Icon>
</Style><description><![CDATA[]]></description><visibility>1</visibility></Placemark><Placemark><name>GCA034F</name><Point><coordinates>-122.3936,47.5348,100 
</coordinates></Point><Style>
  <Icon>
    <href>http://chart.apis.google.com/chart?chst=d_bubble_icon_text_small&amp;chld=location|bbT|942|FFFFFF|000000</href>
  </Icon>
</Style><description><![CDATA[]]></description><visibility>1</visibility></Placemark><Placemark><name>GCA3G2D</name><Point><coordinates>-122.3933,47.5365,100 
</coordinates></Point><Style>
  <Icon>
    <href>http://chart.apis.google.com/chart?chst=d_bubble_icon_text_small&amp;chld=location|bbT|943|FFFFFF|000000</href>
  </Icon>
</Style><description><![CDATA[]]></description><visibility>1</visibility></Placemark><Placemark><name>GC93AQW</name><Point><coordinates>-122.3959,47.5385,100 
</coordinates></Point><Style>
  <Icon>
    <href>http://chart.apis.google.com/chart?chst=d_bubble_icon_text_small&amp;chld=location|bbT|944|FFFFFF|000000</href>
  </Icon>
</Style><description><![CDATA[]]></description><visibility>1</visibility></Placemark><Placemark><name>GC8CV11</name><Point><coordinates>-122.3958,47.5404,100 
</coordinates></Point><Style>
  <Icon>
    <href>http://chart.apis.google.com/chart?chst=d_bubble_icon_text_small&amp;chld=location|bbT|945|FFFFFF|000000</href>
  </Icon>
</Style><description><![CDATA[]]></description><visibility>1</visibility></Placemark><Placemark><name>GC79C5B</name><Point><coordinates>-122.3941,47.539,100 
</coordinates></Point><Style>
  <Icon>
    <href>http://chart.apis.google.com/chart?chst=d_bubble_icon_text_small&amp;chld=location|bbT|946|FFFFFF|000000</href>
  </Icon>
</Style><description><![CDATA[]]></description><visibility>1</visibility></Placemark><Placemark><name>GC91TRA</name><Point><coordinates>-122.3921,47.5395,100 
</coordinates></Point><Style>
  <Icon>
    <href>http://chart.apis.google.com/chart?chst=d_bubble_icon_text_small&amp;chld=location|bbT|947|FFFFFF|000000</href>
  </Icon>
</Style><description><![CDATA[]]></description><visibility>1</visibility></Placemark><Placemark><name>GC9P5J0</name><Point><coordinates>-122.3979,47.6652,100 
</coordinates></Point><Style>
  <Icon>
    <href>http://chart.apis.google.com/chart?chst=d_bubble_icon_text_small&amp;chld=location|bbT|948|FFFFFF|000000</href>
  </Icon>
</Style><description><![CDATA[]]></description><visibility>1</visibility></Placemark><Placemark><name>GC9RQEP</name><Point><coordinates>-76.9959,38.8901,100 
</coordinates></Point><Style>
  <Icon>
    <href>http://chart.apis.google.com/chart?chst=d_bubble_icon_text_small&amp;chld=location|bbT|949|FFFFFF|000000</href>
  </Icon>
</Style><description><![CDATA[]]></description><visibility>1</visibility></Placemark><Placemark><name>GCD03B</name><Point><coordinates>-77.0102,38.8918,100 
</coordinates></Point><Style>
  <Icon>
    <href>http://chart.apis.google.com/chart?chst=d_bubble_icon_text_small&amp;chld=location|bbT|950|FFFFFF|000000</href>
  </Icon>
</Style><description><![CDATA[]]></description><visibility>1</visibility></Placemark><Placemark><name>GC6271</name><Point><coordinates>-77.0258,38.8893,100 
</coordinates></Point><Style>
  <Icon>
    <href>http://chart.apis.google.com/chart?chst=d_bubble_icon_text_small&amp;chld=location|bbT|951|FFFFFF|000000</href>
  </Icon>
</Style><description><![CDATA[]]></description><visibility>1</visibility></Placemark><Placemark><name>GC3QMEP</name><Point><coordinates>-77.024,38.8918,100 
</coordinates></Point><Style>
  <Icon>
    <href>http://chart.apis.google.com/chart?chst=d_bubble_icon_text_small&amp;chld=location|bbT|952|FFFFFF|000000</href>
  </Icon>
</Style><description><![CDATA[]]></description><visibility>1</visibility></Placemark><Placemark><name>GCCA5E</name><Point><coordinates>-77.0218,38.8941,100 
</coordinates></Point><Style>
  <Icon>
    <href>http://chart.apis.google.com/chart?chst=d_bubble_icon_text_small&amp;chld=location|bbT|953|FFFFFF|000000</href>
  </Icon>
</Style><description><![CDATA[]]></description><visibility>1</visibility></Placemark><Placemark><name>GCQN4P</name><Point><coordinates>-77.0188,38.8999,100 
</coordinates></Point><Style>
  <Icon>
    <href>http://chart.apis.google.com/chart?chst=d_bubble_icon_text_small&amp;chld=location|bbT|954|FFFFFF|000000</href>
  </Icon>
</Style><description><![CDATA[]]></description><visibility>1</visibility></Placemark><Placemark><name>GC22APW</name><Point><coordinates>-77.0413,38.8056,100 
</coordinates></Point><Style>
  <Icon>
    <href>http://chart.apis.google.com/chart?chst=d_bubble_icon_text_small&amp;chld=location|bbT|955|FFFFFF|000000</href>
  </Icon>
</Style><description><![CDATA[]]></description><visibility>1</visibility></Placemark><Placemark><name>GC936JG</name><Point><coordinates>-77.0441,38.8041,100 
</coordinates></Point><Style>
  <Icon>
    <href>http://chart.apis.google.com/chart?chst=d_bubble_icon_text_small&amp;chld=location|bbT|956|FFFFFF|000000</href>
  </Icon>
</Style><description><![CDATA[]]></description><visibility>1</visibility></Placemark><Placemark><name>GC7B6R8</name><Point><coordinates>-77.0427,38.8035,100 
</coordinates></Point><Style>
  <Icon>
    <href>http://chart.apis.google.com/chart?chst=d_bubble_icon_text_small&amp;chld=location|bbT|957|FFFFFF|000000</href>
  </Icon>
</Style><description><![CDATA[]]></description><visibility>1</visibility></Placemark><Placemark><name>GC955B</name><Point><coordinates>-77.0468,38.9111,100 
</coordinates></Point><Style>
  <Icon>
    <href>http://chart.apis.google.com/chart?chst=d_bubble_icon_text_small&amp;chld=location|bbT|958|FFFFFF|000000</href>
  </Icon>
</Style><description><![CDATA[]]></description><visibility>1</visibility></Placemark><Placemark><name>GCN21R</name><Point><coordinates>-77.0363,38.9073,100 
</coordinates></Point><Style>
  <Icon>
    <href>http://chart.apis.google.com/chart?chst=d_bubble_icon_text_small&amp;chld=location|bbT|959|FFFFFF|000000</href>
  </Icon>
</Style><description><![CDATA[]]></description><visibility>1</visibility></Placemark><Placemark><name>GCA411</name><Point><coordinates>-77.0289,38.99,100 
</coordinates></Point><Style>
  <Icon>
    <href>http://chart.apis.google.com/chart?chst=d_bubble_icon_text_small&amp;chld=location|bbT|960|FFFFFF|000000</href>
  </Icon>
</Style><description><![CDATA[]]></description><visibility>1</visibility></Placemark><Placemark><name>GC6ZG8G</name><Point><coordinates>-77.0244,38.9997,100 
</coordinates></Point><Style>
  <Icon>
    <href>http://chart.apis.google.com/chart?chst=d_bubble_icon_text_small&amp;chld=location|bbT|961|FFFFFF|000000</href>
  </Icon>
</Style><description><![CDATA[]]></description><visibility>1</visibility></Placemark><Placemark><name>GC8QR74</name><Point><coordinates>-77.0247,39.0011,100 
</coordinates></Point><Style>
  <Icon>
    <href>http://chart.apis.google.com/chart?chst=d_bubble_icon_text_small&amp;chld=location|bbT|962|FFFFFF|000000</href>
  </Icon>
</Style><description><![CDATA[]]></description><visibility>1</visibility></Placemark><Placemark><name>GC771VA</name><Point><coordinates>-77.0137,39.002,100 
</coordinates></Point><Style>
  <Icon>
    <href>http://chart.apis.google.com/chart?chst=d_bubble_icon_text_small&amp;chld=location|bbT|963|FFFFFF|000000</href>
  </Icon>
</Style><description><![CDATA[]]></description><visibility>1</visibility></Placemark><Placemark><name>GC76Q0V</name><Point><coordinates>-77.014,39.0007,100 
</coordinates></Point><Style>
  <Icon>
    <href>http://chart.apis.google.com/chart?chst=d_bubble_icon_text_small&amp;chld=location|bbT|964|FFFFFF|000000</href>
  </Icon>
</Style><description><![CDATA[]]></description><visibility>1</visibility></Placemark><Placemark><name>GC76PW4</name><Point><coordinates>-77.0219,39.0021,100 
</coordinates></Point><Style>
  <Icon>
    <href>http://chart.apis.google.com/chart?chst=d_bubble_icon_text_small&amp;chld=location|bbT|965|FFFFFF|000000</href>
  </Icon>
</Style><description><![CDATA[]]></description><visibility>1</visibility></Placemark><Placemark><name>GC8B0C</name><Point><coordinates>-77.0258,38.8971,100 
</coordinates></Point><Style>
  <Icon>
    <href>http://chart.apis.google.com/chart?chst=d_bubble_icon_text_small&amp;chld=location|bbT|966|FFFFFF|000000</href>
  </Icon>
</Style><description><![CDATA[]]></description><visibility>1</visibility></Placemark><Placemark><name>GCA78R5</name><Point><coordinates>-122.3549,47.651,100 
</coordinates></Point><Style>
  <Icon>
    <href>http://chart.apis.google.com/chart?chst=d_bubble_icon_text_small&amp;chld=location|bbT|967|FFFFFF|000000</href>
  </Icon>
</Style><description><![CDATA[]]></description><visibility>1</visibility></Placemark><Placemark><name>GC5B6GA</name><Point><coordinates>-122.4796,48.7486,100 
</coordinates></Point><Style>
  <Icon>
    <href>http://chart.apis.google.com/chart?chst=d_bubble_icon_text_small&amp;chld=location|bbT|968|FFFFFF|000000</href>
  </Icon>
</Style><description><![CDATA[]]></description><visibility>1</visibility></Placemark><Placemark><name>GCW3JG</name><Point><coordinates>-122.4654,48.736,100 
</coordinates></Point><Style>
  <Icon>
    <href>http://chart.apis.google.com/chart?chst=d_bubble_icon_text_small&amp;chld=location|bbT|969|FFFFFF|000000</href>
  </Icon>
</Style><description><![CDATA[]]></description><visibility>1</visibility></Placemark><Placemark><name>GC49HR7</name><Point><coordinates>-122.3473,47.6482,100 
</coordinates></Point><Style>
  <Icon>
    <href>http://chart.apis.google.com/chart?chst=d_bubble_icon_text_small&amp;chld=location|bbT|970|FFFFFF|000000</href>
  </Icon>
</Style><description><![CDATA[]]></description><visibility>1</visibility></Placemark><Placemark><name>GCA6175</name><Point><coordinates>-122.3477,47.6488,100 
</coordinates></Point><Style>
  <Icon>
    <href>http://chart.apis.google.com/chart?chst=d_bubble_icon_text_small&amp;chld=location|bbT|971|FFFFFF|000000</href>
  </Icon>
</Style><description><![CDATA[]]></description><visibility>1</visibility></Placemark><Placemark><name>GC859XD</name><Point><coordinates>-122.9698,46.8704,100 
</coordinates></Point><Style>
  <Icon>
    <href>http://chart.apis.google.com/chart?chst=d_bubble_icon_text_small&amp;chld=location|bbT|972|FFFFFF|000000</href>
  </Icon>
</Style><description><![CDATA[]]></description><visibility>1</visibility></Placemark><Placemark><name>GC22HMJ</name><Point><coordinates>-122.557,45.6651,100 
</coordinates></Point><Style>
  <Icon>
    <href>http://chart.apis.google.com/chart?chst=d_bubble_icon_text_small&amp;chld=location|bbT|973|FFFFFF|000000</href>
  </Icon>
</Style><description><![CDATA[]]></description><visibility>1</visibility></Placemark><Placemark><name>GC9R8MQ</name><Point><coordinates>-121.3352,45.6863,100 
</coordinates></Point><Style>
  <Icon>
    <href>http://chart.apis.google.com/chart?chst=d_bubble_icon_text_small&amp;chld=location|bbT|974|FFFFFF|000000</href>
  </Icon>
</Style><description><![CDATA[]]></description><visibility>1</visibility></Placemark><Placemark><name>GC9P7RM</name><Point><coordinates>-122.3077,47.6571,100 
</coordinates></Point><Style>
  <Icon>
    <href>http://chart.apis.google.com/chart?chst=d_bubble_icon_text_small&amp;chld=location|bbT|975|FFFFFF|000000</href>
  </Icon>
</Style><description><![CDATA[]]></description><visibility>1</visibility></Placemark><Placemark><name>GCA3FR1</name><Point><coordinates>-122.3995,47.694,100 
</coordinates></Point><Style>
  <Icon>
    <href>http://chart.apis.google.com/chart?chst=d_bubble_icon_text_small&amp;chld=location|bbT|976|FFFFFF|000000</href>
  </Icon>
</Style><description><![CDATA[]]></description><visibility>1</visibility></Placemark><Placemark><name>GC7930A</name><Point><coordinates>-122.1646,47.6551,100 
</coordinates></Point><Style>
  <Icon>
    <href>http://chart.apis.google.com/chart?chst=d_bubble_icon_text_small&amp;chld=location|bbT|977|FFFFFF|000000</href>
  </Icon>
</Style><description><![CDATA[]]></description><visibility>1</visibility></Placemark><Placemark><name>GC7YTF4</name><Point><coordinates>-122.3946,47.5871,100 
</coordinates></Point><Style>
  <Icon>
    <href>http://chart.apis.google.com/chart?chst=d_bubble_icon_text_small&amp;chld=location|bbT|978|FFFFFF|000000</href>
  </Icon>
</Style><description><![CDATA[]]></description><visibility>1</visibility></Placemark><Placemark><name>GC9N3FW</name><Point><coordinates>-122.3882,47.59,100 
</coordinates></Point><Style>
  <Icon>
    <href>http://chart.apis.google.com/chart?chst=d_bubble_icon_text_small&amp;chld=location|bbT|979|FFFFFF|000000</href>
  </Icon>
</Style><description><![CDATA[]]></description><visibility>1</visibility></Placemark><Placemark><name>GCA6Q96</name><Point><coordinates>-122.3799,47.5951,100 
</coordinates></Point><Style>
  <Icon>
    <href>http://chart.apis.google.com/chart?chst=d_bubble_icon_text_small&amp;chld=location|bbT|980|FFFFFF|000000</href>
  </Icon>
</Style><description><![CDATA[]]></description><visibility>1</visibility></Placemark><Placemark><name>GC26HX9</name><Point><coordinates>-120.1813,48.481,100 
</coordinates></Point><Style>
  <Icon>
    <href>http://chart.apis.google.com/chart?chst=d_bubble_icon_text_small&amp;chld=location|bbT|981|FFFFFF|000000</href>
  </Icon>
</Style><description><![CDATA[]]></description><visibility>1</visibility></Placemark><Placemark><name>GC7Y0QN</name><Point><coordinates>-120.182,48.477,100 
</coordinates></Point><Style>
  <Icon>
    <href>http://chart.apis.google.com/chart?chst=d_bubble_icon_text_small&amp;chld=location|bbT|982|FFFFFF|000000</href>
  </Icon>
</Style><description><![CDATA[]]></description><visibility>1</visibility></Placemark><Placemark><name>GC145QE</name><Point><coordinates>-120.1931,48.4909,100 
</coordinates></Point><Style>
  <Icon>
    <href>http://chart.apis.google.com/chart?chst=d_bubble_icon_text_small&amp;chld=location|bbT|983|FFFFFF|000000</href>
  </Icon>
</Style><description><![CDATA[]]></description><visibility>1</visibility></Placemark><Placemark><name>GC8D6CZ</name><Point><coordinates>-120.6789,48.542,100 
</coordinates></Point><Style>
  <Icon>
    <href>http://chart.apis.google.com/chart?chst=d_bubble_icon_text_small&amp;chld=location|bbT|984|FFFFFF|000000</href>
  </Icon>
</Style><description><![CDATA[]]></description><visibility>1</visibility></Placemark><Placemark><name>GC783W5</name><Point><coordinates>-120.3731,48.5772,100 
</coordinates></Point><Style>
  <Icon>
    <href>http://chart.apis.google.com/chart?chst=d_bubble_icon_text_small&amp;chld=location|bbT|985|FFFFFF|000000</href>
  </Icon>
</Style><description><![CDATA[]]></description><visibility>1</visibility></Placemark><Placemark><name>GC7B685</name><Point><coordinates>-120.3688,48.5707,100 
</coordinates></Point><Style>
  <Icon>
    <href>http://chart.apis.google.com/chart?chst=d_bubble_icon_text_small&amp;chld=location|bbT|986|FFFFFF|000000</href>
  </Icon>
</Style><description><![CDATA[]]></description><visibility>1</visibility></Placemark><Placemark><name>GC6PRRN</name><Point><coordinates>-120.4046,48.5949,100 
</coordinates></Point><Style>
  <Icon>
    <href>http://chart.apis.google.com/chart?chst=d_bubble_icon_text_small&amp;chld=location|bbT|987|FFFFFF|000000</href>
  </Icon>
</Style><description><![CDATA[]]></description><visibility>1</visibility></Placemark><Placemark><name>GC5Q465</name><Point><coordinates>-120.4495,48.598,100 
</coordinates></Point><Style>
  <Icon>
    <href>http://chart.apis.google.com/chart?chst=d_bubble_icon_text_small&amp;chld=location|bbT|988|FFFFFF|000000</href>
  </Icon>
</Style><description><![CDATA[]]></description><visibility>1</visibility></Placemark><Placemark><name>GC4DM8W</name><Point><coordinates>-121.2398,48.6764,100 
</coordinates></Point><Style>
  <Icon>
    <href>http://chart.apis.google.com/chart?chst=d_bubble_icon_text_small&amp;chld=location|bbT|989|FFFFFF|000000</href>
  </Icon>
</Style><description><![CDATA[]]></description><visibility>1</visibility></Placemark><Placemark><name>GC4DM73</name><Point><coordinates>-121.2462,48.6725,100 
</coordinates></Point><Style>
  <Icon>
    <href>http://chart.apis.google.com/chart?chst=d_bubble_icon_text_small&amp;chld=location|bbT|990|FFFFFF|000000</href>
  </Icon>
</Style><description><![CDATA[]]></description><visibility>1</visibility></Placemark><Placemark><name>GC4DM5P</name><Point><coordinates>-121.2484,48.6732,100 
</coordinates></Point><Style>
  <Icon>
    <href>http://chart.apis.google.com/chart?chst=d_bubble_icon_text_small&amp;chld=location|bbT|991|FFFFFF|000000</href>
  </Icon>
</Style><description><![CDATA[]]></description><visibility>1</visibility></Placemark><Placemark><name>GCY519</name><Point><coordinates>-121.543,48.4946,100 
</coordinates></Point><Style>
  <Icon>
    <href>http://chart.apis.google.com/chart?chst=d_bubble_icon_text_small&amp;chld=location|bbT|992|FFFFFF|000000</href>
  </Icon>
</Style><description><![CDATA[]]></description><visibility>1</visibility></Placemark><Placemark><name>GC3VBXR</name><Point><coordinates>-121.5432,48.3445,100 
</coordinates></Point><Style>
  <Icon>
    <href>http://chart.apis.google.com/chart?chst=d_bubble_icon_text_small&amp;chld=location|bbT|993|FFFFFF|000000</href>
  </Icon>
</Style><description><![CDATA[]]></description><visibility>1</visibility></Placemark><Placemark><name>GC6XJJF</name><Point><coordinates>-121.8418,48.277,100 
</coordinates></Point><Style>
  <Icon>
    <href>http://chart.apis.google.com/chart?chst=d_bubble_icon_text_small&amp;chld=location|bbT|994|FFFFFF|000000</href>
  </Icon>
</Style><description><![CDATA[]]></description><visibility>1</visibility></Placemark><Placemark><name>GC368N9</name><Point><coordinates>-123.5978,46.9829,100 
</coordinates></Point><Style>
  <Icon>
    <href>http://chart.apis.google.com/chart?chst=d_bubble_icon_text_small&amp;chld=location|bbT|995|FFFFFF|000000</href>
  </Icon>
</Style><description><![CDATA[]]></description><visibility>1</visibility></Placemark><Placemark><name>GC8D16X</name><Point><coordinates>-123.858,46.2508,100 
</coordinates></Point><Style>
  <Icon>
    <href>http://chart.apis.google.com/chart?chst=d_bubble_icon_text_small&amp;chld=location|bbT|996|FFFFFF|000000</href>
  </Icon>
</Style><description><![CDATA[]]></description><visibility>1</visibility></Placemark><Placemark><name>GC488AE</name><Point><coordinates>-122.5902,45.5131,100 
</coordinates></Point><Style>
  <Icon>
    <href>http://chart.apis.google.com/chart?chst=d_bubble_icon_text_small&amp;chld=location|bbT|997|FFFFFF|000000</href>
  </Icon>
</Style><description><![CDATA[]]></description><visibility>1</visibility></Placemark><Placemark><name>GC29GQ4</name><Point><coordinates>-122.5927,45.5147,100 
</coordinates></Point><Style>
  <Icon>
    <href>http://chart.apis.google.com/chart?chst=d_bubble_icon_text_small&amp;chld=location|bbT|998|FFFFFF|000000</href>
  </Icon>
</Style><description><![CDATA[]]></description><visibility>1</visibility></Placemark><Placemark><name>GC6WT0E</name><Point><coordinates>-122.8967,46.1529,100 
</coordinates></Point><Style>
  <Icon>
    <href>http://chart.apis.google.com/chart?chst=d_bubble_icon_text_small&amp;chld=location|bbT|999|FFFFFF|000000</href>
  </Icon>
</Style><description><![CDATA[]]></description><visibility>1</visibility></Placemark><Placemark><name>GC3REFA</name><Point><coordinates>-122.905,46.6063,100 
</coordinates></Point><Style>
  <Icon>
    <href>http://chart.apis.google.com/chart?chst=d_bubble_icon_text_small&amp;chld=location|bbT|1000|FFFFFF|000000</href>
  </Icon>
</Style><description><![CDATA[]]></description><visibility>1</visibility></Placemark><Placemark><name>GCM2C9</name><Point><coordinates>-122.2646,47.5135,100 
</coordinates></Point><Style>
  <Icon>
    <href>http://chart.apis.google.com/chart?chst=d_bubble_icon_text_small&amp;chld=location|bbT|1001|FFFFFF|000000</href>
  </Icon>
</Style><description><![CDATA[]]></description><visibility>1</visibility></Placemark><Placemark><name>GCA0M2Q</name><Point><coordinates>-122.3165,47.6803,100 
</coordinates></Point><Style>
  <Icon>
    <href>http://chart.apis.google.com/chart?chst=d_bubble_icon_text_small&amp;chld=location|bbT|1002|FFFFFF|000000</href>
  </Icon>
</Style><description><![CDATA[]]></description><visibility>1</visibility></Placemark><Placemark><name>GCA87W1</name><Point><coordinates>-122.3387,47.6069,100 
</coordinates></Point><Style>
  <Icon>
    <href>http://chart.apis.google.com/chart?chst=d_bubble_icon_text_small&amp;chld=location|bbT|1003|FFFFFF|000000</href>
  </Icon>
</Style><description><![CDATA[]]></description><visibility>1</visibility></Placemark><Placemark><name>GCA9HT1</name><Point><coordinates>-122.3824,47.6835,100 
</coordinates></Point><Style>
  <Icon>
    <href>http://chart.apis.google.com/chart?chst=d_bubble_icon_text_small&amp;chld=location|bbT|1004|FFFFFF|000000</href>
  </Icon>
</Style><description><![CDATA[]]></description><visibility>1</visibility></Placemark><Placemark><name>GCA4JFN</name><Point><coordinates>-122.3661,47.7104,100 
</coordinates></Point><Style>
  <Icon>
    <href>http://chart.apis.google.com/chart?chst=d_bubble_icon_text_small&amp;chld=location|bbT|1005|FFFFFF|000000</href>
  </Icon>
</Style><description><![CDATA[]]></description><visibility>1</visibility></Placemark><Placemark><name>GC9PZZM</name><Point><coordinates>-122.3123,47.5869,100 
</coordinates></Point><Style>
  <Icon>
    <href>http://chart.apis.google.com/chart?chst=d_bubble_icon_text_small&amp;chld=location|bbT|1006|FFFFFF|000000</href>
  </Icon>
</Style><description><![CDATA[]]></description><visibility>1</visibility></Placemark><Placemark><name>GC1PTDJ</name><Point><coordinates>-122.4028,47.69,100 
</coordinates></Point><Style>
  <Icon>
    <href>http://chart.apis.google.com/chart?chst=d_bubble_icon_text_small&amp;chld=location|bbT|1007|FFFFFF|000000</href>
  </Icon>
</Style><description><![CDATA[]]></description><visibility>1</visibility></Placemark><Placemark><name>GC16X9C</name><Point><coordinates>-122.6362,47.8675,100 
</coordinates></Point><Style>
  <Icon>
    <href>http://chart.apis.google.com/chart?chst=d_bubble_icon_text_small&amp;chld=location|bbT|1008|FFFFFF|000000</href>
  </Icon>
</Style><description><![CDATA[]]></description><visibility>1</visibility></Placemark><Placemark><name>GC8QD96</name><Point><coordinates>-123.5683,48.143,100 
</coordinates></Point><Style>
  <Icon>
    <href>http://chart.apis.google.com/chart?chst=d_bubble_icon_text_small&amp;chld=location|bbT|1009|FFFFFF|000000</href>
  </Icon>
</Style><description><![CDATA[]]></description><visibility>1</visibility></Placemark><Placemark><name>GC8QDAP</name><Point><coordinates>-123.5677,48.1459,100 
</coordinates></Point><Style>
  <Icon>
    <href>http://chart.apis.google.com/chart?chst=d_bubble_icon_text_small&amp;chld=location|bbT|1010|FFFFFF|000000</href>
  </Icon>
</Style><description><![CDATA[]]></description><visibility>1</visibility></Placemark><Placemark><name>GC5FE4Y</name><Point><coordinates>-123.4423,48.1415,100 
</coordinates></Point><Style>
  <Icon>
    <href>http://chart.apis.google.com/chart?chst=d_bubble_icon_text_small&amp;chld=location|bbT|1011|FFFFFF|000000</href>
  </Icon>
</Style><description><![CDATA[]]></description><visibility>1</visibility></Placemark><Placemark><name>GC628F</name><Point><coordinates>-124.394,47.934,100 
</coordinates></Point><Style>
  <Icon>
    <href>http://chart.apis.google.com/chart?chst=d_bubble_icon_text_small&amp;chld=location|bbT|1012|FFFFFF|000000</href>
  </Icon>
</Style><description><![CDATA[]]></description><visibility>1</visibility></Placemark><Placemark><name>GC7077</name><Point><coordinates>-124.4144,47.7106,100 
</coordinates></Point><Style>
  <Icon>
    <href>http://chart.apis.google.com/chart?chst=d_bubble_icon_text_small&amp;chld=location|bbT|1013|FFFFFF|000000</href>
  </Icon>
</Style><description><![CDATA[]]></description><visibility>1</visibility></Placemark><Placemark><name>GCGFAX</name><Point><coordinates>-124.3761,47.6106,100 
</coordinates></Point><Style>
  <Icon>
    <href>http://chart.apis.google.com/chart?chst=d_bubble_icon_text_small&amp;chld=location|bbT|1014|FFFFFF|000000</href>
  </Icon>
</Style><description><![CDATA[]]></description><visibility>1</visibility></Placemark><Placemark><name>GCA3FRH</name><Point><coordinates>-122.3983,47.6908,100 
</coordinates></Point><Style>
  <Icon>
    <href>http://chart.apis.google.com/chart?chst=d_bubble_icon_text_small&amp;chld=location|bbT|1015|FFFFFF|000000</href>
  </Icon>
</Style><description><![CDATA[]]></description><visibility>1</visibility></Placemark><Placemark><name>GC971AJ</name><Point><coordinates>-122.4597,37.769,100 
</coordinates></Point><Style>
  <Icon>
    <href>http://chart.apis.google.com/chart?chst=d_bubble_icon_text_small&amp;chld=location|bbT|1016|FFFFFF|000000</href>
  </Icon>
</Style><description><![CDATA[]]></description><visibility>1</visibility></Placemark><Placemark><name>GC9BJ2Q</name><Point><coordinates>-122.4052,37.7909,100 
</coordinates></Point><Style>
  <Icon>
    <href>http://chart.apis.google.com/chart?chst=d_bubble_icon_text_small&amp;chld=location|bbT|1017|FFFFFF|000000</href>
  </Icon>
</Style><description><![CDATA[]]></description><visibility>1</visibility></Placemark><Placemark><name>GC66B1H</name><Point><coordinates>-122.4375,37.7917,100 
</coordinates></Point><Style>
  <Icon>
    <href>http://chart.apis.google.com/chart?chst=d_bubble_icon_text_small&amp;chld=location|bbT|1018|FFFFFF|000000</href>
  </Icon>
</Style><description><![CDATA[]]></description><visibility>1</visibility></Placemark><Placemark><name>GC7B7E2</name><Point><coordinates>-122.4565,37.8023,100 
</coordinates></Point><Style>
  <Icon>
    <href>http://chart.apis.google.com/chart?chst=d_bubble_icon_text_small&amp;chld=location|bbT|1019|FFFFFF|000000</href>
  </Icon>
</Style><description><![CDATA[]]></description><visibility>1</visibility></Placemark><Placemark><name>GC7JX0A</name><Point><coordinates>-122.4568,37.8021,100 
</coordinates></Point><Style>
  <Icon>
    <href>http://chart.apis.google.com/chart?chst=d_bubble_icon_text_small&amp;chld=location|bbT|1020|FFFFFF|000000</href>
  </Icon>
</Style><description><![CDATA[]]></description><visibility>1</visibility></Placemark><Placemark><name>GC9P69R</name><Point><coordinates>-122.3449,47.6116,100 
</coordinates></Point><Style>
  <Icon>
    <href>http://chart.apis.google.com/chart?chst=d_bubble_icon_text_small&amp;chld=location|bbT|1021|FFFFFF|000000</href>
  </Icon>
</Style><description><![CDATA[]]></description><visibility>1</visibility></Placemark><Placemark><name>GCHRAG</name><Point><coordinates>-122.331,48.5637,100 
</coordinates></Point><Style>
  <Icon>
    <href>http://chart.apis.google.com/chart?chst=d_bubble_icon_text_small&amp;chld=location|bbT|1022|FFFFFF|000000</href>
  </Icon>
</Style><description><![CDATA[]]></description><visibility>1</visibility></Placemark><Placemark><name>GC961ZM</name><Point><coordinates>-122.3297,48.607,100 
</coordinates></Point><Style>
  <Icon>
    <href>http://chart.apis.google.com/chart?chst=d_bubble_icon_text_small&amp;chld=location|bbT|1023|FFFFFF|000000</href>
  </Icon>
</Style><description><![CDATA[]]></description><visibility>1</visibility></Placemark><Placemark><name>GC95980</name><Point><coordinates>-122.4444,48.733,100 
</coordinates></Point><Style>
  <Icon>
    <href>http://chart.apis.google.com/chart?chst=d_bubble_icon_text_small&amp;chld=location|bbT|1024|FFFFFF|000000</href>
  </Icon>
</Style><description><![CDATA[]]></description><visibility>1</visibility></Placemark><Placemark><name>GC2GZ1Y</name><Point><coordinates>-123.2005,49.6242,100 
</coordinates></Point><Style>
  <Icon>
    <href>http://chart.apis.google.com/chart?chst=d_bubble_icon_text_small&amp;chld=location|bbT|1025|FFFFFF|000000</href>
  </Icon>
</Style><description><![CDATA[]]></description><visibility>1</visibility></Placemark><Placemark><name>GCMT5B</name><Point><coordinates>-123.2007,49.6458,100 
</coordinates></Point><Style>
  <Icon>
    <href>http://chart.apis.google.com/chart?chst=d_bubble_icon_text_small&amp;chld=location|bbT|1026|FFFFFF|000000</href>
  </Icon>
</Style><description><![CDATA[]]></description><visibility>1</visibility></Placemark><Placemark><name>GC2MF11</name><Point><coordinates>-123.119,49.7767,100 
</coordinates></Point><Style>
  <Icon>
    <href>http://chart.apis.google.com/chart?chst=d_bubble_icon_text_small&amp;chld=location|bbT|1027|FFFFFF|000000</href>
  </Icon>
</Style><description><![CDATA[]]></description><visibility>1</visibility></Placemark><Placemark><name>GC7ZCYV</name><Point><coordinates>-123.1182,49.7799,100 
</coordinates></Point><Style>
  <Icon>
    <href>http://chart.apis.google.com/chart?chst=d_bubble_icon_text_small&amp;chld=location|bbT|1028|FFFFFF|000000</href>
  </Icon>
</Style><description><![CDATA[]]></description><visibility>1</visibility></Placemark><Placemark><name>GC34MK2</name><Point><coordinates>-123.1179,49.7813,100 
</coordinates></Point><Style>
  <Icon>
    <href>http://chart.apis.google.com/chart?chst=d_bubble_icon_text_small&amp;chld=location|bbT|1029|FFFFFF|000000</href>
  </Icon>
</Style><description><![CDATA[]]></description><visibility>1</visibility></Placemark><Placemark><name>GC1EA92</name><Point><coordinates>-123.1489,49.6812,100 
</coordinates></Point><Style>
  <Icon>
    <href>http://chart.apis.google.com/chart?chst=d_bubble_icon_text_small&amp;chld=location|bbT|1030|FFFFFF|000000</href>
  </Icon>
</Style><description><![CDATA[]]></description><visibility>1</visibility></Placemark><Placemark><name>GC3QKNE</name><Point><coordinates>-123.1575,49.6713,100 
</coordinates></Point><Style>
  <Icon>
    <href>http://chart.apis.google.com/chart?chst=d_bubble_icon_text_small&amp;chld=location|bbT|1031|FFFFFF|000000</href>
  </Icon>
</Style><description><![CDATA[]]></description><visibility>1</visibility></Placemark><Placemark><name>GCK66H</name><Point><coordinates>-123.1187,50.0359,100 
</coordinates></Point><Style>
  <Icon>
    <href>http://chart.apis.google.com/chart?chst=d_bubble_icon_text_small&amp;chld=location|bbT|1032|FFFFFF|000000</href>
  </Icon>
</Style><description><![CDATA[]]></description><visibility>1</visibility></Placemark><Placemark><name>GC28BDD</name><Point><coordinates>-123.1181,50.0352,100 
</coordinates></Point><Style>
  <Icon>
    <href>http://chart.apis.google.com/chart?chst=d_bubble_icon_text_small&amp;chld=location|bbT|1033|FFFFFF|000000</href>
  </Icon>
</Style><description><![CDATA[]]></description><visibility>1</visibility></Placemark><Placemark><name>GC1XWWK</name><Point><coordinates>-123.1167,50.035,100 
</coordinates></Point><Style>
  <Icon>
    <href>http://chart.apis.google.com/chart?chst=d_bubble_icon_text_small&amp;chld=location|bbT|1034|FFFFFF|000000</href>
  </Icon>
</Style><description><![CDATA[]]></description><visibility>1</visibility></Placemark><Placemark><name>GC95Z8W</name><Point><coordinates>-123.1559,49.6975,100 
</coordinates></Point><Style>
  <Icon>
    <href>http://chart.apis.google.com/chart?chst=d_bubble_icon_text_small&amp;chld=location|bbT|1035|FFFFFF|000000</href>
  </Icon>
</Style><description><![CDATA[]]></description><visibility>1</visibility></Placemark><Placemark><name>GC4HE64</name><Point><coordinates>-123.0983,49.947,100 
</coordinates></Point><Style>
  <Icon>
    <href>http://chart.apis.google.com/chart?chst=d_bubble_icon_text_small&amp;chld=location|bbT|1036|FFFFFF|000000</href>
  </Icon>
</Style><description><![CDATA[]]></description><visibility>1</visibility></Placemark><Placemark><name>GCMGD5</name><Point><coordinates>-123.0886,49.9505,100 
</coordinates></Point><Style>
  <Icon>
    <href>http://chart.apis.google.com/chart?chst=d_bubble_icon_text_small&amp;chld=location|bbT|1037|FFFFFF|000000</href>
  </Icon>
</Style><description><![CDATA[]]></description><visibility>1</visibility></Placemark><Placemark><name>GC5XKRX</name><Point><coordinates>-123.0552,49.9406,100 
</coordinates></Point><Style>
  <Icon>
    <href>http://chart.apis.google.com/chart?chst=d_bubble_icon_text_small&amp;chld=location|bbT|1038|FFFFFF|000000</href>
  </Icon>
</Style><description><![CDATA[]]></description><visibility>1</visibility></Placemark><Placemark><name>GC8WH9G</name><Point><coordinates>-122.7301,48.9783,100 
</coordinates></Point><Style>
  <Icon>
    <href>http://chart.apis.google.com/chart?chst=d_bubble_icon_text_small&amp;chld=location|bbT|1039|FFFFFF|000000</href>
  </Icon>
</Style><description><![CDATA[]]></description><visibility>1</visibility></Placemark><Placemark><name>GC3HV88</name><Point><coordinates>-119.9295,38.9462,100 
</coordinates></Point><Style>
  <Icon>
    <href>http://chart.apis.google.com/chart?chst=d_bubble_icon_text_small&amp;chld=location|bbT|1040|FFFFFF|000000</href>
  </Icon>
</Style><description><![CDATA[]]></description><visibility>1</visibility></Placemark><Placemark><name>GC4863P</name><Point><coordinates>-119.9459,38.9397,100 
</coordinates></Point><Style>
  <Icon>
    <href>http://chart.apis.google.com/chart?chst=d_bubble_icon_text_small&amp;chld=location|bbT|1041|FFFFFF|000000</href>
  </Icon>
</Style><description><![CDATA[]]></description><visibility>1</visibility></Placemark><Placemark><name>GC1KH1J</name><Point><coordinates>-119.9998,38.9144,100 
</coordinates></Point><Style>
  <Icon>
    <href>http://chart.apis.google.com/chart?chst=d_bubble_icon_text_small&amp;chld=location|bbT|1042|FFFFFF|000000</href>
  </Icon>
</Style><description><![CDATA[]]></description><visibility>1</visibility></Placemark><Placemark><name>GCAATDK</name><Point><coordinates>-119.6466,39.3305,100 
</coordinates></Point><Style>
  <Icon>
    <href>http://chart.apis.google.com/chart?chst=d_bubble_icon_text_small&amp;chld=location|bbT|1043|FFFFFF|000000</href>
  </Icon>
</Style><description><![CDATA[]]></description><visibility>1</visibility></Placemark><Placemark><name>GCAAXBM</name><Point><coordinates>-122.355,47.6507,100 
</coordinates></Point><Style>
  <Icon>
    <href>http://chart.apis.google.com/chart?chst=d_bubble_icon_text_small&amp;chld=location|bbT|1044|FFFFFF|000000</href>
  </Icon>
</Style><description><![CDATA[]]></description><visibility>1</visibility></Placemark><Placemark><name>GC9WPQ7</name><Point><coordinates>-122.2524,47.5576,100 
</coordinates></Point><Style>
  <Icon>
    <href>http://chart.apis.google.com/chart?chst=d_bubble_icon_text_small&amp;chld=location|bbT|1045|FFFFFF|000000</href>
  </Icon>
</Style><description><![CDATA[]]></description><visibility>1</visibility></Placemark><Placemark><name>GC81E9Y</name><Point><coordinates>-122.4399,48.5627,100 
</coordinates></Point><Style>
  <Icon>
    <href>http://chart.apis.google.com/chart?chst=d_bubble_icon_text_small&amp;chld=location|bbT|1046|FFFFFF|000000</href>
  </Icon>
</Style><description><![CDATA[]]></description><visibility>1</visibility></Placemark><Placemark><name>GC1F49J</name><Point><coordinates>-122.4204,48.5689,100 
</coordinates></Point><Style>
  <Icon>
    <href>http://chart.apis.google.com/chart?chst=d_bubble_icon_text_small&amp;chld=location|bbT|1047|FFFFFF|000000</href>
  </Icon>
</Style><description><![CDATA[]]></description><visibility>1</visibility></Placemark><Placemark><name>GC9XVPM</name><Point><coordinates>-122.4184,48.5952,100 
</coordinates></Point><Style>
  <Icon>
    <href>http://chart.apis.google.com/chart?chst=d_bubble_icon_text_small&amp;chld=location|bbT|1048|FFFFFF|000000</href>
  </Icon>
</Style><description><![CDATA[]]></description><visibility>1</visibility></Placemark><Placemark><name>GC45ZQE</name><Point><coordinates>-122.4324,48.6081,100 
</coordinates></Point><Style>
  <Icon>
    <href>http://chart.apis.google.com/chart?chst=d_bubble_icon_text_small&amp;chld=location|bbT|1049|FFFFFF|000000</href>
  </Icon>
</Style><description><![CDATA[]]></description><visibility>1</visibility></Placemark><Placemark><name>GC45ZQP</name><Point><coordinates>-122.4325,48.611,100 
</coordinates></Point><Style>
  <Icon>
    <href>http://chart.apis.google.com/chart?chst=d_bubble_icon_text_small&amp;chld=location|bbT|1050|FFFFFF|000000</href>
  </Icon>
</Style><description><![CDATA[]]></description><visibility>1</visibility></Placemark><Placemark><name>GC45ZQZ</name><Point><coordinates>-122.4312,48.6123,100 
</coordinates></Point><Style>
  <Icon>
    <href>http://chart.apis.google.com/chart?chst=d_bubble_icon_text_small&amp;chld=location|bbT|1051|FFFFFF|000000</href>
  </Icon>
</Style><description><![CDATA[]]></description><visibility>1</visibility></Placemark><Placemark><name>GC46G9K</name><Point><coordinates>-122.4243,48.6087,100 
</coordinates></Point><Style>
  <Icon>
    <href>http://chart.apis.google.com/chart?chst=d_bubble_icon_text_small&amp;chld=location|bbT|1052|FFFFFF|000000</href>
  </Icon>
</Style><description><![CDATA[]]></description><visibility>1</visibility></Placemark><Placemark><name>GC46G9A</name><Point><coordinates>-122.4288,48.6118,100 
</coordinates></Point><Style>
  <Icon>
    <href>http://chart.apis.google.com/chart?chst=d_bubble_icon_text_small&amp;chld=location|bbT|1053|FFFFFF|000000</href>
  </Icon>
</Style><description><![CDATA[]]></description><visibility>1</visibility></Placemark><Placemark><name>GC45G0E</name><Point><coordinates>-122.4251,48.6162,100 
</coordinates></Point><Style>
  <Icon>
    <href>http://chart.apis.google.com/chart?chst=d_bubble_icon_text_small&amp;chld=location|bbT|1054|FFFFFF|000000</href>
  </Icon>
</Style><description><![CDATA[]]></description><visibility>1</visibility></Placemark><Placemark><name>GC45G0G</name><Point><coordinates>-122.426,48.6178,100 
</coordinates></Point><Style>
  <Icon>
    <href>http://chart.apis.google.com/chart?chst=d_bubble_icon_text_small&amp;chld=location|bbT|1055|FFFFFF|000000</href>
  </Icon>
</Style><description><![CDATA[]]></description><visibility>1</visibility></Placemark><Placemark><name>GC45G0M</name><Point><coordinates>-122.4248,48.6196,100 
</coordinates></Point><Style>
  <Icon>
    <href>http://chart.apis.google.com/chart?chst=d_bubble_icon_text_small&amp;chld=location|bbT|1056|FFFFFF|000000</href>
  </Icon>
</Style><description><![CDATA[]]></description><visibility>1</visibility></Placemark><Placemark><name>GC45G0Q</name><Point><coordinates>-122.4216,48.6216,100 
</coordinates></Point><Style>
  <Icon>
    <href>http://chart.apis.google.com/chart?chst=d_bubble_icon_text_small&amp;chld=location|bbT|1057|FFFFFF|000000</href>
  </Icon>
</Style><description><![CDATA[]]></description><visibility>1</visibility></Placemark><Placemark><name>GC45G0W</name><Point><coordinates>-122.4199,48.6235,100 
</coordinates></Point><Style>
  <Icon>
    <href>http://chart.apis.google.com/chart?chst=d_bubble_icon_text_small&amp;chld=location|bbT|1058|FFFFFF|000000</href>
  </Icon>
</Style><description><![CDATA[]]></description><visibility>1</visibility></Placemark><Placemark><name>GC5GM34</name><Point><coordinates>-122.4181,48.6244,100 
</coordinates></Point><Style>
  <Icon>
    <href>http://chart.apis.google.com/chart?chst=d_bubble_icon_text_small&amp;chld=location|bbT|1059|FFFFFF|000000</href>
  </Icon>
</Style><description><![CDATA[]]></description><visibility>1</visibility></Placemark><Placemark><name>GC57JJH</name><Point><coordinates>-122.4168,48.6253,100 
</coordinates></Point><Style>
  <Icon>
    <href>http://chart.apis.google.com/chart?chst=d_bubble_icon_text_small&amp;chld=location|bbT|1060|FFFFFF|000000</href>
  </Icon>
</Style><description><![CDATA[]]></description><visibility>1</visibility></Placemark><Placemark><name>GC2N5MN</name><Point><coordinates>-122.4139,48.6249,100 
</coordinates></Point><Style>
  <Icon>
    <href>http://chart.apis.google.com/chart?chst=d_bubble_icon_text_small&amp;chld=location|bbT|1061|FFFFFF|000000</href>
  </Icon>
</Style><description><![CDATA[]]></description><visibility>1</visibility></Placemark><Placemark><name>GC4533</name><Point><coordinates>-122.4149,48.6272,100 
</coordinates></Point><Style>
  <Icon>
    <href>http://chart.apis.google.com/chart?chst=d_bubble_icon_text_small&amp;chld=location|bbT|1062|FFFFFF|000000</href>
  </Icon>
</Style><description><![CDATA[]]></description><visibility>1</visibility></Placemark><Placemark><name>GC25CRR</name><Point><coordinates>-122.409,48.6239,100 
</coordinates></Point><Style>
  <Icon>
    <href>http://chart.apis.google.com/chart?chst=d_bubble_icon_text_small&amp;chld=location|bbT|1063|FFFFFF|000000</href>
  </Icon>
</Style><description><![CDATA[]]></description><visibility>1</visibility></Placemark><Placemark><name>GC46PDW</name><Point><coordinates>-122.4058,48.6235,100 
</coordinates></Point><Style>
  <Icon>
    <href>http://chart.apis.google.com/chart?chst=d_bubble_icon_text_small&amp;chld=location|bbT|1064|FFFFFF|000000</href>
  </Icon>
</Style><description><![CDATA[]]></description><visibility>1</visibility></Placemark><Placemark><name>GC4B46H</name><Point><coordinates>-122.4043,48.6278,100 
</coordinates></Point><Style>
  <Icon>
    <href>http://chart.apis.google.com/chart?chst=d_bubble_icon_text_small&amp;chld=location|bbT|1065|FFFFFF|000000</href>
  </Icon>
</Style><description><![CDATA[]]></description><visibility>1</visibility></Placemark><Placemark><name>GC4B44E</name><Point><coordinates>-122.4039,48.6298,100 
</coordinates></Point><Style>
  <Icon>
    <href>http://chart.apis.google.com/chart?chst=d_bubble_icon_text_small&amp;chld=location|bbT|1066|FFFFFF|000000</href>
  </Icon>
</Style><description><![CDATA[]]></description><visibility>1</visibility></Placemark><Placemark><name>GC458D</name><Point><coordinates>-122.4055,48.6315,100 
</coordinates></Point><Style>
  <Icon>
    <href>http://chart.apis.google.com/chart?chst=d_bubble_icon_text_small&amp;chld=location|bbT|1067|FFFFFF|000000</href>
  </Icon>
</Style><description><![CDATA[]]></description><visibility>1</visibility></Placemark><Placemark><name>GC469AJ</name><Point><coordinates>-122.4023,48.6308,100 
</coordinates></Point><Style>
  <Icon>
    <href>http://chart.apis.google.com/chart?chst=d_bubble_icon_text_small&amp;chld=location|bbT|1068|FFFFFF|000000</href>
  </Icon>
</Style><description><![CDATA[]]></description><visibility>1</visibility></Placemark><Placemark><name>GC469AN</name><Point><coordinates>-122.3995,48.6299,100 
</coordinates></Point><Style>
  <Icon>
    <href>http://chart.apis.google.com/chart?chst=d_bubble_icon_text_small&amp;chld=location|bbT|1069|FFFFFF|000000</href>
  </Icon>
</Style><description><![CDATA[]]></description><visibility>1</visibility></Placemark><Placemark><name>GC469AV</name><Point><coordinates>-122.394,48.6278,100 
</coordinates></Point><Style>
  <Icon>
    <href>http://chart.apis.google.com/chart?chst=d_bubble_icon_text_small&amp;chld=location|bbT|1070|FFFFFF|000000</href>
  </Icon>
</Style><description><![CDATA[]]></description><visibility>1</visibility></Placemark><Placemark><name>GC46PEZ</name><Point><coordinates>-122.401,48.6255,100 
</coordinates></Point><Style>
  <Icon>
    <href>http://chart.apis.google.com/chart?chst=d_bubble_icon_text_small&amp;chld=location|bbT|1071|FFFFFF|000000</href>
  </Icon>
</Style><description><![CDATA[]]></description><visibility>1</visibility></Placemark><Placemark><name>GC46PE3</name><Point><coordinates>-122.4029,48.6241,100 
</coordinates></Point><Style>
  <Icon>
    <href>http://chart.apis.google.com/chart?chst=d_bubble_icon_text_small&amp;chld=location|bbT|1072|FFFFFF|000000</href>
  </Icon>
</Style><description><![CDATA[]]></description><visibility>1</visibility></Placemark><Placemark><name>GC46PF2</name><Point><coordinates>-122.4066,48.6218,100 
</coordinates></Point><Style>
  <Icon>
    <href>http://chart.apis.google.com/chart?chst=d_bubble_icon_text_small&amp;chld=location|bbT|1073|FFFFFF|000000</href>
  </Icon>
</Style><description><![CDATA[]]></description><visibility>1</visibility></Placemark><Placemark><name>GC46PF6</name><Point><coordinates>-122.4104,48.6194,100 
</coordinates></Point><Style>
  <Icon>
    <href>http://chart.apis.google.com/chart?chst=d_bubble_icon_text_small&amp;chld=location|bbT|1074|FFFFFF|000000</href>
  </Icon>
</Style><description><![CDATA[]]></description><visibility>1</visibility></Placemark><Placemark><name>GC46PF9</name><Point><coordinates>-122.4046,48.6183,100 
</coordinates></Point><Style>
  <Icon>
    <href>http://chart.apis.google.com/chart?chst=d_bubble_icon_text_small&amp;chld=location|bbT|1075|FFFFFF|000000</href>
  </Icon>
</Style><description><![CDATA[]]></description><visibility>1</visibility></Placemark><Placemark><name>GC46PFE</name><Point><coordinates>-122.4065,48.6169,100 
</coordinates></Point><Style>
  <Icon>
    <href>http://chart.apis.google.com/chart?chst=d_bubble_icon_text_small&amp;chld=location|bbT|1076|FFFFFF|000000</href>
  </Icon>
</Style><description><![CDATA[]]></description><visibility>1</visibility></Placemark><Placemark><name>GC45G1D</name><Point><coordinates>-122.4078,48.6141,100 
</coordinates></Point><Style>
  <Icon>
    <href>http://chart.apis.google.com/chart?chst=d_bubble_icon_text_small&amp;chld=location|bbT|1077|FFFFFF|000000</href>
  </Icon>
</Style><description><![CDATA[]]></description><visibility>1</visibility></Placemark><Placemark><name>GC45G18</name><Point><coordinates>-122.4122,48.6149,100 
</coordinates></Point><Style>
  <Icon>
    <href>http://chart.apis.google.com/chart?chst=d_bubble_icon_text_small&amp;chld=location|bbT|1078|FFFFFF|000000</href>
  </Icon>
</Style><description><![CDATA[]]></description><visibility>1</visibility></Placemark><Placemark><name>GC45G16</name><Point><coordinates>-122.4165,48.6156,100 
</coordinates></Point><Style>
  <Icon>
    <href>http://chart.apis.google.com/chart?chst=d_bubble_icon_text_small&amp;chld=location|bbT|1079|FFFFFF|000000</href>
  </Icon>
</Style><description><![CDATA[]]></description><visibility>1</visibility></Placemark><Placemark><name>GC45G13</name><Point><coordinates>-122.4216,48.6144,100 
</coordinates></Point><Style>
  <Icon>
    <href>http://chart.apis.google.com/chart?chst=d_bubble_icon_text_small&amp;chld=location|bbT|1080|FFFFFF|000000</href>
  </Icon>
</Style><description><![CDATA[]]></description><visibility>1</visibility></Placemark><Placemark><name>GC9H84B</name><Point><coordinates>-122.4232,48.6129,100 
</coordinates></Point><Style>
  <Icon>
    <href>http://chart.apis.google.com/chart?chst=d_bubble_icon_text_small&amp;chld=location|bbT|1081|FFFFFF|000000</href>
  </Icon>
</Style><description><![CDATA[]]></description><visibility>1</visibility></Placemark><Placemark><name>GC45G0Z</name><Point><coordinates>-122.424,48.6112,100 
</coordinates></Point><Style>
  <Icon>
    <href>http://chart.apis.google.com/chart?chst=d_bubble_icon_text_small&amp;chld=location|bbT|1082|FFFFFF|000000</href>
  </Icon>
</Style><description><![CDATA[]]></description><visibility>1</visibility></Placemark><Placemark><name>GCMWA3</name><Point><coordinates>-122.427,48.6105,100 
</coordinates></Point><Style>
  <Icon>
    <href>http://chart.apis.google.com/chart?chst=d_bubble_icon_text_small&amp;chld=location|bbT|1083|FFFFFF|000000</href>
  </Icon>
</Style><description><![CDATA[]]></description><visibility>1</visibility></Placemark><Placemark><name>GC80HD0</name><Point><coordinates>-122.4269,48.6138,100 
</coordinates></Point><Style>
  <Icon>
    <href>http://chart.apis.google.com/chart?chst=d_bubble_icon_text_small&amp;chld=location|bbT|1084|FFFFFF|000000</href>
  </Icon>
</Style><description><![CDATA[]]></description><visibility>1</visibility></Placemark><Placemark><name>GC96ED4</name><Point><coordinates>-122.3503,48.4467,100 
</coordinates></Point><Style>
  <Icon>
    <href>http://chart.apis.google.com/chart?chst=d_bubble_icon_text_small&amp;chld=location|bbT|1085|FFFFFF|000000</href>
  </Icon>
</Style><description><![CDATA[]]></description><visibility>1</visibility></Placemark><Placemark><name>GC7JQ91</name><Point><coordinates>-122.3433,48.4389,100 
</coordinates></Point><Style>
  <Icon>
    <href>http://chart.apis.google.com/chart?chst=d_bubble_icon_text_small&amp;chld=location|bbT|1086|FFFFFF|000000</href>
  </Icon>
</Style><description><![CDATA[]]></description><visibility>1</visibility></Placemark><Placemark><name>GC7E43B</name><Point><coordinates>-122.2824,47.1633,100 
</coordinates></Point><Style>
  <Icon>
    <href>http://chart.apis.google.com/chart?chst=d_bubble_icon_text_small&amp;chld=location|bbT|1087|FFFFFF|000000</href>
  </Icon>
</Style><description><![CDATA[]]></description><visibility>1</visibility></Placemark><Placemark><name>GC7EMMQ</name><Point><coordinates>-122.2843,47.1595,100 
</coordinates></Point><Style>
  <Icon>
    <href>http://chart.apis.google.com/chart?chst=d_bubble_icon_text_small&amp;chld=location|bbT|1088|FFFFFF|000000</href>
  </Icon>
</Style><description><![CDATA[]]></description><visibility>1</visibility></Placemark><Placemark><name>GC9WTAM</name><Point><coordinates>-122.2468,47.1868,100 
</coordinates></Point><Style>
  <Icon>
    <href>http://chart.apis.google.com/chart?chst=d_bubble_icon_text_small&amp;chld=location|bbT|1089|FFFFFF|000000</href>
  </Icon>
</Style><description><![CDATA[]]></description><visibility>1</visibility></Placemark><Placemark><name>GC9V1M8</name><Point><coordinates>-122.2436,47.1843,100 
</coordinates></Point><Style>
  <Icon>
    <href>http://chart.apis.google.com/chart?chst=d_bubble_icon_text_small&amp;chld=location|bbT|1090|FFFFFF|000000</href>
  </Icon>
</Style><description><![CDATA[]]></description><visibility>1</visibility></Placemark><Placemark><name>GC9V1HK</name><Point><coordinates>-122.2356,47.181,100 
</coordinates></Point><Style>
  <Icon>
    <href>http://chart.apis.google.com/chart?chst=d_bubble_icon_text_small&amp;chld=location|bbT|1091|FFFFFF|000000</href>
  </Icon>
</Style><description><![CDATA[]]></description><visibility>1</visibility></Placemark><Placemark><name>GC9V11K</name><Point><coordinates>-122.2353,47.1795,100 
</coordinates></Point><Style>
  <Icon>
    <href>http://chart.apis.google.com/chart?chst=d_bubble_icon_text_small&amp;chld=location|bbT|1092|FFFFFF|000000</href>
  </Icon>
</Style><description><![CDATA[]]></description><visibility>1</visibility></Placemark><Placemark><name>GC9E8Q0</name><Point><coordinates>-122.2347,47.1778,100 
</coordinates></Point><Style>
  <Icon>
    <href>http://chart.apis.google.com/chart?chst=d_bubble_icon_text_small&amp;chld=location|bbT|1093|FFFFFF|000000</href>
  </Icon>
</Style><description><![CDATA[]]></description><visibility>1</visibility></Placemark><Placemark><name>GC9V11H</name><Point><coordinates>-122.2344,47.1758,100 
</coordinates></Point><Style>
  <Icon>
    <href>http://chart.apis.google.com/chart?chst=d_bubble_icon_text_small&amp;chld=location|bbT|1094|FFFFFF|000000</href>
  </Icon>
</Style><description><![CDATA[]]></description><visibility>1</visibility></Placemark><Placemark><name>GCA86GE</name><Point><coordinates>-122.2338,47.172,100 
</coordinates></Point><Style>
  <Icon>
    <href>http://chart.apis.google.com/chart?chst=d_bubble_icon_text_small&amp;chld=location|bbT|1095|FFFFFF|000000</href>
  </Icon>
</Style><description><![CDATA[]]></description><visibility>1</visibility></Placemark><Placemark><name>GCA5PTV</name><Point><coordinates>-122.2328,47.1641,100 
</coordinates></Point><Style>
  <Icon>
    <href>http://chart.apis.google.com/chart?chst=d_bubble_icon_text_small&amp;chld=location|bbT|1096|FFFFFF|000000</href>
  </Icon>
</Style><description><![CDATA[]]></description><visibility>1</visibility></Placemark><Placemark><name>GCA0JTA</name><Point><coordinates>-122.1884,47.1216,100 
</coordinates></Point><Style>
  <Icon>
    <href>http://chart.apis.google.com/chart?chst=d_bubble_icon_text_small&amp;chld=location|bbT|1097|FFFFFF|000000</href>
  </Icon>
</Style><description><![CDATA[]]></description><visibility>1</visibility></Placemark><Placemark><name>GCA0K5R</name><Point><coordinates>-122.1889,47.1202,100 
</coordinates></Point><Style>
  <Icon>
    <href>http://chart.apis.google.com/chart?chst=d_bubble_icon_text_small&amp;chld=location|bbT|1098|FFFFFF|000000</href>
  </Icon>
</Style><description><![CDATA[]]></description><visibility>1</visibility></Placemark><Placemark><name>GCA0JRP</name><Point><coordinates>-122.1885,47.1187,100 
</coordinates></Point><Style>
  <Icon>
    <href>http://chart.apis.google.com/chart?chst=d_bubble_icon_text_small&amp;chld=location|bbT|1099|FFFFFF|000000</href>
  </Icon>
</Style><description><![CDATA[]]></description><visibility>1</visibility></Placemark><Placemark><name>GCA0K5Q</name><Point><coordinates>-122.1887,47.1174,100 
</coordinates></Point><Style>
  <Icon>
    <href>http://chart.apis.google.com/chart?chst=d_bubble_icon_text_small&amp;chld=location|bbT|1100|FFFFFF|000000</href>
  </Icon>
</Style><description><![CDATA[]]></description><visibility>1</visibility></Placemark><Placemark><name>GCA8HHE</name><Point><coordinates>-122.1845,47.1156,100 
</coordinates></Point><Style>
  <Icon>
    <href>http://chart.apis.google.com/chart?chst=d_bubble_icon_text_small&amp;chld=location|bbT|1101|FFFFFF|000000</href>
  </Icon>
</Style><description><![CDATA[]]></description><visibility>1</visibility></Placemark><Placemark><name>GCA8J5Q</name><Point><coordinates>-122.1896,47.115,100 
</coordinates></Point><Style>
  <Icon>
    <href>http://chart.apis.google.com/chart?chst=d_bubble_icon_text_small&amp;chld=location|bbT|1102|FFFFFF|000000</href>
  </Icon>
</Style><description><![CDATA[]]></description><visibility>1</visibility></Placemark><Placemark><name>GCA8J73</name><Point><coordinates>-122.1908,47.1137,100 
</coordinates></Point><Style>
  <Icon>
    <href>http://chart.apis.google.com/chart?chst=d_bubble_icon_text_small&amp;chld=location|bbT|1103|FFFFFF|000000</href>
  </Icon>
</Style><description><![CDATA[]]></description><visibility>1</visibility></Placemark><Placemark><name>GCA2YK5</name><Point><coordinates>-122.1905,47.1121,100 
</coordinates></Point><Style>
  <Icon>
    <href>http://chart.apis.google.com/chart?chst=d_bubble_icon_text_small&amp;chld=location|bbT|1104|FFFFFF|000000</href>
  </Icon>
</Style><description><![CDATA[]]></description><visibility>1</visibility></Placemark><Placemark><name>GCA2YQM</name><Point><coordinates>-122.1933,47.1119,100 
</coordinates></Point><Style>
  <Icon>
    <href>http://chart.apis.google.com/chart?chst=d_bubble_icon_text_small&amp;chld=location|bbT|1105|FFFFFF|000000</href>
  </Icon>
</Style><description><![CDATA[]]></description><visibility>1</visibility></Placemark><Placemark><name>GCA2YQB</name><Point><coordinates>-122.1885,47.1115,100 
</coordinates></Point><Style>
  <Icon>
    <href>http://chart.apis.google.com/chart?chst=d_bubble_icon_text_small&amp;chld=location|bbT|1106|FFFFFF|000000</href>
  </Icon>
</Style><description><![CDATA[]]></description><visibility>1</visibility></Placemark><Placemark><name>GCA8J7J</name><Point><coordinates>-122.1863,47.1127,100 
</coordinates></Point><Style>
  <Icon>
    <href>http://chart.apis.google.com/chart?chst=d_bubble_icon_text_small&amp;chld=location|bbT|1107|FFFFFF|000000</href>
  </Icon>
</Style><description><![CDATA[]]></description><visibility>1</visibility></Placemark><Placemark><name>GCA0K5K</name><Point><coordinates>-122.1822,47.1128,100 
</coordinates></Point><Style>
  <Icon>
    <href>http://chart.apis.google.com/chart?chst=d_bubble_icon_text_small&amp;chld=location|bbT|1108|FFFFFF|000000</href>
  </Icon>
</Style><description><![CDATA[]]></description><visibility>1</visibility></Placemark><Placemark><name>GCA0JQW</name><Point><coordinates>-122.1838,47.1137,100 
</coordinates></Point><Style>
  <Icon>
    <href>http://chart.apis.google.com/chart?chst=d_bubble_icon_text_small&amp;chld=location|bbT|1109|FFFFFF|000000</href>
  </Icon>
</Style><description><![CDATA[]]></description><visibility>1</visibility></Placemark><Placemark><name>GCA0JR5</name><Point><coordinates>-122.1848,47.1151,100 
</coordinates></Point><Style>
  <Icon>
    <href>http://chart.apis.google.com/chart?chst=d_bubble_icon_text_small&amp;chld=location|bbT|1110|FFFFFF|000000</href>
  </Icon>
</Style><description><![CDATA[]]></description><visibility>1</visibility></Placemark><Placemark><name>GCA0JRC</name><Point><coordinates>-122.1858,47.1164,100 
</coordinates></Point><Style>
  <Icon>
    <href>http://chart.apis.google.com/chart?chst=d_bubble_icon_text_small&amp;chld=location|bbT|1111|FFFFFF|000000</href>
  </Icon>
</Style><description><![CDATA[]]></description><visibility>1</visibility></Placemark><Placemark><name>GCA0K5V</name><Point><coordinates>-122.1861,47.118,100 
</coordinates></Point><Style>
  <Icon>
    <href>http://chart.apis.google.com/chart?chst=d_bubble_icon_text_small&amp;chld=location|bbT|1112|FFFFFF|000000</href>
  </Icon>
</Style><description><![CDATA[]]></description><visibility>1</visibility></Placemark><Placemark><name>GCA0JTH</name><Point><coordinates>-122.1866,47.1198,100 
</coordinates></Point><Style>
  <Icon>
    <href>http://chart.apis.google.com/chart?chst=d_bubble_icon_text_small&amp;chld=location|bbT|1113|FFFFFF|000000</href>
  </Icon>
</Style><description><![CDATA[]]></description><visibility>1</visibility></Placemark><Placemark><name>GC79KJ4</name><Point><coordinates>-122.1841,47.1225,100 
</coordinates></Point><Style>
  <Icon>
    <href>http://chart.apis.google.com/chart?chst=d_bubble_icon_text_small&amp;chld=location|bbT|1114|FFFFFF|000000</href>
  </Icon>
</Style><description><![CDATA[]]></description><visibility>1</visibility></Placemark><Placemark><name>GC6XDQP</name><Point><coordinates>-122.1838,47.1245,100 
</coordinates></Point><Style>
  <Icon>
    <href>http://chart.apis.google.com/chart?chst=d_bubble_icon_text_small&amp;chld=location|bbT|1115|FFFFFF|000000</href>
  </Icon>
</Style><description><![CDATA[]]></description><visibility>1</visibility></Placemark><Placemark><name>GCA2YJ7</name><Point><coordinates>-122.1832,47.105,100 
</coordinates></Point><Style>
  <Icon>
    <href>http://chart.apis.google.com/chart?chst=d_bubble_icon_text_small&amp;chld=location|bbT|1116|FFFFFF|000000</href>
  </Icon>
</Style><description><![CDATA[]]></description><visibility>1</visibility></Placemark><Placemark><name>GCA2YPA</name><Point><coordinates>-122.1834,47.1052,100 
</coordinates></Point><Style>
  <Icon>
    <href>http://chart.apis.google.com/chart?chst=d_bubble_icon_text_small&amp;chld=location|bbT|1117|FFFFFF|000000</href>
  </Icon>
</Style><description><![CDATA[]]></description><visibility>1</visibility></Placemark><Placemark><name>GCA0JQG</name><Point><coordinates>-122.1777,47.1117,100 
</coordinates></Point><Style>
  <Icon>
    <href>http://chart.apis.google.com/chart?chst=d_bubble_icon_text_small&amp;chld=location|bbT|1118|FFFFFF|000000</href>
  </Icon>
</Style><description><![CDATA[]]></description><visibility>1</visibility></Placemark><Placemark><name>GC4K2CT</name><Point><coordinates>-122.2336,47.4711,100 
</coordinates></Point><Style>
  <Icon>
    <href>http://chart.apis.google.com/chart?chst=d_bubble_icon_text_small&amp;chld=location|bbT|1119|FFFFFF|000000</href>
  </Icon>
</Style><description><![CDATA[]]></description><visibility>1</visibility></Placemark><Placemark><name>GC9WG6F</name><Point><coordinates>-122.2017,47.6137,100 
</coordinates></Point><Style>
  <Icon>
    <href>http://chart.apis.google.com/chart?chst=d_bubble_icon_text_small&amp;chld=location|bbT|1120|FFFFFF|000000</href>
  </Icon>
</Style><description><![CDATA[]]></description><visibility>1</visibility></Placemark><Placemark><name>GC2K133</name><Point><coordinates>-122.195,47.6065,100 
</coordinates></Point><Style>
  <Icon>
    <href>http://chart.apis.google.com/chart?chst=d_bubble_icon_text_small&amp;chld=location|bbT|1121|FFFFFF|000000</href>
  </Icon>
</Style><description><![CDATA[]]></description><visibility>1</visibility></Placemark><Placemark><name>GCQKTC</name><Point><coordinates>-122.2026,47.6094,100 
</coordinates></Point><Style>
  <Icon>
    <href>http://chart.apis.google.com/chart?chst=d_bubble_icon_text_small&amp;chld=location|bbT|1122|FFFFFF|000000</href>
  </Icon>
</Style><description><![CDATA[]]></description><visibility>1</visibility></Placemark><Placemark><name>GC9P4T6</name><Point><coordinates>-122.1947,47.6198,100 
</coordinates></Point><Style>
  <Icon>
    <href>http://chart.apis.google.com/chart?chst=d_bubble_icon_text_small&amp;chld=location|bbT|1123|FFFFFF|000000</href>
  </Icon>
</Style><description><![CDATA[]]></description><visibility>1</visibility></Placemark><Placemark><name>GC8C0TC</name><Point><coordinates>-122.1172,47.6612,100 
</coordinates></Point><Style>
  <Icon>
    <href>http://chart.apis.google.com/chart?chst=d_bubble_icon_text_small&amp;chld=location|bbT|1124|FFFFFF|000000</href>
  </Icon>
</Style><description><![CDATA[]]></description><visibility>1</visibility></Placemark><Placemark><name>GCA3R73</name><Point><coordinates>-122.1123,47.6601,100 
</coordinates></Point><Style>
  <Icon>
    <href>http://chart.apis.google.com/chart?chst=d_bubble_icon_text_small&amp;chld=location|bbT|1125|FFFFFF|000000</href>
  </Icon>
</Style><description><![CDATA[]]></description><visibility>1</visibility></Placemark><Placemark><name>GCA41WF</name><Point><coordinates>-122.1088,47.6606,100 
</coordinates></Point><Style>
  <Icon>
    <href>http://chart.apis.google.com/chart?chst=d_bubble_icon_text_small&amp;chld=location|bbT|1126|FFFFFF|000000</href>
  </Icon>
</Style><description><![CDATA[]]></description><visibility>1</visibility></Placemark><Placemark><name>GC7WTHZ</name><Point><coordinates>-122.1236,47.6654,100 
</coordinates></Point><Style>
  <Icon>
    <href>http://chart.apis.google.com/chart?chst=d_bubble_icon_text_small&amp;chld=location|bbT|1127|FFFFFF|000000</href>
  </Icon>
</Style><description><![CDATA[]]></description><visibility>1</visibility></Placemark><Placemark><name>GC9P7WQ</name><Point><coordinates>-122.1221,47.6747,100 
</coordinates></Point><Style>
  <Icon>
    <href>http://chart.apis.google.com/chart?chst=d_bubble_icon_text_small&amp;chld=location|bbT|1128|FFFFFF|000000</href>
  </Icon>
</Style><description><![CDATA[]]></description><visibility>1</visibility></Placemark><Placemark><name>GC20MJ9</name><Point><coordinates>-122.1465,47.6879,100 
</coordinates></Point><Style>
  <Icon>
    <href>http://chart.apis.google.com/chart?chst=d_bubble_icon_text_small&amp;chld=location|bbT|1129|FFFFFF|000000</href>
  </Icon>
</Style><description><![CDATA[]]></description><visibility>1</visibility></Placemark><Placemark><name>GC8C3ZF</name><Point><coordinates>-122.1342,47.6868,100 
</coordinates></Point><Style>
  <Icon>
    <href>http://chart.apis.google.com/chart?chst=d_bubble_icon_text_small&amp;chld=location|bbT|1130|FFFFFF|000000</href>
  </Icon>
</Style><description><![CDATA[]]></description><visibility>1</visibility></Placemark><Placemark><name>GC37HV7</name><Point><coordinates>-122.1255,47.6745,100 
</coordinates></Point><Style>
  <Icon>
    <href>http://chart.apis.google.com/chart?chst=d_bubble_icon_text_small&amp;chld=location|bbT|1131|FFFFFF|000000</href>
  </Icon>
</Style><description><![CDATA[]]></description><visibility>1</visibility></Placemark><Placemark><name>GCAB5A0</name><Point><coordinates>-122.2013,47.6654,100 
</coordinates></Point><Style>
  <Icon>
    <href>http://chart.apis.google.com/chart?chst=d_bubble_icon_text_small&amp;chld=location|bbT|1132|FFFFFF|000000</href>
  </Icon>
</Style><description><![CDATA[]]></description><visibility>1</visibility></Placemark><Placemark><name>GC64G9Y</name><Point><coordinates>-122.1999,47.6875,100 
</coordinates></Point><Style>
  <Icon>
    <href>http://chart.apis.google.com/chart?chst=d_bubble_icon_text_small&amp;chld=location|bbT|1133|FFFFFF|000000</href>
  </Icon>
</Style><description><![CDATA[]]></description><visibility>1</visibility></Placemark><Placemark><name>GCAC18E</name><Point><coordinates>-122.3472,47.6482,100 
</coordinates></Point><Style>
  <Icon>
    <href>http://chart.apis.google.com/chart?chst=d_bubble_icon_text_small&amp;chld=location|bbT|1134|FFFFFF|000000</href>
  </Icon>
</Style><description><![CDATA[]]></description><visibility>1</visibility></Placemark><Placemark><name>GC5YC8A</name><Point><coordinates>-118.0328,47.2904,100 
</coordinates></Point><Style>
  <Icon>
    <href>http://chart.apis.google.com/chart?chst=d_bubble_icon_text_small&amp;chld=location|bbT|1135|FFFFFF|000000</href>
  </Icon>
</Style><description><![CDATA[]]></description><visibility>1</visibility></Placemark><Placemark><name>GC6P9E7</name><Point><coordinates>-118.0358,47.2884,100 
</coordinates></Point><Style>
  <Icon>
    <href>http://chart.apis.google.com/chart?chst=d_bubble_icon_text_small&amp;chld=location|bbT|1136|FFFFFF|000000</href>
  </Icon>
</Style><description><![CDATA[]]></description><visibility>1</visibility></Placemark><Placemark><name>GC9P4Q8</name><Point><coordinates>-115.6965,47.4562,100 
</coordinates></Point><Style>
  <Icon>
    <href>http://chart.apis.google.com/chart?chst=d_bubble_icon_text_small&amp;chld=location|bbT|1137|FFFFFF|000000</href>
  </Icon>
</Style><description><![CDATA[]]></description><visibility>1</visibility></Placemark><Placemark><name>GC4BDFM</name><Point><coordinates>-115.6957,47.4535,100 
</coordinates></Point><Style>
  <Icon>
    <href>http://chart.apis.google.com/chart?chst=d_bubble_icon_text_small&amp;chld=location|bbT|1138|FFFFFF|000000</href>
  </Icon>
</Style><description><![CDATA[]]></description><visibility>1</visibility></Placemark><Placemark><name>GC47XNX</name><Point><coordinates>-113.6385,46.7263,100 
</coordinates></Point><Style>
  <Icon>
    <href>http://chart.apis.google.com/chart?chst=d_bubble_icon_text_small&amp;chld=location|bbT|1139|FFFFFF|000000</href>
  </Icon>
</Style><description><![CDATA[]]></description><visibility>1</visibility></Placemark><Placemark><name>GC4ADX3</name><Point><coordinates>-112.043,46.5853,100 
</coordinates></Point><Style>
  <Icon>
    <href>http://chart.apis.google.com/chart?chst=d_bubble_icon_text_small&amp;chld=location|bbT|1140|FFFFFF|000000</href>
  </Icon>
</Style><description><![CDATA[]]></description><visibility>1</visibility></Placemark><Placemark><name>GC9WEQD</name><Point><coordinates>-112.0404,46.5855,100 
</coordinates></Point><Style>
  <Icon>
    <href>http://chart.apis.google.com/chart?chst=d_bubble_icon_text_small&amp;chld=location|bbT|1141|FFFFFF|000000</href>
  </Icon>
</Style><description><![CDATA[]]></description><visibility>1</visibility></Placemark><Placemark><name>GC6FKMP</name><Point><coordinates>-112.0353,46.5862,100 
</coordinates></Point><Style>
  <Icon>
    <href>http://chart.apis.google.com/chart?chst=d_bubble_icon_text_small&amp;chld=location|bbT|1142|FFFFFF|000000</href>
  </Icon>
</Style><description><![CDATA[]]></description><visibility>1</visibility></Placemark><Placemark><name>GCM7CK</name><Point><coordinates>-112.0179,46.5878,100 
</coordinates></Point><Style>
  <Icon>
    <href>http://chart.apis.google.com/chart?chst=d_bubble_icon_text_small&amp;chld=location|bbT|1143|FFFFFF|000000</href>
  </Icon>
</Style><description><![CDATA[]]></description><visibility>1</visibility></Placemark><Placemark><name>GC9RB9M</name><Point><coordinates>-112.0399,46.5898,100 
</coordinates></Point><Style>
  <Icon>
    <href>http://chart.apis.google.com/chart?chst=d_bubble_icon_text_small&amp;chld=location|bbT|1144|FFFFFF|000000</href>
  </Icon>
</Style><description><![CDATA[]]></description><visibility>1</visibility></Placemark><Placemark><name>GCJZ9C</name><Point><coordinates>-112.0403,46.5862,100 
</coordinates></Point><Style>
  <Icon>
    <href>http://chart.apis.google.com/chart?chst=d_bubble_icon_text_small&amp;chld=location|bbT|1145|FFFFFF|000000</href>
  </Icon>
</Style><description><![CDATA[]]></description><visibility>1</visibility></Placemark><Placemark><name>GCACMZR</name><Point><coordinates>-112.0364,46.5905,100 
</coordinates></Point><Style>
  <Icon>
    <href>http://chart.apis.google.com/chart?chst=d_bubble_icon_text_small&amp;chld=location|bbT|1146|FFFFFF|000000</href>
  </Icon>
</Style><description><![CDATA[]]></description><visibility>1</visibility></Placemark><Placemark><name>GC8W880</name><Point><coordinates>-111.9809,46.5699,100 
</coordinates></Point><Style>
  <Icon>
    <href>http://chart.apis.google.com/chart?chst=d_bubble_icon_text_small&amp;chld=location|bbT|1147|FFFFFF|000000</href>
  </Icon>
</Style><description><![CDATA[]]></description><visibility>1</visibility></Placemark><Placemark><name>GC995EC</name><Point><coordinates>-112.0078,46.584,100 
</coordinates></Point><Style>
  <Icon>
    <href>http://chart.apis.google.com/chart?chst=d_bubble_icon_text_small&amp;chld=location|bbT|1148|FFFFFF|000000</href>
  </Icon>
</Style><description><![CDATA[]]></description><visibility>1</visibility></Placemark><Placemark><name>GC996YH</name><Point><coordinates>-112.0434,46.585,100 
</coordinates></Point><Style>
  <Icon>
    <href>http://chart.apis.google.com/chart?chst=d_bubble_icon_text_small&amp;chld=location|bbT|1149|FFFFFF|000000</href>
  </Icon>
</Style><description><![CDATA[]]></description><visibility>1</visibility></Placemark><Placemark><name>GC9WENB</name><Point><coordinates>-112.0358,46.5974,100 
</coordinates></Point><Style>
  <Icon>
    <href>http://chart.apis.google.com/chart?chst=d_bubble_icon_text_small&amp;chld=location|bbT|1150|FFFFFF|000000</href>
  </Icon>
</Style><description><![CDATA[]]></description><visibility>1</visibility></Placemark><Placemark><name>GC6MNMC</name><Point><coordinates>-111.2716,45.1196,100 
</coordinates></Point><Style>
  <Icon>
    <href>http://chart.apis.google.com/chart?chst=d_bubble_icon_text_small&amp;chld=location|bbT|1151|FFFFFF|000000</href>
  </Icon>
</Style><description><![CDATA[]]></description><visibility>1</visibility></Placemark><Placemark><name>GC3WXK8</name><Point><coordinates>-111.2688,45.1306,100 
</coordinates></Point><Style>
  <Icon>
    <href>http://chart.apis.google.com/chart?chst=d_bubble_icon_text_small&amp;chld=location|bbT|1152|FFFFFF|000000</href>
  </Icon>
</Style><description><![CDATA[]]></description><visibility>1</visibility></Placemark><Placemark><name>GC7VXBQ</name><Point><coordinates>-112.6803,46.5469,100 
</coordinates></Point><Style>
  <Icon>
    <href>http://chart.apis.google.com/chart?chst=d_bubble_icon_text_small&amp;chld=location|bbT|1153|FFFFFF|000000</href>
  </Icon>
</Style><description><![CDATA[]]></description><visibility>1</visibility></Placemark><Placemark><name>GCACN5Y</name><Point><coordinates>-113.1477,46.6611,100 
</coordinates></Point><Style>
  <Icon>
    <href>http://chart.apis.google.com/chart?chst=d_bubble_icon_text_small&amp;chld=location|bbT|1154|FFFFFF|000000</href>
  </Icon>
</Style><description><![CDATA[]]></description><visibility>1</visibility></Placemark><Placemark><name>GC1PAFX</name><Point><coordinates>-116.864,47.7102,100 
</coordinates></Point><Style>
  <Icon>
    <href>http://chart.apis.google.com/chart?chst=d_bubble_icon_text_small&amp;chld=location|bbT|1155|FFFFFF|000000</href>
  </Icon>
</Style><description><![CDATA[]]></description><visibility>1</visibility></Placemark><Placemark><name>GC5JWYJ</name><Point><coordinates>24.9365,60.1696,100 
</coordinates></Point><Style>
  <Icon>
    <href>http://chart.apis.google.com/chart?chst=d_bubble_icon_text_small&amp;chld=location|bbT|1156|FFFFFF|000000</href>
  </Icon>
</Style><description><![CDATA[]]></description><visibility>1</visibility></Placemark><Placemark><name>GC7B6BJ</name><Point><coordinates>24.9529,60.1717,100 
</coordinates></Point><Style>
  <Icon>
    <href>http://chart.apis.google.com/chart?chst=d_bubble_icon_text_small&amp;chld=location|bbT|1157|FFFFFF|000000</href>
  </Icon>
</Style><description><![CDATA[]]></description><visibility>1</visibility></Placemark><Placemark><name>GC5GVDW</name><Point><coordinates>24.9517,60.1724,100 
</coordinates></Point><Style>
  <Icon>
    <href>http://chart.apis.google.com/chart?chst=d_bubble_icon_text_small&amp;chld=location|bbT|1158|FFFFFF|000000</href>
  </Icon>
</Style><description><![CDATA[]]></description><visibility>1</visibility></Placemark><Placemark><name>GC7P976</name><Point><coordinates>24.9373,60.174,100 
</coordinates></Point><Style>
  <Icon>
    <href>http://chart.apis.google.com/chart?chst=d_bubble_icon_text_small&amp;chld=location|bbT|1159|FFFFFF|000000</href>
  </Icon>
</Style><description><![CDATA[]]></description><visibility>1</visibility></Placemark><Placemark><name>GC725ZF</name><Point><coordinates>24.9491,60.1609,100 
</coordinates></Point><Style>
  <Icon>
    <href>http://chart.apis.google.com/chart?chst=d_bubble_icon_text_small&amp;chld=location|bbT|1160|FFFFFF|000000</href>
  </Icon>
</Style><description><![CDATA[]]></description><visibility>1</visibility></Placemark><Placemark><name>GC14WT5</name><Point><coordinates>24.9582,60.1577,100 
</coordinates></Point><Style>
  <Icon>
    <href>http://chart.apis.google.com/chart?chst=d_bubble_icon_text_small&amp;chld=location|bbT|1161|FFFFFF|000000</href>
  </Icon>
</Style><description><![CDATA[]]></description><visibility>1</visibility></Placemark><Placemark><name>GC238FX</name><Point><coordinates>24.9577,60.1681,100 
</coordinates></Point><Style>
  <Icon>
    <href>http://chart.apis.google.com/chart?chst=d_bubble_icon_text_small&amp;chld=location|bbT|1162|FFFFFF|000000</href>
  </Icon>
</Style><description><![CDATA[]]></description><visibility>1</visibility></Placemark><Placemark><name>GC8925F</name><Point><coordinates>24.9604,60.1671,100 
</coordinates></Point><Style>
  <Icon>
    <href>http://chart.apis.google.com/chart?chst=d_bubble_icon_text_small&amp;chld=location|bbT|1163|FFFFFF|000000</href>
  </Icon>
</Style><description><![CDATA[]]></description><visibility>1</visibility></Placemark><Placemark><name>GC7B8MV</name><Point><coordinates>24.9903,60.1399,100 
</coordinates></Point><Style>
  <Icon>
    <href>http://chart.apis.google.com/chart?chst=d_bubble_icon_text_small&amp;chld=location|bbT|1164|FFFFFF|000000</href>
  </Icon>
</Style><description><![CDATA[]]></description><visibility>1</visibility></Placemark><Placemark><name>GC7C0X6</name><Point><coordinates>24.9873,60.1438,100 
</coordinates></Point><Style>
  <Icon>
    <href>http://chart.apis.google.com/chart?chst=d_bubble_icon_text_small&amp;chld=location|bbT|1165|FFFFFF|000000</href>
  </Icon>
</Style><description><![CDATA[]]></description><visibility>1</visibility></Placemark><Placemark><name>GC9MZMA</name><Point><coordinates>24.9744,60.1869,100 
</coordinates></Point><Style>
  <Icon>
    <href>http://chart.apis.google.com/chart?chst=d_bubble_icon_text_small&amp;chld=location|bbT|1166|FFFFFF|000000</href>
  </Icon>
</Style><description><![CDATA[]]></description><visibility>1</visibility></Placemark><Placemark><name>GC9WRDH</name><Point><coordinates>24.9746,60.1865,100 
</coordinates></Point><Style>
  <Icon>
    <href>http://chart.apis.google.com/chart?chst=d_bubble_icon_text_small&amp;chld=location|bbT|1167|FFFFFF|000000</href>
  </Icon>
</Style><description><![CDATA[]]></description><visibility>1</visibility></Placemark><Placemark><name>GCA8T6J</name><Point><coordinates>24.9777,60.1848,100 
</coordinates></Point><Style>
  <Icon>
    <href>http://chart.apis.google.com/chart?chst=d_bubble_icon_text_small&amp;chld=location|bbT|1168|FFFFFF|000000</href>
  </Icon>
</Style><description><![CDATA[]]></description><visibility>1</visibility></Placemark><Placemark><name>GCA8T6Y</name><Point><coordinates>24.99,60.182,100 
</coordinates></Point><Style>
  <Icon>
    <href>http://chart.apis.google.com/chart?chst=d_bubble_icon_text_small&amp;chld=location|bbT|1169|FFFFFF|000000</href>
  </Icon>
</Style><description><![CDATA[]]></description><visibility>1</visibility></Placemark><Placemark><name>GC1ZFBA</name><Point><coordinates>24.9912,60.1815,100 
</coordinates></Point><Style>
  <Icon>
    <href>http://chart.apis.google.com/chart?chst=d_bubble_icon_text_small&amp;chld=location|bbT|1170|FFFFFF|000000</href>
  </Icon>
</Style><description><![CDATA[]]></description><visibility>1</visibility></Placemark><Placemark><name>GCAAJ8P</name><Point><coordinates>24.9942,60.1796,100 
</coordinates></Point><Style>
  <Icon>
    <href>http://chart.apis.google.com/chart?chst=d_bubble_icon_text_small&amp;chld=location|bbT|1171|FFFFFF|000000</href>
  </Icon>
</Style><description><![CDATA[]]></description><visibility>1</visibility></Placemark><Placemark><name>GC9YQHW</name><Point><coordinates>24.9943,60.1792,100 
</coordinates></Point><Style>
  <Icon>
    <href>http://chart.apis.google.com/chart?chst=d_bubble_icon_text_small&amp;chld=location|bbT|1172|FFFFFF|000000</href>
  </Icon>
</Style><description><![CDATA[]]></description><visibility>1</visibility></Placemark><Placemark><name>GC7B72E</name><Point><coordinates>24.8567,60.2707,100 
</coordinates></Point><Style>
  <Icon>
    <href>http://chart.apis.google.com/chart?chst=d_bubble_icon_text_small&amp;chld=location|bbT|1173|FFFFFF|000000</href>
  </Icon>
</Style><description><![CDATA[]]></description><visibility>1</visibility></Placemark><Placemark><name>GC95TMT</name><Point><coordinates>25.1327,60.3649,100 
</coordinates></Point><Style>
  <Icon>
    <href>http://chart.apis.google.com/chart?chst=d_bubble_icon_text_small&amp;chld=location|bbT|1174|FFFFFF|000000</href>
  </Icon>
</Style><description><![CDATA[]]></description><visibility>1</visibility></Placemark><Placemark><name>GC72</name><Point><coordinates>25.1366,60.3682,100 
</coordinates></Point><Style>
  <Icon>
    <href>http://chart.apis.google.com/chart?chst=d_bubble_icon_text_small&amp;chld=location|bbT|1175|FFFFFF|000000</href>
  </Icon>
</Style><description><![CDATA[]]></description><visibility>1</visibility></Placemark><Placemark><name>GCAA0C5</name><Point><coordinates>25.1312,60.3681,100 
</coordinates></Point><Style>
  <Icon>
    <href>http://chart.apis.google.com/chart?chst=d_bubble_icon_text_small&amp;chld=location|bbT|1176|FFFFFF|000000</href>
  </Icon>
</Style><description><![CDATA[]]></description><visibility>1</visibility></Placemark><Placemark><name>GC94HMV</name><Point><coordinates>25.1024,60.3472,100 
</coordinates></Point><Style>
  <Icon>
    <href>http://chart.apis.google.com/chart?chst=d_bubble_icon_text_small&amp;chld=location|bbT|1177|FFFFFF|000000</href>
  </Icon>
</Style><description><![CDATA[]]></description><visibility>1</visibility></Placemark><Placemark><name>GCA4XDF</name><Point><coordinates>25.0247,60.3431,100 
</coordinates></Point><Style>
  <Icon>
    <href>http://chart.apis.google.com/chart?chst=d_bubble_icon_text_small&amp;chld=location|bbT|1178|FFFFFF|000000</href>
  </Icon>
</Style><description><![CDATA[]]></description><visibility>1</visibility></Placemark><Placemark><name>GC39TR8</name><Point><coordinates>24.9767,60.3063,100 
</coordinates></Point><Style>
  <Icon>
    <href>http://chart.apis.google.com/chart?chst=d_bubble_icon_text_small&amp;chld=location|bbT|1179|FFFFFF|000000</href>
  </Icon>
</Style><description><![CDATA[]]></description><visibility>1</visibility></Placemark><Placemark><name>GCK1K3</name><Point><coordinates>24.8136,60.1873,100 
</coordinates></Point><Style>
  <Icon>
    <href>http://chart.apis.google.com/chart?chst=d_bubble_icon_text_small&amp;chld=location|bbT|1180|FFFFFF|000000</href>
  </Icon>
</Style><description><![CDATA[]]></description><visibility>1</visibility></Placemark><Placemark><name>GCP2XH</name><Point><coordinates>24.813,60.1847,100 
</coordinates></Point><Style>
  <Icon>
    <href>http://chart.apis.google.com/chart?chst=d_bubble_icon_text_small&amp;chld=location|bbT|1181|FFFFFF|000000</href>
  </Icon>
</Style><description><![CDATA[]]></description><visibility>1</visibility></Placemark><Placemark><name>GCA7HXH</name><Point><coordinates>24.768,59.4436,100 
</coordinates></Point><Style>
  <Icon>
    <href>http://chart.apis.google.com/chart?chst=d_bubble_icon_text_small&amp;chld=location|bbT|1182|FFFFFF|000000</href>
  </Icon>
</Style><description><![CDATA[]]></description><visibility>1</visibility></Placemark><Placemark><name>GC7B9RX</name><Point><coordinates>24.746,59.4374,100 
</coordinates></Point><Style>
  <Icon>
    <href>http://chart.apis.google.com/chart?chst=d_bubble_icon_text_small&amp;chld=location|bbT|1183|FFFFFF|000000</href>
  </Icon>
</Style><description><![CDATA[]]></description><visibility>1</visibility></Placemark><Placemark><name>GC9P7HX</name><Point><coordinates>24.7537,59.4369,100 
</coordinates></Point><Style>
  <Icon>
    <href>http://chart.apis.google.com/chart?chst=d_bubble_icon_text_small&amp;chld=location|bbT|1184|FFFFFF|000000</href>
  </Icon>
</Style><description><![CDATA[]]></description><visibility>1</visibility></Placemark><Placemark><name>GC8905A</name><Point><coordinates>24.7516,59.434,100 
</coordinates></Point><Style>
  <Icon>
    <href>http://chart.apis.google.com/chart?chst=d_bubble_icon_text_small&amp;chld=location|bbT|1185|FFFFFF|000000</href>
  </Icon>
</Style><description><![CDATA[]]></description><visibility>1</visibility></Placemark><Placemark><name>GC88ZFQ</name><Point><coordinates>24.7465,59.4353,100 
</coordinates></Point><Style>
  <Icon>
    <href>http://chart.apis.google.com/chart?chst=d_bubble_icon_text_small&amp;chld=location|bbT|1186|FFFFFF|000000</href>
  </Icon>
</Style><description><![CDATA[]]></description><visibility>1</visibility></Placemark><Placemark><name>GC4PECG</name><Point><coordinates>-122.3322,47.7884,100 
</coordinates></Point><Style>
  <Icon>
    <href>http://chart.apis.google.com/chart?chst=d_bubble_icon_text_small&amp;chld=location|bbT|1187|FFFFFF|000000</href>
  </Icon>
</Style><description><![CDATA[]]></description><visibility>1</visibility></Placemark><Placemark><name>GC891E1</name><Point><coordinates>24.744,59.4344,100 
</coordinates></Point><Style>
  <Icon>
    <href>http://chart.apis.google.com/chart?chst=d_bubble_icon_text_small&amp;chld=location|bbT|1188|FFFFFF|000000</href>
  </Icon>
</Style><description><![CDATA[]]></description><visibility>1</visibility></Placemark><Placemark><name>GC68169</name><Point><coordinates>24.7389,59.4352,100 
</coordinates></Point><Style>
  <Icon>
    <href>http://chart.apis.google.com/chart?chst=d_bubble_icon_text_small&amp;chld=location|bbT|1189|FFFFFF|000000</href>
  </Icon>
</Style><description><![CDATA[]]></description><visibility>1</visibility></Placemark><Placemark><name>GC9P4WC</name><Point><coordinates>24.7375,59.4349,100 
</coordinates></Point><Style>
  <Icon>
    <href>http://chart.apis.google.com/chart?chst=d_bubble_icon_text_small&amp;chld=location|bbT|1190|FFFFFF|000000</href>
  </Icon>
</Style><description><![CDATA[]]></description><visibility>1</visibility></Placemark><Placemark><name>GC891Y1</name><Point><coordinates>24.7426,59.4382,100 
</coordinates></Point><Style>
  <Icon>
    <href>http://chart.apis.google.com/chart?chst=d_bubble_icon_text_small&amp;chld=location|bbT|1191|FFFFFF|000000</href>
  </Icon>
</Style><description><![CDATA[]]></description><visibility>1</visibility></Placemark><Placemark><name>GC63Q5X</name><Point><coordinates>24.7409,59.4388,100 
</coordinates></Point><Style>
  <Icon>
    <href>http://chart.apis.google.com/chart?chst=d_bubble_icon_text_small&amp;chld=location|bbT|1192|FFFFFF|000000</href>
  </Icon>
</Style><description><![CDATA[]]></description><visibility>1</visibility></Placemark><Placemark><name>GC8TH6C</name><Point><coordinates>24.7425,59.4406,100 
</coordinates></Point><Style>
  <Icon>
    <href>http://chart.apis.google.com/chart?chst=d_bubble_icon_text_small&amp;chld=location|bbT|1193|FFFFFF|000000</href>
  </Icon>
</Style><description><![CDATA[]]></description><visibility>1</visibility></Placemark><Placemark><name>GC96613</name><Point><coordinates>24.7799,59.4384,100 
</coordinates></Point><Style>
  <Icon>
    <href>http://chart.apis.google.com/chart?chst=d_bubble_icon_text_small&amp;chld=location|bbT|1194|FFFFFF|000000</href>
  </Icon>
</Style><description><![CDATA[]]></description><visibility>1</visibility></Placemark><Placemark><name>GC1DAJM</name><Point><coordinates>24.7971,59.4406,100 
</coordinates></Point><Style>
  <Icon>
    <href>http://chart.apis.google.com/chart?chst=d_bubble_icon_text_small&amp;chld=location|bbT|1195|FFFFFF|000000</href>
  </Icon>
</Style><description><![CDATA[]]></description><visibility>1</visibility></Placemark><Placemark><name>GC4K3PJ</name><Point><coordinates>24.7937,59.4438,100 
</coordinates></Point><Style>
  <Icon>
    <href>http://chart.apis.google.com/chart?chst=d_bubble_icon_text_small&amp;chld=location|bbT|1196|FFFFFF|000000</href>
  </Icon>
</Style><description><![CDATA[]]></description><visibility>1</visibility></Placemark><Placemark><name>GC9P7ZG</name><Point><coordinates>24.8106,59.4447,100 
</coordinates></Point><Style>
  <Icon>
    <href>http://chart.apis.google.com/chart?chst=d_bubble_icon_text_small&amp;chld=location|bbT|1197|FFFFFF|000000</href>
  </Icon>
</Style><description><![CDATA[]]></description><visibility>1</visibility></Placemark><Placemark><name>GCJJ0K</name><Point><coordinates>24.8079,59.4424,100 
</coordinates></Point><Style>
  <Icon>
    <href>http://chart.apis.google.com/chart?chst=d_bubble_icon_text_small&amp;chld=location|bbT|1198|FFFFFF|000000</href>
  </Icon>
</Style><description><![CDATA[]]></description><visibility>1</visibility></Placemark><Placemark><name>GC9P7JF</name><Point><coordinates>24.7295,59.4519,100 
</coordinates></Point><Style>
  <Icon>
    <href>http://chart.apis.google.com/chart?chst=d_bubble_icon_text_small&amp;chld=location|bbT|1199|FFFFFF|000000</href>
  </Icon>
</Style><description><![CDATA[]]></description><visibility>1</visibility></Placemark><Placemark><name>GC91C4V</name><Point><coordinates>24.7334,59.4534,100 
</coordinates></Point><Style>
  <Icon>
    <href>http://chart.apis.google.com/chart?chst=d_bubble_icon_text_small&amp;chld=location|bbT|1200|FFFFFF|000000</href>
  </Icon>
</Style><description><![CDATA[]]></description><visibility>1</visibility></Placemark><Placemark><name>GC9VMQ8</name><Point><coordinates>24.728,59.4512,100 
</coordinates></Point><Style>
  <Icon>
    <href>http://chart.apis.google.com/chart?chst=d_bubble_icon_text_small&amp;chld=location|bbT|1201|FFFFFF|000000</href>
  </Icon>
</Style><description><![CDATA[]]></description><visibility>1</visibility></Placemark><Placemark><name>GC9P8QE</name><Point><coordinates>24.7181,59.4525,100 
</coordinates></Point><Style>
  <Icon>
    <href>http://chart.apis.google.com/chart?chst=d_bubble_icon_text_small&amp;chld=location|bbT|1202|FFFFFF|000000</href>
  </Icon>
</Style><description><![CDATA[]]></description><visibility>1</visibility></Placemark><Placemark><name>GC9P87D</name><Point><coordinates>24.7563,59.4332,100 
</coordinates></Point><Style>
  <Icon>
    <href>http://chart.apis.google.com/chart?chst=d_bubble_icon_text_small&amp;chld=location|bbT|1203|FFFFFF|000000</href>
  </Icon>
</Style><description><![CDATA[]]></description><visibility>1</visibility></Placemark><Placemark><name>GC1YN9H</name><Point><coordinates>24.7455,59.4375,100 
</coordinates></Point><Style>
  <Icon>
    <href>http://chart.apis.google.com/chart?chst=d_bubble_icon_text_small&amp;chld=location|bbT|1204|FFFFFF|000000</href>
  </Icon>
</Style><description><![CDATA[]]></description><visibility>1</visibility></Placemark><Placemark><name>GC42DDW</name><Point><coordinates>24.7433,59.434,100 
</coordinates></Point><Style>
  <Icon>
    <href>http://chart.apis.google.com/chart?chst=d_bubble_icon_text_small&amp;chld=location|bbT|1205|FFFFFF|000000</href>
  </Icon>
</Style><description><![CDATA[]]></description><visibility>1</visibility></Placemark><Placemark><name>GC9P73B</name><Point><coordinates>24.762,59.4437,100 
</coordinates></Point><Style>
  <Icon>
    <href>http://chart.apis.google.com/chart?chst=d_bubble_icon_text_small&amp;chld=location|bbT|1206|FFFFFF|000000</href>
  </Icon>
</Style><description><![CDATA[]]></description><visibility>1</visibility></Placemark><Placemark><name>GC6BM44</name><Point><coordinates>24.7619,59.4452,100 
</coordinates></Point><Style>
  <Icon>
    <href>http://chart.apis.google.com/chart?chst=d_bubble_icon_text_small&amp;chld=location|bbT|1207|FFFFFF|000000</href>
  </Icon>
</Style><description><![CDATA[]]></description><visibility>1</visibility></Placemark><Placemark><name>GCB1F4</name><Point><coordinates>17.8918,59.3255,100 
</coordinates></Point><Style>
  <Icon>
    <href>http://chart.apis.google.com/chart?chst=d_bubble_icon_text_small&amp;chld=location|bbT|1208|FFFFFF|000000</href>
  </Icon>
</Style><description><![CDATA[]]></description><visibility>1</visibility></Placemark><Placemark><name>GC8PN4F</name><Point><coordinates>17.9045,59.3231,100 
</coordinates></Point><Style>
  <Icon>
    <href>http://chart.apis.google.com/chart?chst=d_bubble_icon_text_small&amp;chld=location|bbT|1209|FFFFFF|000000</href>
  </Icon>
</Style><description><![CDATA[]]></description><visibility>1</visibility></Placemark><Placemark><name>GC8PKYK</name><Point><coordinates>17.9069,59.3191,100 
</coordinates></Point><Style>
  <Icon>
    <href>http://chart.apis.google.com/chart?chst=d_bubble_icon_text_small&amp;chld=location|bbT|1210|FFFFFF|000000</href>
  </Icon>
</Style><description><![CDATA[]]></description><visibility>1</visibility></Placemark><Placemark><name>GCD1E</name><Point><coordinates>17.9095,59.3209,100 
</coordinates></Point><Style>
  <Icon>
    <href>http://chart.apis.google.com/chart?chst=d_bubble_icon_text_small&amp;chld=location|bbT|1211|FFFFFF|000000</href>
  </Icon>
</Style><description><![CDATA[]]></description><visibility>1</visibility></Placemark><Placemark><name>GC50QYB</name><Point><coordinates>18.0616,59.3365,100 
</coordinates></Point><Style>
  <Icon>
    <href>http://chart.apis.google.com/chart?chst=d_bubble_icon_text_small&amp;chld=location|bbT|1212|FFFFFF|000000</href>
  </Icon>
</Style><description><![CDATA[]]></description><visibility>1</visibility></Placemark><Placemark><name>GC2GMWZ</name><Point><coordinates>18.0567,59.3388,100 
</coordinates></Point><Style>
  <Icon>
    <href>http://chart.apis.google.com/chart?chst=d_bubble_icon_text_small&amp;chld=location|bbT|1213|FFFFFF|000000</href>
  </Icon>
</Style><description><![CDATA[]]></description><visibility>1</visibility></Placemark><Placemark><name>GC7BPWV</name><Point><coordinates>18.0505,59.3385,100 
</coordinates></Point><Style>
  <Icon>
    <href>http://chart.apis.google.com/chart?chst=d_bubble_icon_text_small&amp;chld=location|bbT|1214|FFFFFF|000000</href>
  </Icon>
</Style><description><![CDATA[]]></description><visibility>1</visibility></Placemark><Placemark><name>GC7BA79</name><Point><coordinates>18.059,59.3404,100 
</coordinates></Point><Style>
  <Icon>
    <href>http://chart.apis.google.com/chart?chst=d_bubble_icon_text_small&amp;chld=location|bbT|1215|FFFFFF|000000</href>
  </Icon>
</Style><description><![CDATA[]]></description><visibility>1</visibility></Placemark><Placemark><name>GC7B8Q3</name><Point><coordinates>18.0958,59.3247,100 
</coordinates></Point><Style>
  <Icon>
    <href>http://chart.apis.google.com/chart?chst=d_bubble_icon_text_small&amp;chld=location|bbT|1216|FFFFFF|000000</href>
  </Icon>
</Style><description><![CDATA[]]></description><visibility>1</visibility></Placemark><Placemark><name>GC88ZK3</name><Point><coordinates>18.0733,59.3331,100 
</coordinates></Point><Style>
  <Icon>
    <href>http://chart.apis.google.com/chart?chst=d_bubble_icon_text_small&amp;chld=location|bbT|1217|FFFFFF|000000</href>
  </Icon>
</Style><description><![CDATA[]]></description><visibility>1</visibility></Placemark><Placemark><name>GC88ZDZ</name><Point><coordinates>18.0704,59.3264,100 
</coordinates></Point><Style>
  <Icon>
    <href>http://chart.apis.google.com/chart?chst=d_bubble_icon_text_small&amp;chld=location|bbT|1218|FFFFFF|000000</href>
  </Icon>
</Style><description><![CDATA[]]></description><visibility>1</visibility></Placemark><Placemark><name>GC891WF</name><Point><coordinates>18.0692,59.327,100 
</coordinates></Point><Style>
  <Icon>
    <href>http://chart.apis.google.com/chart?chst=d_bubble_icon_text_small&amp;chld=location|bbT|1219|FFFFFF|000000</href>
  </Icon>
</Style><description><![CDATA[]]></description><visibility>1</visibility></Placemark><Placemark><name>GC7B86A</name><Point><coordinates>18.0735,59.3251,100 
</coordinates></Point><Style>
  <Icon>
    <href>http://chart.apis.google.com/chart?chst=d_bubble_icon_text_small&amp;chld=location|bbT|1220|FFFFFF|000000</href>
  </Icon>
</Style><description><![CDATA[]]></description><visibility>1</visibility></Placemark><Placemark><name>GC12WJT</name><Point><coordinates>18.0699,59.3246,100 
</coordinates></Point><Style>
  <Icon>
    <href>http://chart.apis.google.com/chart?chst=d_bubble_icon_text_small&amp;chld=location|bbT|1221|FFFFFF|000000</href>
  </Icon>
</Style><description><![CDATA[]]></description><visibility>1</visibility></Placemark><Placemark><name>GCAC7YC</name><Point><coordinates>18.0735,59.3261,100 
</coordinates></Point><Style>
  <Icon>
    <href>http://chart.apis.google.com/chart?chst=d_bubble_icon_text_small&amp;chld=location|bbT|1222|FFFFFF|000000</href>
  </Icon>
</Style><description><![CDATA[]]></description><visibility>1</visibility></Placemark><Placemark><name>GC3EGG5</name><Point><coordinates>18.0727,59.3234,100 
</coordinates></Point><Style>
  <Icon>
    <href>http://chart.apis.google.com/chart?chst=d_bubble_icon_text_small&amp;chld=location|bbT|1223|FFFFFF|000000</href>
  </Icon>
</Style><description><![CDATA[]]></description><visibility>1</visibility></Placemark><Placemark><name>GC1VPVN</name><Point><coordinates>18.0382,59.3396,100 
</coordinates></Point><Style>
  <Icon>
    <href>http://chart.apis.google.com/chart?chst=d_bubble_icon_text_small&amp;chld=location|bbT|1224|FFFFFF|000000</href>
  </Icon>
</Style><description><![CDATA[]]></description><visibility>1</visibility></Placemark><Placemark><name>GC6Z267</name><Point><coordinates>18.0435,59.342,100 
</coordinates></Point><Style>
  <Icon>
    <href>http://chart.apis.google.com/chart?chst=d_bubble_icon_text_small&amp;chld=location|bbT|1225|FFFFFF|000000</href>
  </Icon>
</Style><description><![CDATA[]]></description><visibility>1</visibility></Placemark><Placemark><name>GC890A6</name><Point><coordinates>18.097,59.3253,100 
</coordinates></Point><Style>
  <Icon>
    <href>http://chart.apis.google.com/chart?chst=d_bubble_icon_text_small&amp;chld=location|bbT|1226|FFFFFF|000000</href>
  </Icon>
</Style><description><![CDATA[]]></description><visibility>1</visibility></Placemark><Placemark><name>GC5PJCC</name><Point><coordinates>18.0944,59.3317,100 
</coordinates></Point><Style>
  <Icon>
    <href>http://chart.apis.google.com/chart?chst=d_bubble_icon_text_small&amp;chld=location|bbT|1227|FFFFFF|000000</href>
  </Icon>
</Style><description><![CDATA[]]></description><visibility>1</visibility></Placemark><Placemark><name>GC1YZRC</name><Point><coordinates>18.0856,59.3318,100 
</coordinates></Point><Style>
  <Icon>
    <href>http://chart.apis.google.com/chart?chst=d_bubble_icon_text_small&amp;chld=location|bbT|1228|FFFFFF|000000</href>
  </Icon>
</Style><description><![CDATA[]]></description><visibility>1</visibility></Placemark><Placemark><name>GC2Y79M</name><Point><coordinates>18.0833,59.3419,100 
</coordinates></Point><Style>
  <Icon>
    <href>http://chart.apis.google.com/chart?chst=d_bubble_icon_text_small&amp;chld=location|bbT|1229|FFFFFF|000000</href>
  </Icon>
</Style><description><![CDATA[]]></description><visibility>1</visibility></Placemark><Placemark><name>GC6ZN6V</name><Point><coordinates>18.082,59.3438,100 
</coordinates></Point><Style>
  <Icon>
    <href>http://chart.apis.google.com/chart?chst=d_bubble_icon_text_small&amp;chld=location|bbT|1230|FFFFFF|000000</href>
  </Icon>
</Style><description><![CDATA[]]></description><visibility>1</visibility></Placemark><Placemark><name>GC7B78D</name><Point><coordinates>18.0733,59.3228,100 
</coordinates></Point><Style>
  <Icon>
    <href>http://chart.apis.google.com/chart?chst=d_bubble_icon_text_small&amp;chld=location|bbT|1231|FFFFFF|000000</href>
  </Icon>
</Style><description><![CDATA[]]></description><visibility>1</visibility></Placemark><Placemark><name>GC1DBG3</name><Point><coordinates>18.0561,59.3275,100 
</coordinates></Point><Style>
  <Icon>
    <href>http://chart.apis.google.com/chart?chst=d_bubble_icon_text_small&amp;chld=location|bbT|1232|FFFFFF|000000</href>
  </Icon>
</Style><description><![CDATA[]]></description><visibility>1</visibility></Placemark><Placemark><name>GC88ZD5</name><Point><coordinates>18.0563,59.328,100 
</coordinates></Point><Style>
  <Icon>
    <href>http://chart.apis.google.com/chart?chst=d_bubble_icon_text_small&amp;chld=location|bbT|1233|FFFFFF|000000</href>
  </Icon>
</Style><description><![CDATA[]]></description><visibility>1</visibility></Placemark><Placemark><name>GC487FN</name><Point><coordinates>17.9057,59.2927,100 
</coordinates></Point><Style>
  <Icon>
    <href>http://chart.apis.google.com/chart?chst=d_bubble_icon_text_small&amp;chld=location|bbT|1234|FFFFFF|000000</href>
  </Icon>
</Style><description><![CDATA[]]></description><visibility>1</visibility></Placemark><Placemark><name>GC4D</name><Point><coordinates>17.9018,59.293,100 
</coordinates></Point><Style>
  <Icon>
    <href>http://chart.apis.google.com/chart?chst=d_bubble_icon_text_small&amp;chld=location|bbT|1235|FFFFFF|000000</href>
  </Icon>
</Style><description><![CDATA[]]></description><visibility>1</visibility></Placemark><Placemark><name>GCH25D</name><Point><coordinates>18.0936,59.2731,100 
</coordinates></Point><Style>
  <Icon>
    <href>http://chart.apis.google.com/chart?chst=d_bubble_icon_text_small&amp;chld=location|bbT|1236|FFFFFF|000000</href>
  </Icon>
</Style><description><![CDATA[]]></description><visibility>1</visibility></Placemark><Placemark><name>GCK25B</name><Point><coordinates>-122.3481,47.6491,100 
</coordinates></Point><Style>
  <Icon>
    <href>http://chart.apis.google.com/chart?chst=d_bubble_icon_text_small&amp;chld=location|bbT|1237|FFFFFF|000000</href>
  </Icon>
</Style><description><![CDATA[]]></description><visibility>1</visibility></Placemark><Placemark><name>GC1GMZN</name><Point><coordinates>-121.3574,47.3642,100 
</coordinates></Point><Style>
  <Icon>
    <href>http://chart.apis.google.com/chart?chst=d_bubble_icon_text_small&amp;chld=location|bbT|1238|FFFFFF|000000</href>
  </Icon>
</Style><description><![CDATA[]]></description><visibility>1</visibility></Placemark><Placemark><name>GC5E9EW</name><Point><coordinates>-121.3452,47.3685,100 
</coordinates></Point><Style>
  <Icon>
    <href>http://chart.apis.google.com/chart?chst=d_bubble_icon_text_small&amp;chld=location|bbT|1239|FFFFFF|000000</href>
  </Icon>
</Style><description><![CDATA[]]></description><visibility>1</visibility></Placemark><Placemark><name>GC2F9DV</name><Point><coordinates>-121.3457,47.3704,100 
</coordinates></Point><Style>
  <Icon>
    <href>http://chart.apis.google.com/chart?chst=d_bubble_icon_text_small&amp;chld=location|bbT|1240|FFFFFF|000000</href>
  </Icon>
</Style><description><![CDATA[]]></description><visibility>1</visibility></Placemark><Placemark><name>GC1W7KE</name><Point><coordinates>-121.3421,47.3715,100 
</coordinates></Point><Style>
  <Icon>
    <href>http://chart.apis.google.com/chart?chst=d_bubble_icon_text_small&amp;chld=location|bbT|1241|FFFFFF|000000</href>
  </Icon>
</Style><description><![CDATA[]]></description><visibility>1</visibility></Placemark><Placemark><name>GCD</name><Point><coordinates>-121.3381,47.3742,100 
</coordinates></Point><Style>
  <Icon>
    <href>http://chart.apis.google.com/chart?chst=d_bubble_icon_text_small&amp;chld=location|bbT|1242|FFFFFF|000000</href>
  </Icon>
</Style><description><![CDATA[]]></description><visibility>1</visibility></Placemark><Placemark><name>GC4KY24</name><Point><coordinates>-121.3392,47.3769,100 
</coordinates></Point><Style>
  <Icon>
    <href>http://chart.apis.google.com/chart?chst=d_bubble_icon_text_small&amp;chld=location|bbT|1243|FFFFFF|000000</href>
  </Icon>
</Style><description><![CDATA[]]></description><visibility>1</visibility></Placemark><Placemark><name>GC1GF1N</name><Point><coordinates>-121.3386,47.3837,100 
</coordinates></Point><Style>
  <Icon>
    <href>http://chart.apis.google.com/chart?chst=d_bubble_icon_text_small&amp;chld=location|bbT|1244|FFFFFF|000000</href>
  </Icon>
</Style><description><![CDATA[]]></description><visibility>1</visibility></Placemark><Placemark><name>GC4JTRF</name><Point><coordinates>-121.379,47.3697,100 
</coordinates></Point><Style>
  <Icon>
    <href>http://chart.apis.google.com/chart?chst=d_bubble_icon_text_small&amp;chld=location|bbT|1245|FFFFFF|000000</href>
  </Icon>
</Style><description><![CDATA[]]></description><visibility>1</visibility></Placemark><Placemark><name>GC4JTR6</name><Point><coordinates>-121.3809,47.3679,100 
</coordinates></Point><Style>
  <Icon>
    <href>http://chart.apis.google.com/chart?chst=d_bubble_icon_text_small&amp;chld=location|bbT|1246|FFFFFF|000000</href>
  </Icon>
</Style><description><![CDATA[]]></description><visibility>1</visibility></Placemark><Placemark><name>GC4JTR1</name><Point><coordinates>-121.3806,47.3661,100 
</coordinates></Point><Style>
  <Icon>
    <href>http://chart.apis.google.com/chart?chst=d_bubble_icon_text_small&amp;chld=location|bbT|1247|FFFFFF|000000</href>
  </Icon>
</Style><description><![CDATA[]]></description><visibility>1</visibility></Placemark><Placemark><name>GC4JTQX</name><Point><coordinates>-121.3813,47.3644,100 
</coordinates></Point><Style>
  <Icon>
    <href>http://chart.apis.google.com/chart?chst=d_bubble_icon_text_small&amp;chld=location|bbT|1248|FFFFFF|000000</href>
  </Icon>
</Style><description><![CDATA[]]></description><visibility>1</visibility></Placemark><Placemark><name>GC4JTQR</name><Point><coordinates>-121.383,47.3638,100 
</coordinates></Point><Style>
  <Icon>
    <href>http://chart.apis.google.com/chart?chst=d_bubble_icon_text_small&amp;chld=location|bbT|1249|FFFFFF|000000</href>
  </Icon>
</Style><description><![CDATA[]]></description><visibility>1</visibility></Placemark><Placemark><name>GC4JTQC</name><Point><coordinates>-121.3849,47.3653,100 
</coordinates></Point><Style>
  <Icon>
    <href>http://chart.apis.google.com/chart?chst=d_bubble_icon_text_small&amp;chld=location|bbT|1250|FFFFFF|000000</href>
  </Icon>
</Style><description><![CDATA[]]></description><visibility>1</visibility></Placemark><Placemark><name>GC4JQ2F</name><Point><coordinates>-121.3851,47.3684,100 
</coordinates></Point><Style>
  <Icon>
    <href>http://chart.apis.google.com/chart?chst=d_bubble_icon_text_small&amp;chld=location|bbT|1251|FFFFFF|000000</href>
  </Icon>
</Style><description><![CDATA[]]></description><visibility>1</visibility></Placemark><Placemark><name>GC4JQ1B</name><Point><coordinates>-121.3802,47.3702,100 
</coordinates></Point><Style>
  <Icon>
    <href>http://chart.apis.google.com/chart?chst=d_bubble_icon_text_small&amp;chld=location|bbT|1252|FFFFFF|000000</href>
  </Icon>
</Style><description><![CDATA[]]></description><visibility>1</visibility></Placemark><Placemark><name>GC593H3</name><Point><coordinates>-121.395,47.3982,100 
</coordinates></Point><Style>
  <Icon>
    <href>http://chart.apis.google.com/chart?chst=d_bubble_icon_text_small&amp;chld=location|bbT|1253|FFFFFF|000000</href>
  </Icon>
</Style><description><![CDATA[]]></description><visibility>1</visibility></Placemark><Placemark><name>GC9Y58J</name><Point><coordinates>-122.3061,47.6348,100 
</coordinates></Point><Style>
  <Icon>
    <href>http://chart.apis.google.com/chart?chst=d_bubble_icon_text_small&amp;chld=location|bbT|1254|FFFFFF|000000</href>
  </Icon>
</Style><description><![CDATA[]]></description><visibility>1</visibility></Placemark><Placemark><name>GC3TE03</name><Point><coordinates>-121.4404,48.0208,100 
</coordinates></Point><Style>
  <Icon>
    <href>http://chart.apis.google.com/chart?chst=d_bubble_icon_text_small&amp;chld=location|bbT|1255|FFFFFF|000000</href>
  </Icon>
</Style><description><![CDATA[]]></description><visibility>1</visibility></Placemark><Placemark><name>GC3XRHE</name><Point><coordinates>-121.4424,48.0107,100 
</coordinates></Point><Style>
  <Icon>
    <href>http://chart.apis.google.com/chart?chst=d_bubble_icon_text_small&amp;chld=location|bbT|1256|FFFFFF|000000</href>
  </Icon>
</Style><description><![CDATA[]]></description><visibility>1</visibility></Placemark><Placemark><name>GC1FBB7</name><Point><coordinates>-121.4363,48.0072,100 
</coordinates></Point><Style>
  <Icon>
    <href>http://chart.apis.google.com/chart?chst=d_bubble_icon_text_small&amp;chld=location|bbT|1257|FFFFFF|000000</href>
  </Icon>
</Style><description><![CDATA[]]></description><visibility>1</visibility></Placemark><Placemark><name>GC1FBC5</name><Point><coordinates>-121.435,48.0027,100 
</coordinates></Point><Style>
  <Icon>
    <href>http://chart.apis.google.com/chart?chst=d_bubble_icon_text_small&amp;chld=location|bbT|1258|FFFFFF|000000</href>
  </Icon>
</Style><description><![CDATA[]]></description><visibility>1</visibility></Placemark><Placemark><name>GC1FBET</name><Point><coordinates>-121.4164,47.9996,100 
</coordinates></Point><Style>
  <Icon>
    <href>http://chart.apis.google.com/chart?chst=d_bubble_icon_text_small&amp;chld=location|bbT|1259|FFFFFF|000000</href>
  </Icon>
</Style><description><![CDATA[]]></description><visibility>1</visibility></Placemark><Placemark><name>GC293KV</name><Point><coordinates>-121.3905,47.9871,100 
</coordinates></Point><Style>
  <Icon>
    <href>http://chart.apis.google.com/chart?chst=d_bubble_icon_text_small&amp;chld=location|bbT|1260|FFFFFF|000000</href>
  </Icon>
</Style><description><![CDATA[]]></description><visibility>1</visibility></Placemark><Placemark><name>GCBC</name><Point><coordinates>-121.3914,47.986,100 
</coordinates></Point><Style>
  <Icon>
    <href>http://chart.apis.google.com/chart?chst=d_bubble_icon_text_small&amp;chld=location|bbT|1261|FFFFFF|000000</href>
  </Icon>
</Style><description><![CDATA[]]></description><visibility>1</visibility></Placemark><Placemark><name>GCA9CRN</name><Point><coordinates>-122.3529,47.6522,100 
</coordinates></Point><Style>
  <Icon>
    <href>http://chart.apis.google.com/chart?chst=d_bubble_icon_text_small&amp;chld=location|bbT|1262|FFFFFF|000000</href>
  </Icon>
</Style><description><![CDATA[]]></description><visibility>1</visibility></Placemark><Placemark><name>GCADMG7</name><Point><coordinates>-122.3472,47.6515,100 
</coordinates></Point><Style>
  <Icon>
    <href>http://chart.apis.google.com/chart?chst=d_bubble_icon_text_small&amp;chld=location|bbT|1263|FFFFFF|000000</href>
  </Icon>
</Style><description><![CDATA[]]></description><visibility>1</visibility></Placemark><Placemark><name>GCAEC7Z</name><Point><coordinates>-122.3488,47.6493,100 
</coordinates></Point><Style>
  <Icon>
    <href>http://chart.apis.google.com/chart?chst=d_bubble_icon_text_small&amp;chld=location|bbT|1264|FFFFFF|000000</href>
  </Icon>
</Style><description><![CDATA[]]></description><visibility>1</visibility></Placemark><Placemark><name>GC9GEE2</name><Point><coordinates>-122.3388,47.661,100 
</coordinates></Point><Style>
  <Icon>
    <href>http://chart.apis.google.com/chart?chst=d_bubble_icon_text_small&amp;chld=location|bbT|1265|FFFFFF|000000</href>
  </Icon>
</Style><description><![CDATA[]]></description><visibility>1</visibility></Placemark><Placemark><name>GC9ZK2A</name><Point><coordinates>-122.3512,47.6493,100 
</coordinates></Point><Style>
  <Icon>
    <href>http://chart.apis.google.com/chart?chst=d_bubble_icon_text_small&amp;chld=location|bbT|1266|FFFFFF|000000</href>
  </Icon>
</Style><description><![CDATA[]]></description><visibility>1</visibility></Placemark><Placemark><name>GC916FM</name><Point><coordinates>-122.4396,48.5635,100 
</coordinates></Point><Style>
  <Icon>
    <href>http://chart.apis.google.com/chart?chst=d_bubble_icon_text_small&amp;chld=location|bbT|1267|FFFFFF|000000</href>
  </Icon>
</Style><description><![CDATA[]]></description><visibility>1</visibility></Placemark><Placemark><name>GC8ZBPG</name><Point><coordinates>-122.4944,48.7198,100 
</coordinates></Point><Style>
  <Icon>
    <href>http://chart.apis.google.com/chart?chst=d_bubble_icon_text_small&amp;chld=location|bbT|1268|FFFFFF|000000</href>
  </Icon>
</Style><description><![CDATA[]]></description><visibility>1</visibility></Placemark><Placemark><name>GC8G8TW</name><Point><coordinates>-122.4976,48.7201,100 
</coordinates></Point><Style>
  <Icon>
    <href>http://chart.apis.google.com/chart?chst=d_bubble_icon_text_small&amp;chld=location|bbT|1269|FFFFFF|000000</href>
  </Icon>
</Style><description><![CDATA[]]></description><visibility>1</visibility></Placemark><Placemark><name>GC813TB</name><Point><coordinates>-122.504,48.7284,100 
</coordinates></Point><Style>
  <Icon>
    <href>http://chart.apis.google.com/chart?chst=d_bubble_icon_text_small&amp;chld=location|bbT|1270|FFFFFF|000000</href>
  </Icon>
</Style><description><![CDATA[]]></description><visibility>1</visibility></Placemark><Placemark><name>GCKV0H</name><Point><coordinates>-122.3535,47.6437,100 
</coordinates></Point><Style>
  <Icon>
    <href>http://chart.apis.google.com/chart?chst=d_bubble_icon_text_small&amp;chld=location|bbT|1271|FFFFFF|000000</href>
  </Icon>
</Style><description><![CDATA[]]></description><visibility>1</visibility></Placemark><Placemark><name>GC22QR0</name><Point><coordinates>-122.3548,47.6444,100 
</coordinates></Point><Style>
  <Icon>
    <href>http://chart.apis.google.com/chart?chst=d_bubble_icon_text_small&amp;chld=location|bbT|1272|FFFFFF|000000</href>
  </Icon>
</Style><description><![CDATA[]]></description><visibility>1</visibility></Placemark><Placemark><name>GCMGWH</name><Point><coordinates>-122.3483,47.6401,100 
</coordinates></Point><Style>
  <Icon>
    <href>http://chart.apis.google.com/chart?chst=d_bubble_icon_text_small&amp;chld=location|bbT|1273|FFFFFF|000000</href>
  </Icon>
</Style><description><![CDATA[]]></description><visibility>1</visibility></Placemark><Placemark><name>GC8NBHE</name><Point><coordinates>-122.3515,47.6315,100 
</coordinates></Point><Style>
  <Icon>
    <href>http://chart.apis.google.com/chart?chst=d_bubble_icon_text_small&amp;chld=location|bbT|1274|FFFFFF|000000</href>
  </Icon>
</Style><description><![CDATA[]]></description><visibility>1</visibility></Placemark><Placemark><name>GC5XRF8</name><Point><coordinates>-121.6561,47.4357,100 
</coordinates></Point><Style>
  <Icon>
    <href>http://chart.apis.google.com/chart?chst=d_bubble_icon_text_small&amp;chld=location|bbT|1275|FFFFFF|000000</href>
  </Icon>
</Style><description><![CDATA[]]></description><visibility>1</visibility></Placemark><Placemark><name>GC5T00V</name><Point><coordinates>-121.6593,47.4367,100 
</coordinates></Point><Style>
  <Icon>
    <href>http://chart.apis.google.com/chart?chst=d_bubble_icon_text_small&amp;chld=location|bbT|1276|FFFFFF|000000</href>
  </Icon>
</Style><description><![CDATA[]]></description><visibility>1</visibility></Placemark><Placemark><name>GC1EM9D</name><Point><coordinates>-121.6633,47.4344,100 
</coordinates></Point><Style>
  <Icon>
    <href>http://chart.apis.google.com/chart?chst=d_bubble_icon_text_small&amp;chld=location|bbT|1277|FFFFFF|000000</href>
  </Icon>
</Style><description><![CDATA[]]></description><visibility>1</visibility></Placemark><Placemark><name>GC11Q23</name><Point><coordinates>-121.6643,47.43,100 
</coordinates></Point><Style>
  <Icon>
    <href>http://chart.apis.google.com/chart?chst=d_bubble_icon_text_small&amp;chld=location|bbT|1278|FFFFFF|000000</href>
  </Icon>
</Style><description><![CDATA[]]></description><visibility>1</visibility></Placemark><Placemark><name>GC1EBBQ</name><Point><coordinates>-121.6773,47.4183,100 
</coordinates></Point><Style>
  <Icon>
    <href>http://chart.apis.google.com/chart?chst=d_bubble_icon_text_small&amp;chld=location|bbT|1279|FFFFFF|000000</href>
  </Icon>
</Style><description><![CDATA[]]></description><visibility>1</visibility></Placemark><Placemark><name>GC9071</name><Point><coordinates>-116.2088,43.6104,100 
</coordinates></Point><Style>
  <Icon>
    <href>http://chart.apis.google.com/chart?chst=d_bubble_icon_text_small&amp;chld=location|bbT|1280|FFFFFF|000000</href>
  </Icon>
</Style><description><![CDATA[]]></description><visibility>1</visibility></Placemark><Placemark><name>GC7B9G5</name><Point><coordinates>-116.1997,43.6178,100 
</coordinates></Point><Style>
  <Icon>
    <href>http://chart.apis.google.com/chart?chst=d_bubble_icon_text_small&amp;chld=location|bbT|1281|FFFFFF|000000</href>
  </Icon>
</Style><description><![CDATA[]]></description><visibility>1</visibility></Placemark><Placemark><name>GCQTR7</name><Point><coordinates>-116.1899,43.6402,100 
</coordinates></Point><Style>
  <Icon>
    <href>http://chart.apis.google.com/chart?chst=d_bubble_icon_text_small&amp;chld=location|bbT|1282|FFFFFF|000000</href>
  </Icon>
</Style><description><![CDATA[]]></description><visibility>1</visibility></Placemark><Placemark><name>GC9C4ZK</name><Point><coordinates>-116.2096,43.6331,100 
</coordinates></Point><Style>
  <Icon>
    <href>http://chart.apis.google.com/chart?chst=d_bubble_icon_text_small&amp;chld=location|bbT|1283|FFFFFF|000000</href>
  </Icon>
</Style><description><![CDATA[]]></description><visibility>1</visibility></Placemark><Placemark><name>GC7T4RB</name><Point><coordinates>-116.2132,43.637,100 
</coordinates></Point><Style>
  <Icon>
    <href>http://chart.apis.google.com/chart?chst=d_bubble_icon_text_small&amp;chld=location|bbT|1284|FFFFFF|000000</href>
  </Icon>
</Style><description><![CDATA[]]></description><visibility>1</visibility></Placemark><Placemark><name>GCA8A9</name><Point><coordinates>-116.2153,43.6264,100 
</coordinates></Point><Style>
  <Icon>
    <href>http://chart.apis.google.com/chart?chst=d_bubble_icon_text_small&amp;chld=location|bbT|1285|FFFFFF|000000</href>
  </Icon>
</Style><description><![CDATA[]]></description><visibility>1</visibility></Placemark><Placemark><name>GC88Y51</name><Point><coordinates>-119.2664,46.3295,100 
</coordinates></Point><Style>
  <Icon>
    <href>http://chart.apis.google.com/chart?chst=d_bubble_icon_text_small&amp;chld=location|bbT|1286|FFFFFF|000000</href>
  </Icon>
</Style><description><![CDATA[]]></description><visibility>1</visibility></Placemark><Placemark><name>GCA7WKH</name><Point><coordinates>-122.3725,47.6382,100 
</coordinates></Point><Style>
  <Icon>
    <href>http://chart.apis.google.com/chart?chst=d_bubble_icon_text_small&amp;chld=location|bbT|1287|FFFFFF|000000</href>
  </Icon>
</Style><description><![CDATA[]]></description><visibility>1</visibility></Placemark><Placemark><name>GCAC8XB</name><Point><coordinates>-122.2798,47.6555,100 
</coordinates></Point><Style>
  <Icon>
    <href>http://chart.apis.google.com/chart?chst=d_bubble_icon_text_small&amp;chld=location|bbT|1288|FFFFFF|000000</href>
  </Icon>
</Style><description><![CDATA[]]></description><visibility>1</visibility></Placemark><Placemark><name>GC9XMHD</name><Point><coordinates>-122.2725,47.6611,100 
</coordinates></Point><Style>
  <Icon>
    <href>http://chart.apis.google.com/chart?chst=d_bubble_icon_text_small&amp;chld=location|bbT|1289|FFFFFF|000000</href>
  </Icon>
</Style><description><![CDATA[]]></description><visibility>1</visibility></Placemark><Placemark><name>GC34RDX</name><Point><coordinates>-121.987,47.5265,100 
</coordinates></Point><Style>
  <Icon>
    <href>http://chart.apis.google.com/chart?chst=d_bubble_icon_text_small&amp;chld=location|bbT|1290|FFFFFF|000000</href>
  </Icon>
</Style><description><![CDATA[]]></description><visibility>1</visibility></Placemark><Placemark><name>GC466BF</name><Point><coordinates>-121.989,47.5187,100 
</coordinates></Point><Style>
  <Icon>
    <href>http://chart.apis.google.com/chart?chst=d_bubble_icon_text_small&amp;chld=location|bbT|1291|FFFFFF|000000</href>
  </Icon>
</Style><description><![CDATA[]]></description><visibility>1</visibility></Placemark><Placemark><name>GC2W1XQ</name><Point><coordinates>-121.9882,47.5141,100 
</coordinates></Point><Style>
  <Icon>
    <href>http://chart.apis.google.com/chart?chst=d_bubble_icon_text_small&amp;chld=location|bbT|1292|FFFFFF|000000</href>
  </Icon>
</Style><description><![CDATA[]]></description><visibility>1</visibility></Placemark><Placemark><name>GC36B2</name><Point><coordinates>-121.9905,47.5127,100 
</coordinates></Point><Style>
  <Icon>
    <href>http://chart.apis.google.com/chart?chst=d_bubble_icon_text_small&amp;chld=location|bbT|1293|FFFFFF|000000</href>
  </Icon>
</Style><description><![CDATA[]]></description><visibility>1</visibility></Placemark><Placemark><name>GCRRD4</name><Point><coordinates>-121.9788,47.5143,100 
</coordinates></Point><Style>
  <Icon>
    <href>http://chart.apis.google.com/chart?chst=d_bubble_icon_text_small&amp;chld=location|bbT|1294|FFFFFF|000000</href>
  </Icon>
</Style><description><![CDATA[]]></description><visibility>1</visibility></Placemark><Placemark><name>GCRRTW</name><Point><coordinates>-121.9812,47.5183,100 
</coordinates></Point><Style>
  <Icon>
    <href>http://chart.apis.google.com/chart?chst=d_bubble_icon_text_small&amp;chld=location|bbT|1295|FFFFFF|000000</href>
  </Icon>
</Style><description><![CDATA[]]></description><visibility>1</visibility></Placemark><Placemark><name>GCAFZYD</name><Point><coordinates>-122.3475,47.6484,100 
</coordinates></Point><Style>
  <Icon>
    <href>http://chart.apis.google.com/chart?chst=d_bubble_icon_text_small&amp;chld=location|bbT|1296|FFFFFF|000000</href>
  </Icon>
</Style><description><![CDATA[]]></description><visibility>1</visibility></Placemark><Placemark><name>GC1HKJR</name><Point><coordinates>-123.371,48.4199,100 
</coordinates></Point><Style>
  <Icon>
    <href>http://chart.apis.google.com/chart?chst=d_bubble_icon_text_small&amp;chld=location|bbT|1297|FFFFFF|000000</href>
  </Icon>
</Style><description><![CDATA[]]></description><visibility>1</visibility></Placemark><Placemark><name>GC7B752</name><Point><coordinates>-123.3697,48.4206,100 
</coordinates></Point><Style>
  <Icon>
    <href>http://chart.apis.google.com/chart?chst=d_bubble_icon_text_small&amp;chld=location|bbT|1298|FFFFFF|000000</href>
  </Icon>
</Style><description><![CDATA[]]></description><visibility>1</visibility></Placemark><Placemark><name>GC2KZGW</name><Point><coordinates>-123.3633,48.4161,100 
</coordinates></Point><Style>
  <Icon>
    <href>http://chart.apis.google.com/chart?chst=d_bubble_icon_text_small&amp;chld=location|bbT|1299|FFFFFF|000000</href>
  </Icon>
</Style><description><![CDATA[]]></description><visibility>1</visibility></Placemark><Placemark><name>GCA19TG</name><Point><coordinates>-123.3628,48.4138,100 
</coordinates></Point><Style>
  <Icon>
    <href>http://chart.apis.google.com/chart?chst=d_bubble_icon_text_small&amp;chld=location|bbT|1300|FFFFFF|000000</href>
  </Icon>
</Style><description><![CDATA[]]></description><visibility>1</visibility></Placemark><Placemark><name>GC940RQ</name><Point><coordinates>-123.364,48.4104,100 
</coordinates></Point><Style>
  <Icon>
    <href>http://chart.apis.google.com/chart?chst=d_bubble_icon_text_small&amp;chld=location|bbT|1301|FFFFFF|000000</href>
  </Icon>
</Style><description><![CDATA[]]></description><visibility>1</visibility></Placemark><Placemark><name>GC7TTV3</name><Point><coordinates>-123.3603,48.4093,100 
</coordinates></Point><Style>
  <Icon>
    <href>http://chart.apis.google.com/chart?chst=d_bubble_icon_text_small&amp;chld=location|bbT|1302|FFFFFF|000000</href>
  </Icon>
</Style><description><![CDATA[]]></description><visibility>1</visibility></Placemark><Placemark><name>GCPKQ5</name><Point><coordinates>-123.3507,48.4075,100 
</coordinates></Point><Style>
  <Icon>
    <href>http://chart.apis.google.com/chart?chst=d_bubble_icon_text_small&amp;chld=location|bbT|1303|FFFFFF|000000</href>
  </Icon>
</Style><description><![CDATA[]]></description><visibility>1</visibility></Placemark><Placemark><name>GC5EY5A</name><Point><coordinates>-123.3691,48.4231,100 
</coordinates></Point><Style>
  <Icon>
    <href>http://chart.apis.google.com/chart?chst=d_bubble_icon_text_small&amp;chld=location|bbT|1304|FFFFFF|000000</href>
  </Icon>
</Style><description><![CDATA[]]></description><visibility>1</visibility></Placemark><Placemark><name>GC890PX</name><Point><coordinates>-123.3679,48.4294,100 
</coordinates></Point><Style>
  <Icon>
    <href>http://chart.apis.google.com/chart?chst=d_bubble_icon_text_small&amp;chld=location|bbT|1305|FFFFFF|000000</href>
  </Icon>
</Style><description><![CDATA[]]></description><visibility>1</visibility></Placemark><Placemark><name>GC17DEJ</name><Point><coordinates>-123.3662,48.4282,100 
</coordinates></Point><Style>
  <Icon>
    <href>http://chart.apis.google.com/chart?chst=d_bubble_icon_text_small&amp;chld=location|bbT|1306|FFFFFF|000000</href>
  </Icon>
</Style><description><![CDATA[]]></description><visibility>1</visibility></Placemark><Placemark><name>GC10JDZ</name><Point><coordinates>-123.3624,48.4243,100 
</coordinates></Point><Style>
  <Icon>
    <href>http://chart.apis.google.com/chart?chst=d_bubble_icon_text_small&amp;chld=location|bbT|1307|FFFFFF|000000</href>
  </Icon>
</Style><description><![CDATA[]]></description><visibility>1</visibility></Placemark><Placemark><name>GC7FWCC</name><Point><coordinates>-123.3683,48.4209,100 
</coordinates></Point><Style>
  <Icon>
    <href>http://chart.apis.google.com/chart?chst=d_bubble_icon_text_small&amp;chld=location|bbT|1308|FFFFFF|000000</href>
  </Icon>
</Style><description><![CDATA[]]></description><visibility>1</visibility></Placemark><Placemark><name>GCC6CC</name><Point><coordinates>-123.3631,48.4198,100 
</coordinates></Point><Style>
  <Icon>
    <href>http://chart.apis.google.com/chart?chst=d_bubble_icon_text_small&amp;chld=location|bbT|1309|FFFFFF|000000</href>
  </Icon>
</Style><description><![CDATA[]]></description><visibility>1</visibility></Placemark><Placemark><name>GC9JYYY</name><Point><coordinates>-123.3653,48.416,100 
</coordinates></Point><Style>
  <Icon>
    <href>http://chart.apis.google.com/chart?chst=d_bubble_icon_text_small&amp;chld=location|bbT|1310|FFFFFF|000000</href>
  </Icon>
</Style><description><![CDATA[]]></description><visibility>1</visibility></Placemark><Placemark><name>GC7DCDH</name><Point><coordinates>-123.3656,48.4093,100 
</coordinates></Point><Style>
  <Icon>
    <href>http://chart.apis.google.com/chart?chst=d_bubble_icon_text_small&amp;chld=location|bbT|1311|FFFFFF|000000</href>
  </Icon>
</Style><description><![CDATA[]]></description><visibility>1</visibility></Placemark><Placemark><name>GC9P63A</name><Point><coordinates>-123.3689,48.4094,100 
</coordinates></Point><Style>
  <Icon>
    <href>http://chart.apis.google.com/chart?chst=d_bubble_icon_text_small&amp;chld=location|bbT|1312|FFFFFF|000000</href>
  </Icon>
</Style><description><![CDATA[]]></description><visibility>1</visibility></Placemark><Placemark><name>GC9P661</name><Point><coordinates>-123.3678,48.4247,100 
</coordinates></Point><Style>
  <Icon>
    <href>http://chart.apis.google.com/chart?chst=d_bubble_icon_text_small&amp;chld=location|bbT|1313|FFFFFF|000000</href>
  </Icon>
</Style><description><![CDATA[]]></description><visibility>1</visibility></Placemark><Placemark><name>GC4KG0G</name><Point><coordinates>-123.3628,48.4239,100 
</coordinates></Point><Style>
  <Icon>
    <href>http://chart.apis.google.com/chart?chst=d_bubble_icon_text_small&amp;chld=location|bbT|1314|FFFFFF|000000</href>
  </Icon>
</Style><description><![CDATA[]]></description><visibility>1</visibility></Placemark><Placemark><name>GCC028</name><Point><coordinates>-123.3544,48.4226,100 
</coordinates></Point><Style>
  <Icon>
    <href>http://chart.apis.google.com/chart?chst=d_bubble_icon_text_small&amp;chld=location|bbT|1315|FFFFFF|000000</href>
  </Icon>
</Style><description><![CDATA[]]></description><visibility>1</visibility></Placemark><Placemark><name>GCA00B</name><Point><coordinates>-123.3737,48.4215,100 
</coordinates></Point><Style>
  <Icon>
    <href>http://chart.apis.google.com/chart?chst=d_bubble_icon_text_small&amp;chld=location|bbT|1316|FFFFFF|000000</href>
  </Icon>
</Style><description><![CDATA[]]></description><visibility>1</visibility></Placemark><Placemark><name>GC1448R</name><Point><coordinates>-121.9783,47.5473,100 
</coordinates></Point><Style>
  <Icon>
    <href>http://chart.apis.google.com/chart?chst=d_bubble_icon_text_small&amp;chld=location|bbT|1317|FFFFFF|000000</href>
  </Icon>
</Style><description><![CDATA[]]></description><visibility>1</visibility></Placemark><Placemark><name>GCABEET</name><Point><coordinates>-121.986,47.5456,100 
</coordinates></Point><Style>
  <Icon>
    <href>http://chart.apis.google.com/chart?chst=d_bubble_icon_text_small&amp;chld=location|bbT|1318|FFFFFF|000000</href>
  </Icon>
</Style><description><![CDATA[]]></description><visibility>1</visibility></Placemark><Placemark><name>GCABN8A</name><Point><coordinates>-121.9832,47.5472,100 
</coordinates></Point><Style>
  <Icon>
    <href>http://chart.apis.google.com/chart?chst=d_bubble_icon_text_small&amp;chld=location|bbT|1319|FFFFFF|000000</href>
  </Icon>
</Style><description><![CDATA[]]></description><visibility>1</visibility></Placemark><Placemark><name>GCABEBB</name><Point><coordinates>-121.9813,47.5515,100 
</coordinates></Point><Style>
  <Icon>
    <href>http://chart.apis.google.com/chart?chst=d_bubble_icon_text_small&amp;chld=location|bbT|1320|FFFFFF|000000</href>
  </Icon>
</Style><description><![CDATA[]]></description><visibility>1</visibility></Placemark><Placemark><name>GC14496</name><Point><coordinates>-121.9762,47.5509,100 
</coordinates></Point><Style>
  <Icon>
    <href>http://chart.apis.google.com/chart?chst=d_bubble_icon_text_small&amp;chld=location|bbT|1321|FFFFFF|000000</href>
  </Icon>
</Style><description><![CDATA[]]></description><visibility>1</visibility></Placemark><Placemark><name>GCA4KJN</name><Point><coordinates>-122.3172,47.6907,100 
</coordinates></Point><Style>
  <Icon>
    <href>http://chart.apis.google.com/chart?chst=d_bubble_icon_text_small&amp;chld=location|bbT|1322|FFFFFF|000000</href>
  </Icon>
</Style><description><![CDATA[]]></description><visibility>1</visibility></Placemark><Placemark><name>GC9TX0T</name><Point><coordinates>-122.3135,47.6904,100 
</coordinates></Point><Style>
  <Icon>
    <href>http://chart.apis.google.com/chart?chst=d_bubble_icon_text_small&amp;chld=location|bbT|1323|FFFFFF|000000</href>
  </Icon>
</Style><description><![CDATA[]]></description><visibility>1</visibility></Placemark><Placemark><name>GC9V5ZQ</name><Point><coordinates>-122.3136,47.6907,100 
</coordinates></Point><Style>
  <Icon>
    <href>http://chart.apis.google.com/chart?chst=d_bubble_icon_text_small&amp;chld=location|bbT|1324|FFFFFF|000000</href>
  </Icon>
</Style><description><![CDATA[]]></description><visibility>1</visibility></Placemark><Placemark><name>GCWKEH</name><Point><coordinates>-122.3238,47.651,100 
</coordinates></Point><Style>
  <Icon>
    <href>http://chart.apis.google.com/chart?chst=d_bubble_icon_text_small&amp;chld=location|bbT|1325|FFFFFF|000000</href>
  </Icon>
</Style><description><![CDATA[]]></description><visibility>1</visibility></Placemark><Placemark><name>GC19TN8</name><Point><coordinates>-122.3166,47.6445,100 
</coordinates></Point><Style>
  <Icon>
    <href>http://chart.apis.google.com/chart?chst=d_bubble_icon_text_small&amp;chld=location|bbT|1326|FFFFFF|000000</href>
  </Icon>
</Style><description><![CDATA[]]></description><visibility>1</visibility></Placemark><Placemark><name>GC7CW4G</name><Point><coordinates>-122.3095,47.6428,100 
</coordinates></Point><Style>
  <Icon>
    <href>http://chart.apis.google.com/chart?chst=d_bubble_icon_text_small&amp;chld=location|bbT|1327|FFFFFF|000000</href>
  </Icon>
</Style><description><![CDATA[]]></description><visibility>1</visibility></Placemark><Placemark><name>GCAHD63</name><Point><coordinates>-122.3125,47.6348,100 
</coordinates></Point><Style>
  <Icon>
    <href>http://chart.apis.google.com/chart?chst=d_bubble_icon_text_small&amp;chld=location|bbT|1328|FFFFFF|000000</href>
  </Icon>
</Style><description><![CDATA[]]></description><visibility>1</visibility></Placemark><Placemark><name>GCA9811</name><Point><coordinates>-119.7784,39.1075,100 
</coordinates></Point><Style>
  <Icon>
    <href>http://chart.apis.google.com/chart?chst=d_bubble_icon_text_small&amp;chld=location|bbT|1329|FFFFFF|000000</href>
  </Icon>
</Style><description><![CDATA[]]></description><visibility>1</visibility></Placemark><Placemark><name>GCA7EKW</name><Point><coordinates>-119.7664,39.1667,100 
</coordinates></Point><Style>
  <Icon>
    <href>http://chart.apis.google.com/chart?chst=d_bubble_icon_text_small&amp;chld=location|bbT|1330|FFFFFF|000000</href>
  </Icon>
</Style><description><![CDATA[]]></description><visibility>1</visibility></Placemark><Placemark><name>GC491FC</name><Point><coordinates>-119.8654,39.0249,100 
</coordinates></Point><Style>
  <Icon>
    <href>http://chart.apis.google.com/chart?chst=d_bubble_icon_text_small&amp;chld=location|bbT|1331|FFFFFF|000000</href>
  </Icon>
</Style><description><![CDATA[]]></description><visibility>1</visibility></Placemark><Placemark><name>GC3BYEW</name><Point><coordinates>-119.8539,39.0191,100 
</coordinates></Point><Style>
  <Icon>
    <href>http://chart.apis.google.com/chart?chst=d_bubble_icon_text_small&amp;chld=location|bbT|1332|FFFFFF|000000</href>
  </Icon>
</Style><description><![CDATA[]]></description><visibility>1</visibility></Placemark><Placemark><name>GC3BYET</name><Point><coordinates>-119.8548,39.0175,100 
</coordinates></Point><Style>
  <Icon>
    <href>http://chart.apis.google.com/chart?chst=d_bubble_icon_text_small&amp;chld=location|bbT|1333|FFFFFF|000000</href>
  </Icon>
</Style><description><![CDATA[]]></description><visibility>1</visibility></Placemark><Placemark><name>GC921PK</name><Point><coordinates>-119.8487,39.0165,100 
</coordinates></Point><Style>
  <Icon>
    <href>http://chart.apis.google.com/chart?chst=d_bubble_icon_text_small&amp;chld=location|bbT|1334|FFFFFF|000000</href>
  </Icon>
</Style><description><![CDATA[]]></description><visibility>1</visibility></Placemark><Placemark><name>GCAGKQB</name><Point><coordinates>-119.8123,39.0898,100 
</coordinates></Point><Style>
  <Icon>
    <href>http://chart.apis.google.com/chart?chst=d_bubble_icon_text_small&amp;chld=location|bbT|1335|FFFFFF|000000</href>
  </Icon>
</Style><description><![CDATA[]]></description><visibility>1</visibility></Placemark><Placemark><name>GCAARCA</name><Point><coordinates>-119.8283,38.9835,100 
</coordinates></Point><Style>
  <Icon>
    <href>http://chart.apis.google.com/chart?chst=d_bubble_icon_text_small&amp;chld=location|bbT|1336|FFFFFF|000000</href>
  </Icon>
</Style><description><![CDATA[]]></description><visibility>1</visibility></Placemark><Placemark><name>GC8257</name><Point><coordinates>-119.9282,39.2373,100 
</coordinates></Point><Style>
  <Icon>
    <href>http://chart.apis.google.com/chart?chst=d_bubble_icon_text_small&amp;chld=location|bbT|1337|FFFFFF|000000</href>
  </Icon>
</Style><description><![CDATA[]]></description><visibility>1</visibility></Placemark><Placemark><name>GCA1BT7</name><Point><coordinates>-119.9266,39.2368,100 
</coordinates></Point><Style>
  <Icon>
    <href>http://chart.apis.google.com/chart?chst=d_bubble_icon_text_small&amp;chld=location|bbT|1338|FFFFFF|000000</href>
  </Icon>
</Style><description><![CDATA[]]></description><visibility>1</visibility></Placemark><Placemark><name>GCAGW75</name><Point><coordinates>-119.9357,39.2396,100 
</coordinates></Point><Style>
  <Icon>
    <href>http://chart.apis.google.com/chart?chst=d_bubble_icon_text_small&amp;chld=location|bbT|1339|FFFFFF|000000</href>
  </Icon>
</Style><description><![CDATA[]]></description><visibility>1</visibility></Placemark><Placemark><name>GCMGCP</name><Point><coordinates>-119.9415,39.2479,100 
</coordinates></Point><Style>
  <Icon>
    <href>http://chart.apis.google.com/chart?chst=d_bubble_icon_text_small&amp;chld=location|bbT|1340|FFFFFF|000000</href>
  </Icon>
</Style><description><![CDATA[]]></description><visibility>1</visibility></Placemark><Placemark><name>GC3WW8Y</name><Point><coordinates>-119.9573,39.2509,100 
</coordinates></Point><Style>
  <Icon>
    <href>http://chart.apis.google.com/chart?chst=d_bubble_icon_text_small&amp;chld=location|bbT|1341|FFFFFF|000000</href>
  </Icon>
</Style><description><![CDATA[]]></description><visibility>1</visibility></Placemark><Placemark><name>GC8258</name><Point><coordinates>-120.0247,39.2366,100 
</coordinates></Point><Style>
  <Icon>
    <href>http://chart.apis.google.com/chart?chst=d_bubble_icon_text_small&amp;chld=location|bbT|1342|FFFFFF|000000</href>
  </Icon>
</Style><description><![CDATA[]]></description><visibility>1</visibility></Placemark><Placemark><name>GC95M4F</name><Point><coordinates>-120.0225,39.235,100 
</coordinates></Point><Style>
  <Icon>
    <href>http://chart.apis.google.com/chart?chst=d_bubble_icon_text_small&amp;chld=location|bbT|1343|FFFFFF|000000</href>
  </Icon>
</Style><description><![CDATA[]]></description><visibility>1</visibility></Placemark><Placemark><name>GCADX0N</name><Point><coordinates>-120.0229,39.2437,100 
</coordinates></Point><Style>
  <Icon>
    <href>http://chart.apis.google.com/chart?chst=d_bubble_icon_text_small&amp;chld=location|bbT|1344|FFFFFF|000000</href>
  </Icon>
</Style><description><![CDATA[]]></description><visibility>1</visibility></Placemark><Placemark><name>GC8255</name><Point><coordinates>-119.9296,39.2098,100 
</coordinates></Point><Style>
  <Icon>
    <href>http://chart.apis.google.com/chart?chst=d_bubble_icon_text_small&amp;chld=location|bbT|1345|FFFFFF|000000</href>
  </Icon>
</Style><description><![CDATA[]]></description><visibility>1</visibility></Placemark><Placemark><name>GCMKWT</name><Point><coordinates>-122.4108,37.8111,100 
</coordinates></Point><Style>
  <Icon>
    <href>http://chart.apis.google.com/chart?chst=d_bubble_icon_text_small&amp;chld=location|bbT|1346|FFFFFF|000000</href>
  </Icon>
</Style><description><![CDATA[]]></description><visibility>1</visibility></Placemark><Placemark><name>GC7D7YT</name><Point><coordinates>-122.4277,37.7935,100 
</coordinates></Point><Style>
  <Icon>
    <href>http://chart.apis.google.com/chart?chst=d_bubble_icon_text_small&amp;chld=location|bbT|1347|FFFFFF|000000</href>
  </Icon>
</Style><description><![CDATA[]]></description><visibility>1</visibility></Placemark><Placemark><name>GC9P5JV</name><Point><coordinates>-122.4482,37.7989,100 
</coordinates></Point><Style>
  <Icon>
    <href>http://chart.apis.google.com/chart?chst=d_bubble_icon_text_small&amp;chld=location|bbT|1348|FFFFFF|000000</href>
  </Icon>
</Style><description><![CDATA[]]></description><visibility>1</visibility></Placemark><Placemark><name>GCA039C</name><Point><coordinates>-122.3873,47.5187,100 
</coordinates></Point><Style>
  <Icon>
    <href>http://chart.apis.google.com/chart?chst=d_bubble_icon_text_small&amp;chld=location|bbT|1349|FFFFFF|000000</href>
  </Icon>
</Style><description><![CDATA[]]></description><visibility>1</visibility></Placemark><Placemark><name>GC966KH</name><Point><coordinates>-122.3831,47.5172,100 
</coordinates></Point><Style>
  <Icon>
    <href>http://chart.apis.google.com/chart?chst=d_bubble_icon_text_small&amp;chld=location|bbT|1350|FFFFFF|000000</href>
  </Icon>
</Style><description><![CDATA[]]></description><visibility>1</visibility></Placemark><Placemark><name>GC92G66</name><Point><coordinates>-122.3808,47.5195,100 
</coordinates></Point><Style>
  <Icon>
    <href>http://chart.apis.google.com/chart?chst=d_bubble_icon_text_small&amp;chld=location|bbT|1351|FFFFFF|000000</href>
  </Icon>
</Style><description><![CDATA[]]></description><visibility>1</visibility></Placemark><Placemark><name>GCABQQQ</name><Point><coordinates>-122.3781,47.519,100 
</coordinates></Point><Style>
  <Icon>
    <href>http://chart.apis.google.com/chart?chst=d_bubble_icon_text_small&amp;chld=location|bbT|1352|FFFFFF|000000</href>
  </Icon>
</Style><description><![CDATA[]]></description><visibility>1</visibility></Placemark><Placemark><name>GC9KCFT</name><Point><coordinates>-122.3858,47.5207,100 
</coordinates></Point><Style>
  <Icon>
    <href>http://chart.apis.google.com/chart?chst=d_bubble_icon_text_small&amp;chld=location|bbT|1353|FFFFFF|000000</href>
  </Icon>
</Style><description><![CDATA[]]></description><visibility>1</visibility></Placemark><Placemark><name>GCA039G</name><Point><coordinates>-122.3904,47.5179,100 
</coordinates></Point><Style>
  <Icon>
    <href>http://chart.apis.google.com/chart?chst=d_bubble_icon_text_small&amp;chld=location|bbT|1354|FFFFFF|000000</href>
  </Icon>
</Style><description><![CDATA[]]></description><visibility>1</visibility></Placemark><Placemark><name>GCA03A1</name><Point><coordinates>-122.3939,47.5141,100 
</coordinates></Point><Style>
  <Icon>
    <href>http://chart.apis.google.com/chart?chst=d_bubble_icon_text_small&amp;chld=location|bbT|1355|FFFFFF|000000</href>
  </Icon>
</Style><description><![CDATA[]]></description><visibility>1</visibility></Placemark><Placemark><name>GCA039F</name><Point><coordinates>-122.3926,47.5156,100 
</coordinates></Point><Style>
  <Icon>
    <href>http://chart.apis.google.com/chart?chst=d_bubble_icon_text_small&amp;chld=location|bbT|1356|FFFFFF|000000</href>
  </Icon>
</Style><description><![CDATA[]]></description><visibility>1</visibility></Placemark><Placemark><name>GC937RX</name><Point><coordinates>-122.3951,47.5204,100 
</coordinates></Point><Style>
  <Icon>
    <href>http://chart.apis.google.com/chart?chst=d_bubble_icon_text_small&amp;chld=location|bbT|1357|FFFFFF|000000</href>
  </Icon>
</Style><description><![CDATA[]]></description><visibility>1</visibility></Placemark><Placemark><name>GCA3BBK</name><Point><coordinates>-122.3933,47.5213,100 
</coordinates></Point><Style>
  <Icon>
    <href>http://chart.apis.google.com/chart?chst=d_bubble_icon_text_small&amp;chld=location|bbT|1358|FFFFFF|000000</href>
  </Icon>
</Style><description><![CDATA[]]></description><visibility>1</visibility></Placemark><Placemark><name>GC9P6WK</name><Point><coordinates>-122.3518,47.6227,100 
</coordinates></Point><Style>
  <Icon>
    <href>http://chart.apis.google.com/chart?chst=d_bubble_icon_text_small&amp;chld=location|bbT|1359|FFFFFF|000000</href>
  </Icon>
</Style><description><![CDATA[]]></description><visibility>1</visibility></Placemark><Placemark><name>GC7B865</name><Point><coordinates>-122.1212,47.6454,100 
</coordinates></Point><Style>
  <Icon>
    <href>http://chart.apis.google.com/chart?chst=d_bubble_icon_text_small&amp;chld=location|bbT|1360|FFFFFF|000000</href>
  </Icon>
</Style><description><![CDATA[]]></description><visibility>1</visibility></Placemark><Placemark><name>GC1PWT3</name><Point><coordinates>-122.1193,47.6452,100 
</coordinates></Point><Style>
  <Icon>
    <href>http://chart.apis.google.com/chart?chst=d_bubble_icon_text_small&amp;chld=location|bbT|1361|FFFFFF|000000</href>
  </Icon>
</Style><description><![CDATA[]]></description><visibility>1</visibility></Placemark><Placemark><name>GC9YZ0F</name><Point><coordinates>-122.0249,47.684,100 
</coordinates></Point><Style>
  <Icon>
    <href>http://chart.apis.google.com/chart?chst=d_bubble_icon_text_small&amp;chld=location|bbT|1362|FFFFFF|000000</href>
  </Icon>
</Style><description><![CDATA[]]></description><visibility>1</visibility></Placemark><Placemark><name>GC8X3W0</name><Point><coordinates>-122.0219,47.6847,100 
</coordinates></Point><Style>
  <Icon>
    <href>http://chart.apis.google.com/chart?chst=d_bubble_icon_text_small&amp;chld=location|bbT|1363|FFFFFF|000000</href>
  </Icon>
</Style><description><![CDATA[]]></description><visibility>1</visibility></Placemark><Placemark><name>GCAAVMB</name><Point><coordinates>-122.0202,47.6861,100 
</coordinates></Point><Style>
  <Icon>
    <href>http://chart.apis.google.com/chart?chst=d_bubble_icon_text_small&amp;chld=location|bbT|1364|FFFFFF|000000</href>
  </Icon>
</Style><description><![CDATA[]]></description><visibility>1</visibility></Placemark><Placemark><name>GC2G64R</name><Point><coordinates>-122.0193,47.6845,100 
</coordinates></Point><Style>
  <Icon>
    <href>http://chart.apis.google.com/chart?chst=d_bubble_icon_text_small&amp;chld=location|bbT|1365|FFFFFF|000000</href>
  </Icon>
</Style><description><![CDATA[]]></description><visibility>1</visibility></Placemark><Placemark><name>GC9YZ1F</name><Point><coordinates>-122.0196,47.681,100 
</coordinates></Point><Style>
  <Icon>
    <href>http://chart.apis.google.com/chart?chst=d_bubble_icon_text_small&amp;chld=location|bbT|1366|FFFFFF|000000</href>
  </Icon>
</Style><description><![CDATA[]]></description><visibility>1</visibility></Placemark><Placemark><name>GCAEAKJ</name><Point><coordinates>-122.0167,47.6811,100 
</coordinates></Point><Style>
  <Icon>
    <href>http://chart.apis.google.com/chart?chst=d_bubble_icon_text_small&amp;chld=location|bbT|1367|FFFFFF|000000</href>
  </Icon>
</Style><description><![CDATA[]]></description><visibility>1</visibility></Placemark><Placemark><name>GCAA9DT</name><Point><coordinates>-122.0195,47.6801,100 
</coordinates></Point><Style>
  <Icon>
    <href>http://chart.apis.google.com/chart?chst=d_bubble_icon_text_small&amp;chld=location|bbT|1368|FFFFFF|000000</href>
  </Icon>
</Style><description><![CDATA[]]></description><visibility>1</visibility></Placemark><Placemark><name>GC5F0NV</name><Point><coordinates>-122.0206,47.6777,100 
</coordinates></Point><Style>
  <Icon>
    <href>http://chart.apis.google.com/chart?chst=d_bubble_icon_text_small&amp;chld=location|bbT|1369|FFFFFF|000000</href>
  </Icon>
</Style><description><![CDATA[]]></description><visibility>1</visibility></Placemark><Placemark><name>GCA0FTK</name><Point><coordinates>-122.0284,47.6793,100 
</coordinates></Point><Style>
  <Icon>
    <href>http://chart.apis.google.com/chart?chst=d_bubble_icon_text_small&amp;chld=location|bbT|1370|FFFFFF|000000</href>
  </Icon>
</Style><description><![CDATA[]]></description><visibility>1</visibility></Placemark><Placemark><name>GC9W233</name><Point><coordinates>-121.9316,47.5347,100 
</coordinates></Point><Style>
  <Icon>
    <href>http://chart.apis.google.com/chart?chst=d_bubble_icon_text_small&amp;chld=location|bbT|1371|FFFFFF|000000</href>
  </Icon>
</Style><description><![CDATA[]]></description><visibility>1</visibility></Placemark><Placemark><name>GCAJFEH</name><Point><coordinates>-122.0322,47.5242,100 
</coordinates></Point><Style>
  <Icon>
    <href>http://chart.apis.google.com/chart?chst=d_bubble_icon_text_small&amp;chld=location|bbT|1372|FFFFFF|000000</href>
  </Icon>
</Style><description><![CDATA[]]></description><visibility>1</visibility></Placemark><Placemark><name>GCAJ8CF</name><Point><coordinates>-122.3445,47.649,100 
</coordinates></Point><Style>
  <Icon>
    <href>http://chart.apis.google.com/chart?chst=d_bubble_icon_text_small&amp;chld=location|bbT|1373|FFFFFF|000000</href>
  </Icon>
</Style><description><![CDATA[]]></description><visibility>1</visibility></Placemark><Placemark><name>GC7B71F</name><Point><coordinates>-122.7041,45.4994,100 
</coordinates></Point><Style>
  <Icon>
    <href>http://chart.apis.google.com/chart?chst=d_bubble_icon_text_small&amp;chld=location|bbT|1374|FFFFFF|000000</href>
  </Icon>
</Style><description><![CDATA[]]></description><visibility>1</visibility></Placemark><Placemark><name>GC25C</name><Point><coordinates>-122.7076,45.4991,100 
</coordinates></Point><Style>
  <Icon>
    <href>http://chart.apis.google.com/chart?chst=d_bubble_icon_text_small&amp;chld=location|bbT|1375|FFFFFF|000000</href>
  </Icon>
</Style><description><![CDATA[]]></description><visibility>1</visibility></Placemark><Placemark><name>GCAJFE8</name><Point><coordinates>-122.7664,45.4567,100 
</coordinates></Point><Style>
  <Icon>
    <href>http://chart.apis.google.com/chart?chst=d_bubble_icon_text_small&amp;chld=location|bbT|1376|FFFFFF|000000</href>
  </Icon>
</Style><description><![CDATA[]]></description><visibility>1</visibility></Placemark><Placemark><name>GCMZKA</name><Point><coordinates>-122.7997,45.4846,100 
</coordinates></Point><Style>
  <Icon>
    <href>http://chart.apis.google.com/chart?chst=d_bubble_icon_text_small&amp;chld=location|bbT|1377|FFFFFF|000000</href>
  </Icon>
</Style><description><![CDATA[]]></description><visibility>1</visibility></Placemark><Placemark><name>GC445BT</name><Point><coordinates>-122.6278,45.5168,100 
</coordinates></Point><Style>
  <Icon>
    <href>http://chart.apis.google.com/chart?chst=d_bubble_icon_text_small&amp;chld=location|bbT|1378|FFFFFF|000000</href>
  </Icon>
</Style><description><![CDATA[]]></description><visibility>1</visibility></Placemark><Placemark><name>GC9P5RH</name><Point><coordinates>-122.6977,45.5356,100 
</coordinates></Point><Style>
  <Icon>
    <href>http://chart.apis.google.com/chart?chst=d_bubble_icon_text_small&amp;chld=location|bbT|1379|FFFFFF|000000</href>
  </Icon>
</Style><description><![CDATA[]]></description><visibility>1</visibility></Placemark><Placemark><name>GC1G3TR</name><Point><coordinates>-122.9028,46.2835,100 
</coordinates></Point><Style>
  <Icon>
    <href>http://chart.apis.google.com/chart?chst=d_bubble_icon_text_small&amp;chld=location|bbT|1380|FFFFFF|000000</href>
  </Icon>
</Style><description><![CDATA[]]></description><visibility>1</visibility></Placemark><Placemark><name>GCAH6QQ</name><Point><coordinates>-122.1935,47.6717,100 
</coordinates></Point><Style>
  <Icon>
    <href>http://chart.apis.google.com/chart?chst=d_bubble_icon_text_small&amp;chld=location|bbT|1381|FFFFFF|000000</href>
  </Icon>
</Style><description><![CDATA[]]></description><visibility>1</visibility></Placemark><Placemark><name>GCAJDY8</name><Point><coordinates>-122.1908,47.6713,100 
</coordinates></Point><Style>
  <Icon>
    <href>http://chart.apis.google.com/chart?chst=d_bubble_icon_text_small&amp;chld=location|bbT|1382|FFFFFF|000000</href>
  </Icon>
</Style><description><![CDATA[]]></description><visibility>1</visibility></Placemark><Placemark><name>GC1YXVY</name><Point><coordinates>-122.296,47.6519,100 
</coordinates></Point><Style>
  <Icon>
    <href>http://chart.apis.google.com/chart?chst=d_bubble_icon_text_small&amp;chld=location|bbT|1383|FFFFFF|000000</href>
  </Icon>
</Style><description><![CDATA[]]></description><visibility>1</visibility></Placemark><Placemark><name>GC9V568</name><Point><coordinates>-122.3489,47.6498,100 
</coordinates></Point><Style>
  <Icon>
    <href>http://chart.apis.google.com/chart?chst=d_bubble_icon_text_small&amp;chld=location|bbT|1384|FFFFFF|000000</href>
  </Icon>
</Style><description><![CDATA[]]></description><visibility>1</visibility></Placemark><Placemark><name>GCAJ86R</name><Point><coordinates>-122.2387,47.6181,100 
</coordinates></Point><Style>
  <Icon>
    <href>http://chart.apis.google.com/chart?chst=d_bubble_icon_text_small&amp;chld=location|bbT|1385|FFFFFF|000000</href>
  </Icon>
</Style><description><![CDATA[]]></description><visibility>1</visibility></Placemark><Placemark><name>GCAF5KR</name><Point><coordinates>-122.2896,47.5393,100 
</coordinates></Point><Style>
  <Icon>
    <href>http://chart.apis.google.com/chart?chst=d_bubble_icon_text_small&amp;chld=location|bbT|1386|FFFFFF|000000</href>
  </Icon>
</Style><description><![CDATA[]]></description><visibility>1</visibility></Placemark><Placemark><name>GCA8ZZW</name><Point><coordinates>-122.2386,47.5067,100 
</coordinates></Point><Style>
  <Icon>
    <href>http://chart.apis.google.com/chart?chst=d_bubble_icon_text_small&amp;chld=location|bbT|1387|FFFFFF|000000</href>
  </Icon>
</Style><description><![CDATA[]]></description><visibility>1</visibility></Placemark><Placemark><name>GCA900B</name><Point><coordinates>-122.2321,47.5063,100 
</coordinates></Point><Style>
  <Icon>
    <href>http://chart.apis.google.com/chart?chst=d_bubble_icon_text_small&amp;chld=location|bbT|1388|FFFFFF|000000</href>
  </Icon>
</Style><description><![CDATA[]]></description><visibility>1</visibility></Placemark><Placemark><name>GC1TDBH</name><Point><coordinates>-122.1985,47.4835,100 
</coordinates></Point><Style>
  <Icon>
    <href>http://chart.apis.google.com/chart?chst=d_bubble_icon_text_small&amp;chld=location|bbT|1389|FFFFFF|000000</href>
  </Icon>
</Style><description><![CDATA[]]></description><visibility>1</visibility></Placemark><Placemark><name>GCAHZKR</name><Point><coordinates>-122.1998,47.4825,100 
</coordinates></Point><Style>
  <Icon>
    <href>http://chart.apis.google.com/chart?chst=d_bubble_icon_text_small&amp;chld=location|bbT|1390|FFFFFF|000000</href>
  </Icon>
</Style><description><![CDATA[]]></description><visibility>1</visibility></Placemark><Placemark><name>GCA8M8M</name><Point><coordinates>-122.2049,47.5026,100 
</coordinates></Point><Style>
  <Icon>
    <href>http://chart.apis.google.com/chart?chst=d_bubble_icon_text_small&amp;chld=location|bbT|1391|FFFFFF|000000</href>
  </Icon>
</Style><description><![CDATA[]]></description><visibility>1</visibility></Placemark><Placemark><name>GC95WJR</name><Point><coordinates>-122.2071,47.511,100 
</coordinates></Point><Style>
  <Icon>
    <href>http://chart.apis.google.com/chart?chst=d_bubble_icon_text_small&amp;chld=location|bbT|1392|FFFFFF|000000</href>
  </Icon>
</Style><description><![CDATA[]]></description><visibility>1</visibility></Placemark><Placemark><name>GC7T487</name><Point><coordinates>-122.2019,47.507,100 
</coordinates></Point><Style>
  <Icon>
    <href>http://chart.apis.google.com/chart?chst=d_bubble_icon_text_small&amp;chld=location|bbT|1393|FFFFFF|000000</href>
  </Icon>
</Style><description><![CDATA[]]></description><visibility>1</visibility></Placemark><Placemark><name>GC1A1EP</name><Point><coordinates>-122.1745,47.4867,100 
</coordinates></Point><Style>
  <Icon>
    <href>http://chart.apis.google.com/chart?chst=d_bubble_icon_text_small&amp;chld=location|bbT|1394|FFFFFF|000000</href>
  </Icon>
</Style><description><![CDATA[]]></description><visibility>1</visibility></Placemark><Placemark><name>GC9P4Z9</name><Point><coordinates>-122.1737,47.4864,100 
</coordinates></Point><Style>
  <Icon>
    <href>http://chart.apis.google.com/chart?chst=d_bubble_icon_text_small&amp;chld=location|bbT|1395|FFFFFF|000000</href>
  </Icon>
</Style><description><![CDATA[]]></description><visibility>1</visibility></Placemark><Placemark><name>GC78VT7</name><Point><coordinates>-122.1783,47.4773,100 
</coordinates></Point><Style>
  <Icon>
    <href>http://chart.apis.google.com/chart?chst=d_bubble_icon_text_small&amp;chld=location|bbT|1396|FFFFFF|000000</href>
  </Icon>
</Style><description><![CDATA[]]></description><visibility>1</visibility></Placemark><Placemark><name>GCA9CPH</name><Point><coordinates>-122.1752,47.4767,100 
</coordinates></Point><Style>
  <Icon>
    <href>http://chart.apis.google.com/chart?chst=d_bubble_icon_text_small&amp;chld=location|bbT|1397|FFFFFF|000000</href>
  </Icon>
</Style><description><![CDATA[]]></description><visibility>1</visibility></Placemark><Placemark><name>GC7NZHQ</name><Point><coordinates>-122.1942,47.4734,100 
</coordinates></Point><Style>
  <Icon>
    <href>http://chart.apis.google.com/chart?chst=d_bubble_icon_text_small&amp;chld=location|bbT|1398|FFFFFF|000000</href>
  </Icon>
</Style><description><![CDATA[]]></description><visibility>1</visibility></Placemark><Placemark><name>GC6WN8C</name><Point><coordinates>-122.1895,47.4704,100 
</coordinates></Point><Style>
  <Icon>
    <href>http://chart.apis.google.com/chart?chst=d_bubble_icon_text_small&amp;chld=location|bbT|1399|FFFFFF|000000</href>
  </Icon>
</Style><description><![CDATA[]]></description><visibility>1</visibility></Placemark><Placemark><name>GCA7PXW</name><Point><coordinates>-122.1908,47.4703,100 
</coordinates></Point><Style>
  <Icon>
    <href>http://chart.apis.google.com/chart?chst=d_bubble_icon_text_small&amp;chld=location|bbT|1400|FFFFFF|000000</href>
  </Icon>
</Style><description><![CDATA[]]></description><visibility>1</visibility></Placemark><Placemark><name>GCAJ6XG</name><Point><coordinates>-122.2494,47.7367,100 
</coordinates></Point><Style>
  <Icon>
    <href>http://chart.apis.google.com/chart?chst=d_bubble_icon_text_small&amp;chld=location|bbT|1401|FFFFFF|000000</href>
  </Icon>
</Style><description><![CDATA[]]></description><visibility>1</visibility></Placemark><Placemark><name>GC9RHZ4</name><Point><coordinates>-122.2504,47.7326,100 
</coordinates></Point><Style>
  <Icon>
    <href>http://chart.apis.google.com/chart?chst=d_bubble_icon_text_small&amp;chld=location|bbT|1402|FFFFFF|000000</href>
  </Icon>
</Style><description><![CDATA[]]></description><visibility>1</visibility></Placemark><Placemark><name>GC9RHYH</name><Point><coordinates>-122.2521,47.7288,100 
</coordinates></Point><Style>
  <Icon>
    <href>http://chart.apis.google.com/chart?chst=d_bubble_icon_text_small&amp;chld=location|bbT|1403|FFFFFF|000000</href>
  </Icon>
</Style><description><![CDATA[]]></description><visibility>1</visibility></Placemark><Placemark><name>GC5YTB2</name><Point><coordinates>-122.2413,47.7197,100 
</coordinates></Point><Style>
  <Icon>
    <href>http://chart.apis.google.com/chart?chst=d_bubble_icon_text_small&amp;chld=location|bbT|1404|FFFFFF|000000</href>
  </Icon>
</Style><description><![CDATA[]]></description><visibility>1</visibility></Placemark><Placemark><name>GCA4H46</name><Point><coordinates>-122.2396,47.7207,100 
</coordinates></Point><Style>
  <Icon>
    <href>http://chart.apis.google.com/chart?chst=d_bubble_icon_text_small&amp;chld=location|bbT|1405|FFFFFF|000000</href>
  </Icon>
</Style><description><![CDATA[]]></description><visibility>1</visibility></Placemark><Placemark><name>GC1Y2VP</name><Point><coordinates>-122.2418,47.7217,100 
</coordinates></Point><Style>
  <Icon>
    <href>http://chart.apis.google.com/chart?chst=d_bubble_icon_text_small&amp;chld=location|bbT|1406|FFFFFF|000000</href>
  </Icon>
</Style><description><![CDATA[]]></description><visibility>1</visibility></Placemark><Placemark><name>GCA19Y6</name><Point><coordinates>-122.2416,47.7242,100 
</coordinates></Point><Style>
  <Icon>
    <href>http://chart.apis.google.com/chart?chst=d_bubble_icon_text_small&amp;chld=location|bbT|1407|FFFFFF|000000</href>
  </Icon>
</Style><description><![CDATA[]]></description><visibility>1</visibility></Placemark><Placemark><name>GC6RQX8</name><Point><coordinates>-122.2437,47.7254,100 
</coordinates></Point><Style>
  <Icon>
    <href>http://chart.apis.google.com/chart?chst=d_bubble_icon_text_small&amp;chld=location|bbT|1408|FFFFFF|000000</href>
  </Icon>
</Style><description><![CDATA[]]></description><visibility>1</visibility></Placemark><Placemark><name>GC2JWG1</name><Point><coordinates>-122.245,47.7233,100 
</coordinates></Point><Style>
  <Icon>
    <href>http://chart.apis.google.com/chart?chst=d_bubble_icon_text_small&amp;chld=location|bbT|1409|FFFFFF|000000</href>
  </Icon>
</Style><description><![CDATA[]]></description><visibility>1</visibility></Placemark><Placemark><name>GCAHJY7</name><Point><coordinates>-122.2454,47.7218,100 
</coordinates></Point><Style>
  <Icon>
    <href>http://chart.apis.google.com/chart?chst=d_bubble_icon_text_small&amp;chld=location|bbT|1410|FFFFFF|000000</href>
  </Icon>
</Style><description><![CDATA[]]></description><visibility>1</visibility></Placemark><Placemark><name>GC9Z7PX</name><Point><coordinates>-122.2394,47.7192,100 
</coordinates></Point><Style>
  <Icon>
    <href>http://chart.apis.google.com/chart?chst=d_bubble_icon_text_small&amp;chld=location|bbT|1411|FFFFFF|000000</href>
  </Icon>
</Style><description><![CDATA[]]></description><visibility>1</visibility></Placemark><Placemark><name>GCAHJYE</name><Point><coordinates>-122.2458,47.7179,100 
</coordinates></Point><Style>
  <Icon>
    <href>http://chart.apis.google.com/chart?chst=d_bubble_icon_text_small&amp;chld=location|bbT|1412|FFFFFF|000000</href>
  </Icon>
</Style><description><![CDATA[]]></description><visibility>1</visibility></Placemark><Placemark><name>GC43XT2</name><Point><coordinates>-122.2483,47.7099,100 
</coordinates></Point><Style>
  <Icon>
    <href>http://chart.apis.google.com/chart?chst=d_bubble_icon_text_small&amp;chld=location|bbT|1413|FFFFFF|000000</href>
  </Icon>
</Style><description><![CDATA[]]></description><visibility>1</visibility></Placemark><Placemark><name>GC95CHF</name><Point><coordinates>-122.2376,47.7094,100 
</coordinates></Point><Style>
  <Icon>
    <href>http://chart.apis.google.com/chart?chst=d_bubble_icon_text_small&amp;chld=location|bbT|1414|FFFFFF|000000</href>
  </Icon>
</Style><description><![CDATA[]]></description><visibility>1</visibility></Placemark><Placemark><name>GCAHJN9</name><Point><coordinates>-122.246,47.7124,100 
</coordinates></Point><Style>
  <Icon>
    <href>http://chart.apis.google.com/chart?chst=d_bubble_icon_text_small&amp;chld=location|bbT|1415|FFFFFF|000000</href>
  </Icon>
</Style><description><![CDATA[]]></description><visibility>1</visibility></Placemark><Placemark><name>GC3KB5R</name><Point><coordinates>-121.8341,47.4935,100 
</coordinates></Point><Style>
  <Icon>
    <href>http://chart.apis.google.com/chart?chst=d_bubble_icon_text_small&amp;chld=location|bbT|1416|FFFFFF|000000</href>
  </Icon>
</Style><description><![CDATA[]]></description><visibility>1</visibility></Placemark><Placemark><name>GC9V568</name><Point><coordinates>-122.347,47.6501,100 
</coordinates></Point><Style>
  <Icon>
    <href>http://chart.apis.google.com/chart?chst=d_bubble_icon_text_small&amp;chld=location|bbT|1417|FFFFFF|000000</href>
  </Icon>
</Style><description><![CDATA[]]></description><visibility>1</visibility></Placemark><Placemark><name>GCAK3D2</name><Point><coordinates>-122.348,47.6496,100 
</coordinates></Point><Style>
  <Icon>
    <href>http://chart.apis.google.com/chart?chst=d_bubble_icon_text_small&amp;chld=location|bbT|1418|FFFFFF|000000</href>
  </Icon>
</Style><description><![CDATA[]]></description><visibility>1</visibility></Placemark><Placemark><name>GCAD4G9</name><Point><coordinates>-122.4021,47.6941,100 
</coordinates></Point><Style>
  <Icon>
    <href>http://chart.apis.google.com/chart?chst=d_bubble_icon_text_small&amp;chld=location|bbT|1419|FFFFFF|000000</href>
  </Icon>
</Style><description><![CDATA[]]></description><visibility>1</visibility></Placemark><Placemark><name>GCE577</name><Point><coordinates>-122.4018,47.6968,100 
</coordinates></Point><Style>
  <Icon>
    <href>http://chart.apis.google.com/chart?chst=d_bubble_icon_text_small&amp;chld=location|bbT|1420|FFFFFF|000000</href>
  </Icon>
</Style><description><![CDATA[]]></description><visibility>1</visibility></Placemark><Placemark><name>GC978C5</name><Point><coordinates>-122.4006,47.6892,100 
</coordinates></Point><Style>
  <Icon>
    <href>http://chart.apis.google.com/chart?chst=d_bubble_icon_text_small&amp;chld=location|bbT|1421|FFFFFF|000000</href>
  </Icon>
</Style><description><![CDATA[]]></description><visibility>1</visibility></Placemark><Placemark><name>GCAF8W1</name><Point><coordinates>-122.4017,47.6807,100 
</coordinates></Point><Style>
  <Icon>
    <href>http://chart.apis.google.com/chart?chst=d_bubble_icon_text_small&amp;chld=location|bbT|1422|FFFFFF|000000</href>
  </Icon>
</Style><description><![CDATA[]]></description><visibility>1</visibility></Placemark><Placemark><name>GCZ5QY</name><Point><coordinates>-122.3571,47.6573,100 
</coordinates></Point><Style>
  <Icon>
    <href>http://chart.apis.google.com/chart?chst=d_bubble_icon_text_small&amp;chld=location|bbT|1423|FFFFFF|000000</href>
  </Icon>
</Style><description><![CDATA[]]></description><visibility>1</visibility></Placemark><Placemark><name>GCAJFHM</name><Point><coordinates>-122.3494,47.6499,100 
</coordinates></Point><Style>
  <Icon>
    <href>http://chart.apis.google.com/chart?chst=d_bubble_icon_text_small&amp;chld=location|bbT|1424|FFFFFF|000000</href>
  </Icon>
</Style><description><![CDATA[]]></description><visibility>1</visibility></Placemark><Placemark><name>GC7RQQP</name><Point><coordinates>-122.272,47.6928,100 
</coordinates></Point><Style>
  <Icon>
    <href>http://chart.apis.google.com/chart?chst=d_bubble_icon_text_small&amp;chld=location|bbT|1425|FFFFFF|000000</href>
  </Icon>
</Style><description><![CDATA[]]></description><visibility>1</visibility></Placemark><Placemark><name>GCAJN3W</name><Point><coordinates>-122.3253,47.5995,100 
</coordinates></Point><Style>
  <Icon>
    <href>http://chart.apis.google.com/chart?chst=d_bubble_icon_text_small&amp;chld=location|bbT|1426|FFFFFF|000000</href>
  </Icon>
</Style><description><![CDATA[]]></description><visibility>1</visibility></Placemark><Placemark><name>GCAD84B</name><Point><coordinates>-122.331,47.6022,100 
</coordinates></Point><Style>
  <Icon>
    <href>http://chart.apis.google.com/chart?chst=d_bubble_icon_text_small&amp;chld=location|bbT|1427|FFFFFF|000000</href>
  </Icon>
</Style><description><![CDATA[]]></description><visibility>1</visibility></Placemark><Placemark><name>GC9TJ2B</name><Point><coordinates>-122.0189,47.5297,100 
</coordinates></Point><Style>
  <Icon>
    <href>http://chart.apis.google.com/chart?chst=d_bubble_icon_text_small&amp;chld=location|bbT|1428|FFFFFF|000000</href>
  </Icon>
</Style><description><![CDATA[]]></description><visibility>1</visibility></Placemark><Placemark><name>GC9FMD8</name><Point><coordinates>-122.0059,47.5066,100 
</coordinates></Point><Style>
  <Icon>
    <href>http://chart.apis.google.com/chart?chst=d_bubble_icon_text_small&amp;chld=location|bbT|1429|FFFFFF|000000</href>
  </Icon>
</Style><description><![CDATA[]]></description><visibility>1</visibility></Placemark><Placemark><name>GCAJD93</name><Point><coordinates>-122.0029,47.5264,100 
</coordinates></Point><Style>
  <Icon>
    <href>http://chart.apis.google.com/chart?chst=d_bubble_icon_text_small&amp;chld=location|bbT|1430|FFFFFF|000000</href>
  </Icon>
</Style><description><![CDATA[]]></description><visibility>1</visibility></Placemark><Placemark><name>GCM9TC</name><Point><coordinates>-122.0033,47.5262,100 
</coordinates></Point><Style>
  <Icon>
    <href>http://chart.apis.google.com/chart?chst=d_bubble_icon_text_small&amp;chld=location|bbT|1431|FFFFFF|000000</href>
  </Icon>
</Style><description><![CDATA[]]></description><visibility>1</visibility></Placemark><Placemark><name>GCA113T</name><Point><coordinates>-122.0074,47.5291,100 
</coordinates></Point><Style>
  <Icon>
    <href>http://chart.apis.google.com/chart?chst=d_bubble_icon_text_small&amp;chld=location|bbT|1432|FFFFFF|000000</href>
  </Icon>
</Style><description><![CDATA[]]></description><visibility>1</visibility></Placemark><Placemark><name>GC5NVH9</name><Point><coordinates>-122.0108,47.5286,100 
</coordinates></Point><Style>
  <Icon>
    <href>http://chart.apis.google.com/chart?chst=d_bubble_icon_text_small&amp;chld=location|bbT|1433|FFFFFF|000000</href>
  </Icon>
</Style><description><![CDATA[]]></description><visibility>1</visibility></Placemark><Placemark><name>GC46QWK</name><Point><coordinates>-122.0115,47.5258,100 
</coordinates></Point><Style>
  <Icon>
    <href>http://chart.apis.google.com/chart?chst=d_bubble_icon_text_small&amp;chld=location|bbT|1434|FFFFFF|000000</href>
  </Icon>
</Style><description><![CDATA[]]></description><visibility>1</visibility></Placemark><Placemark><name>GCA44Y5</name><Point><coordinates>-122.0118,47.5292,100 
</coordinates></Point><Style>
  <Icon>
    <href>http://chart.apis.google.com/chart?chst=d_bubble_icon_text_small&amp;chld=location|bbT|1435|FFFFFF|000000</href>
  </Icon>
</Style><description><![CDATA[]]></description><visibility>1</visibility></Placemark><Placemark><name>GCAJFEF</name><Point><coordinates>-122.3997,47.5316,100 
</coordinates></Point><Style>
  <Icon>
    <href>http://chart.apis.google.com/chart?chst=d_bubble_icon_text_small&amp;chld=location|bbT|1436|FFFFFF|000000</href>
  </Icon>
</Style><description><![CDATA[]]></description><visibility>1</visibility></Placemark><Placemark><name>GCAJFEB</name><Point><coordinates>-122.3773,47.39,100 
</coordinates></Point><Style>
  <Icon>
    <href>http://chart.apis.google.com/chart?chst=d_bubble_icon_text_small&amp;chld=location|bbT|1437|FFFFFF|000000</href>
  </Icon>
</Style><description><![CDATA[]]></description><visibility>1</visibility></Placemark><Placemark><name>GC9P7H2</name><Point><coordinates>-122.3491,47.6662,100 
</coordinates></Point><Style>
  <Icon>
    <href>http://chart.apis.google.com/chart?chst=d_bubble_icon_text_small&amp;chld=location|bbT|1438|FFFFFF|000000</href>
  </Icon>
</Style><description><![CDATA[]]></description><visibility>1</visibility></Placemark><Placemark><name>GCAJFEN</name><Point><coordinates>-122.5201,47.6389,100 
</coordinates></Point><Style>
  <Icon>
    <href>http://chart.apis.google.com/chart?chst=d_bubble_icon_text_small&amp;chld=location|bbT|1439|FFFFFF|000000</href>
  </Icon>
</Style><description><![CDATA[]]></description><visibility>1</visibility></Placemark><Placemark><name>GC19V4A</name><Point><coordinates>-122.5103,47.6649,100 
</coordinates></Point><Style>
  <Icon>
    <href>http://chart.apis.google.com/chart?chst=d_bubble_icon_text_small&amp;chld=location|bbT|1440|FFFFFF|000000</href>
  </Icon>
</Style><description><![CDATA[]]></description><visibility>1</visibility></Placemark><Placemark><name>GC7B86D</name><Point><coordinates>-122.5501,47.7306,100 
</coordinates></Point><Style>
  <Icon>
    <href>http://chart.apis.google.com/chart?chst=d_bubble_icon_text_small&amp;chld=location|bbT|1441|FFFFFF|000000</href>
  </Icon>
</Style><description><![CDATA[]]></description><visibility>1</visibility></Placemark><Placemark><name>GC9P5TK</name><Point><coordinates>-122.5584,47.7017,100 
</coordinates></Point><Style>
  <Icon>
    <href>http://chart.apis.google.com/chart?chst=d_bubble_icon_text_small&amp;chld=location|bbT|1442|FFFFFF|000000</href>
  </Icon>
</Style><description><![CDATA[]]></description><visibility>1</visibility></Placemark><Placemark><name>GC28JYM</name><Point><coordinates>-122.338,47.6942,100 
</coordinates></Point><Style>
  <Icon>
    <href>http://chart.apis.google.com/chart?chst=d_bubble_icon_text_small&amp;chld=location|bbT|1443|FFFFFF|000000</href>
  </Icon>
</Style><description><![CDATA[]]></description><visibility>1</visibility></Placemark><Placemark><name>GC830M7</name><Point><coordinates>-122.3396,47.6964,100 
</coordinates></Point><Style>
  <Icon>
    <href>http://chart.apis.google.com/chart?chst=d_bubble_icon_text_small&amp;chld=location|bbT|1444|FFFFFF|000000</href>
  </Icon>
</Style><description><![CDATA[]]></description><visibility>1</visibility></Placemark><Placemark><name>GC63ACF</name><Point><coordinates>-121.8198,48.2516,100 
</coordinates></Point><Style>
  <Icon>
    <href>http://chart.apis.google.com/chart?chst=d_bubble_icon_text_small&amp;chld=location|bbT|1445|FFFFFF|000000</href>
  </Icon>
</Style><description><![CDATA[]]></description><visibility>1</visibility></Placemark><Placemark><name>GC63ADA</name><Point><coordinates>-121.8272,48.246,100 
</coordinates></Point><Style>
  <Icon>
    <href>http://chart.apis.google.com/chart?chst=d_bubble_icon_text_small&amp;chld=location|bbT|1446|FFFFFF|000000</href>
  </Icon>
</Style><description><![CDATA[]]></description><visibility>1</visibility></Placemark><Placemark><name>GCJGTR</name><Point><coordinates>-121.7775,48.2189,100 
</coordinates></Point><Style>
  <Icon>
    <href>http://chart.apis.google.com/chart?chst=d_bubble_icon_text_small&amp;chld=location|bbT|1447|FFFFFF|000000</href>
  </Icon>
</Style><description><![CDATA[]]></description><visibility>1</visibility></Placemark><Placemark><name>GCAMVXJ</name><Point><coordinates>-122.332,47.6464,100 
</coordinates></Point><Style>
  <Icon>
    <href>http://chart.apis.google.com/chart?chst=d_bubble_icon_text_small&amp;chld=location|bbT|1448|FFFFFF|000000</href>
  </Icon>
</Style><description><![CDATA[]]></description><visibility>1</visibility></Placemark><Placemark><name>GC9XA67</name><Point><coordinates>-122.2539,47.5902,100 
</coordinates></Point><Style>
  <Icon>
    <href>http://chart.apis.google.com/chart?chst=d_bubble_icon_text_small&amp;chld=location|bbT|1449|FFFFFF|000000</href>
  </Icon>
</Style><description><![CDATA[]]></description><visibility>1</visibility></Placemark><Placemark><name>GC9XJ0X</name><Point><coordinates>-122.2511,47.5893,100 
</coordinates></Point><Style>
  <Icon>
    <href>http://chart.apis.google.com/chart?chst=d_bubble_icon_text_small&amp;chld=location|bbT|1450|FFFFFF|000000</href>
  </Icon>
</Style><description><![CDATA[]]></description><visibility>1</visibility></Placemark><Placemark><name>GC9W10E</name><Point><coordinates>-122.2482,47.5866,100 
</coordinates></Point><Style>
  <Icon>
    <href>http://chart.apis.google.com/chart?chst=d_bubble_icon_text_small&amp;chld=location|bbT|1451|FFFFFF|000000</href>
  </Icon>
</Style><description><![CDATA[]]></description><visibility>1</visibility></Placemark><Placemark><name>GC9YPJ1</name><Point><coordinates>-122.2413,47.5896,100 
</coordinates></Point><Style>
  <Icon>
    <href>http://chart.apis.google.com/chart?chst=d_bubble_icon_text_small&amp;chld=location|bbT|1452|FFFFFF|000000</href>
  </Icon>
</Style><description><![CDATA[]]></description><visibility>1</visibility></Placemark><Placemark><name>GC2R2PZ</name><Point><coordinates>-122.2401,47.591,100 
</coordinates></Point><Style>
  <Icon>
    <href>http://chart.apis.google.com/chart?chst=d_bubble_icon_text_small&amp;chld=location|bbT|1453|FFFFFF|000000</href>
  </Icon>
</Style><description><![CDATA[]]></description><visibility>1</visibility></Placemark><Placemark><name>GCA3H4Z</name><Point><coordinates>-122.2411,47.5912,100 
</coordinates></Point><Style>
  <Icon>
    <href>http://chart.apis.google.com/chart?chst=d_bubble_icon_text_small&amp;chld=location|bbT|1454|FFFFFF|000000</href>
  </Icon>
</Style><description><![CDATA[]]></description><visibility>1</visibility></Placemark><Placemark><name>GC11HEG</name><Point><coordinates>-122.2462,47.5958,100 
</coordinates></Point><Style>
  <Icon>
    <href>http://chart.apis.google.com/chart?chst=d_bubble_icon_text_small&amp;chld=location|bbT|1455|FFFFFF|000000</href>
  </Icon>
</Style><description><![CDATA[]]></description><visibility>1</visibility></Placemark><Placemark><name>GC930JB</name><Point><coordinates>-122.2446,47.5913,100 
</coordinates></Point><Style>
  <Icon>
    <href>http://chart.apis.google.com/chart?chst=d_bubble_icon_text_small&amp;chld=location|bbT|1456|FFFFFF|000000</href>
  </Icon>
</Style><description><![CDATA[]]></description><visibility>1</visibility></Placemark><Placemark><name>GCA1FTQ</name><Point><coordinates>-122.2377,47.592,100 
</coordinates></Point><Style>
  <Icon>
    <href>http://chart.apis.google.com/chart?chst=d_bubble_icon_text_small&amp;chld=location|bbT|1457|FFFFFF|000000</href>
  </Icon>
</Style><description><![CDATA[]]></description><visibility>1</visibility></Placemark><Placemark><name>GC8MDNH</name><Point><coordinates>-122.2338,47.5823,100 
</coordinates></Point><Style>
  <Icon>
    <href>http://chart.apis.google.com/chart?chst=d_bubble_icon_text_small&amp;chld=location|bbT|1458|FFFFFF|000000</href>
  </Icon>
</Style><description><![CDATA[]]></description><visibility>1</visibility></Placemark><Placemark><name>GCAJZPN</name><Point><coordinates>-122.2216,47.5518,100 
</coordinates></Point><Style>
  <Icon>
    <href>http://chart.apis.google.com/chart?chst=d_bubble_icon_text_small&amp;chld=location|bbT|1459|FFFFFF|000000</href>
  </Icon>
</Style><description><![CDATA[]]></description><visibility>1</visibility></Placemark><Placemark><name>GCAKDJ6</name><Point><coordinates>-122.2169,47.5439,100 
</coordinates></Point><Style>
  <Icon>
    <href>http://chart.apis.google.com/chart?chst=d_bubble_icon_text_small&amp;chld=location|bbT|1460|FFFFFF|000000</href>
  </Icon>
</Style><description><![CDATA[]]></description><visibility>1</visibility></Placemark><Placemark><name>GC86T0M</name><Point><coordinates>-122.2253,47.5419,100 
</coordinates></Point><Style>
  <Icon>
    <href>http://chart.apis.google.com/chart?chst=d_bubble_icon_text_small&amp;chld=location|bbT|1461|FFFFFF|000000</href>
  </Icon>
</Style><description><![CDATA[]]></description><visibility>1</visibility></Placemark><Placemark><name>GCA1Y8R</name><Point><coordinates>-122.2176,47.5676,100 
</coordinates></Point><Style>
  <Icon>
    <href>http://chart.apis.google.com/chart?chst=d_bubble_icon_text_small&amp;chld=location|bbT|1462|FFFFFF|000000</href>
  </Icon>
</Style><description><![CDATA[]]></description><visibility>1</visibility></Placemark><Placemark><name>GCAMQCV</name><Point><coordinates>-122.3372,47.6535,100 
</coordinates></Point><Style>
  <Icon>
    <href>http://chart.apis.google.com/chart?chst=d_bubble_icon_text_small&amp;chld=location|bbT|1463|FFFFFF|000000</href>
  </Icon>
</Style><description><![CDATA[]]></description><visibility>1</visibility></Placemark><Placemark><name>GC17X1M</name><Point><coordinates>-122.2826,47.643,100 
</coordinates></Point><Style>
  <Icon>
    <href>http://chart.apis.google.com/chart?chst=d_bubble_icon_text_small&amp;chld=location|bbT|1464|FFFFFF|000000</href>
  </Icon>
</Style><description><![CDATA[]]></description><visibility>1</visibility></Placemark><Placemark><name>GC5KXXW</name><Point><coordinates>-122.0901,47.513,100 
</coordinates></Point><Style>
  <Icon>
    <href>http://chart.apis.google.com/chart?chst=d_bubble_icon_text_small&amp;chld=location|bbT|1465|FFFFFF|000000</href>
  </Icon>
</Style><description><![CDATA[]]></description><visibility>1</visibility></Placemark><Placemark><name>GC9V7EH</name><Point><coordinates>-122.0916,47.5147,100 
</coordinates></Point><Style>
  <Icon>
    <href>http://chart.apis.google.com/chart?chst=d_bubble_icon_text_small&amp;chld=location|bbT|1466|FFFFFF|000000</href>
  </Icon>
</Style><description><![CDATA[]]></description><visibility>1</visibility></Placemark><Placemark><name>GC9XA6K</name><Point><coordinates>-122.0963,47.5208,100 
</coordinates></Point><Style>
  <Icon>
    <href>http://chart.apis.google.com/chart?chst=d_bubble_icon_text_small&amp;chld=location|bbT|1467|FFFFFF|000000</href>
  </Icon>
</Style><description><![CDATA[]]></description><visibility>1</visibility></Placemark><Placemark><name>GCAJFEK</name><Point><coordinates>-122.39,47.6686,100 
</coordinates></Point><Style>
  <Icon>
    <href>http://chart.apis.google.com/chart?chst=d_bubble_icon_text_small&amp;chld=location|bbT|1468|FFFFFF|000000</href>
  </Icon>
</Style><description><![CDATA[]]></description><visibility>1</visibility></Placemark><Placemark><name>GCAJFEK</name><Point><coordinates>-122.3925,47.6687,100 
</coordinates></Point><Style>
  <Icon>
    <href>http://chart.apis.google.com/chart?chst=d_bubble_icon_text_small&amp;chld=location|bbT|1469|FFFFFF|000000</href>
  </Icon>
</Style><description><![CDATA[]]></description><visibility>1</visibility></Placemark><Placemark><name>GCA6N72</name><Point><coordinates>-122.3284,47.6709,100 
</coordinates></Point><Style>
  <Icon>
    <href>http://chart.apis.google.com/chart?chst=d_bubble_icon_text_small&amp;chld=location|bbT|1470|FFFFFF|000000</href>
  </Icon>
</Style><description><![CDATA[]]></description><visibility>1</visibility></Placemark><Placemark><name>GCA3J67</name><Point><coordinates>-122.3258,47.6746,100 
</coordinates></Point><Style>
  <Icon>
    <href>http://chart.apis.google.com/chart?chst=d_bubble_icon_text_small&amp;chld=location|bbT|1471|FFFFFF|000000</href>
  </Icon>
</Style><description><![CDATA[]]></description><visibility>1</visibility></Placemark><Placemark><name>GCAP2G8</name><Point><coordinates>-74.0059,40.7368,100 
</coordinates></Point><Style>
  <Icon>
    <href>http://chart.apis.google.com/chart?chst=d_bubble_icon_text_small&amp;chld=location|bbT|1472|FFFFFF|000000</href>
  </Icon>
</Style><description><![CDATA[]]></description><visibility>1</visibility></Placemark><Placemark><name>GC891ZJ</name><Point><coordinates>-74.0053,40.7327,100 
</coordinates></Point><Style>
  <Icon>
    <href>http://chart.apis.google.com/chart?chst=d_bubble_icon_text_small&amp;chld=location|bbT|1473|FFFFFF|000000</href>
  </Icon>
</Style><description><![CDATA[]]></description><visibility>1</visibility></Placemark><Placemark><name>GC32KQ8</name><Point><coordinates>-73.9892,40.7367,100 
</coordinates></Point><Style>
  <Icon>
    <href>http://chart.apis.google.com/chart?chst=d_bubble_icon_text_small&amp;chld=location|bbT|1474|FFFFFF|000000</href>
  </Icon>
</Style><description><![CDATA[]]></description><visibility>1</visibility></Placemark><Placemark><name>GC8M4K0</name><Point><coordinates>-73.9528,40.7171,100 
</coordinates></Point><Style>
  <Icon>
    <href>http://chart.apis.google.com/chart?chst=d_bubble_icon_text_small&amp;chld=location|bbT|1475|FFFFFF|000000</href>
  </Icon>
</Style><description><![CDATA[]]></description><visibility>1</visibility></Placemark><Placemark><name>GC7R57D</name><Point><coordinates>-73.9667,40.7172,100 
</coordinates></Point><Style>
  <Icon>
    <href>http://chart.apis.google.com/chart?chst=d_bubble_icon_text_small&amp;chld=location|bbT|1476|FFFFFF|000000</href>
  </Icon>
</Style><description><![CDATA[]]></description><visibility>1</visibility></Placemark><Placemark><name>GC9P6AG</name><Point><coordinates>-73.9715,40.7579,100 
</coordinates></Point><Style>
  <Icon>
    <href>http://chart.apis.google.com/chart?chst=d_bubble_icon_text_small&amp;chld=location|bbT|1477|FFFFFF|000000</href>
  </Icon>
</Style><description><![CDATA[]]></description><visibility>1</visibility></Placemark><Placemark><name>GC4D7A</name><Point><coordinates>-73.9587,40.7793,100 
</coordinates></Point><Style>
  <Icon>
    <href>http://chart.apis.google.com/chart?chst=d_bubble_icon_text_small&amp;chld=location|bbT|1478|FFFFFF|000000</href>
  </Icon>
</Style><description><![CDATA[]]></description><visibility>1</visibility></Placemark><Placemark><name>GC7B9DM</name><Point><coordinates>-74.6592,40.3442,100 
</coordinates></Point><Style>
  <Icon>
    <href>http://chart.apis.google.com/chart?chst=d_bubble_icon_text_small&amp;chld=location|bbT|1479|FFFFFF|000000</href>
  </Icon>
</Style><description><![CDATA[]]></description><visibility>1</visibility></Placemark><Placemark><name>GC7B735</name><Point><coordinates>-74.6653,40.3483,100 
</coordinates></Point><Style>
  <Icon>
    <href>http://chart.apis.google.com/chart?chst=d_bubble_icon_text_small&amp;chld=location|bbT|1480|FFFFFF|000000</href>
  </Icon>
</Style><description><![CDATA[]]></description><visibility>1</visibility></Placemark><Placemark><name>GC9527K</name><Point><coordinates>-74.6607,40.3547,100 
</coordinates></Point><Style>
  <Icon>
    <href>http://chart.apis.google.com/chart?chst=d_bubble_icon_text_small&amp;chld=location|bbT|1481|FFFFFF|000000</href>
  </Icon>
</Style><description><![CDATA[]]></description><visibility>1</visibility></Placemark><Placemark><name>GC8FRYH</name><Point><coordinates>-74.6602,40.3527,100 
</coordinates></Point><Style>
  <Icon>
    <href>http://chart.apis.google.com/chart?chst=d_bubble_icon_text_small&amp;chld=location|bbT|1482|FFFFFF|000000</href>
  </Icon>
</Style><description><![CDATA[]]></description><visibility>1</visibility></Placemark><Placemark><name>GC57XH7</name><Point><coordinates>-74.6555,40.3388,100 
</coordinates></Point><Style>
  <Icon>
    <href>http://chart.apis.google.com/chart?chst=d_bubble_icon_text_small&amp;chld=location|bbT|1483|FFFFFF|000000</href>
  </Icon>
</Style><description><![CDATA[]]></description><visibility>1</visibility></Placemark><Placemark><name>GC9T0M8</name><Point><coordinates>-74.6584,40.3469,100 
</coordinates></Point><Style>
  <Icon>
    <href>http://chart.apis.google.com/chart?chst=d_bubble_icon_text_small&amp;chld=location|bbT|1484|FFFFFF|000000</href>
  </Icon>
</Style><description><![CDATA[]]></description><visibility>1</visibility></Placemark><Placemark><name>GCAKBE3</name><Point><coordinates>-75.1583,39.9437,100 
</coordinates></Point><Style>
  <Icon>
    <href>http://chart.apis.google.com/chart?chst=d_bubble_icon_text_small&amp;chld=location|bbT|1485|FFFFFF|000000</href>
  </Icon>
</Style><description><![CDATA[]]></description><visibility>1</visibility></Placemark><Placemark><name>GC7B8HB</name><Point><coordinates>-75.1593,39.943,100 
</coordinates></Point><Style>
  <Icon>
    <href>http://chart.apis.google.com/chart?chst=d_bubble_icon_text_small&amp;chld=location|bbT|1486|FFFFFF|000000</href>
  </Icon>
</Style><description><![CDATA[]]></description><visibility>1</visibility></Placemark><Placemark><name>GCV2B0</name><Point><coordinates>-75.1491,39.9453,100 
</coordinates></Point><Style>
  <Icon>
    <href>http://chart.apis.google.com/chart?chst=d_bubble_icon_text_small&amp;chld=location|bbT|1487|FFFFFF|000000</href>
  </Icon>
</Style><description><![CDATA[]]></description><visibility>1</visibility></Placemark><Placemark><name>GCA9PDW</name><Point><coordinates>-75.1461,39.9528,100 
</coordinates></Point><Style>
  <Icon>
    <href>http://chart.apis.google.com/chart?chst=d_bubble_icon_text_small&amp;chld=location|bbT|1488|FFFFFF|000000</href>
  </Icon>
</Style><description><![CDATA[]]></description><visibility>1</visibility></Placemark><Placemark><name>GC65B5</name><Point><coordinates>-75.1633,39.9543,100 
</coordinates></Point><Style>
  <Icon>
    <href>http://chart.apis.google.com/chart?chst=d_bubble_icon_text_small&amp;chld=location|bbT|1489|FFFFFF|000000</href>
  </Icon>
</Style><description><![CDATA[]]></description><visibility>1</visibility></Placemark><Placemark><name>GC3E522</name><Point><coordinates>-75.1705,39.9598,100 
</coordinates></Point><Style>
  <Icon>
    <href>http://chart.apis.google.com/chart?chst=d_bubble_icon_text_small&amp;chld=location|bbT|1490|FFFFFF|000000</href>
  </Icon>
</Style><description><![CDATA[]]></description><visibility>1</visibility></Placemark><Placemark><name>GCA00D</name><Point><coordinates>-75.1697,39.9489,100 
</coordinates></Point><Style>
  <Icon>
    <href>http://chart.apis.google.com/chart?chst=d_bubble_icon_text_small&amp;chld=location|bbT|1491|FFFFFF|000000</href>
  </Icon>
</Style><description><![CDATA[]]></description><visibility>1</visibility></Placemark><Placemark><name>GCDC97</name><Point><coordinates>-75.1715,39.9502,100 
</coordinates></Point><Style>
  <Icon>
    <href>http://chart.apis.google.com/chart?chst=d_bubble_icon_text_small&amp;chld=location|bbT|1492|FFFFFF|000000</href>
  </Icon>
</Style><description><![CDATA[]]></description><visibility>1</visibility></Placemark><Placemark><name>GC7EM5B</name><Point><coordinates>-75.171,39.9494,100 
</coordinates></Point><Style>
  <Icon>
    <href>http://chart.apis.google.com/chart?chst=d_bubble_icon_text_small&amp;chld=location|bbT|1493|FFFFFF|000000</href>
  </Icon>
</Style><description><![CDATA[]]></description><visibility>1</visibility></Placemark><Placemark><name>GC9969</name><Point><coordinates>-75.16,39.9469,100 
</coordinates></Point><Style>
  <Icon>
    <href>http://chart.apis.google.com/chart?chst=d_bubble_icon_text_small&amp;chld=location|bbT|1494|FFFFFF|000000</href>
  </Icon>
</Style><description><![CDATA[]]></description><visibility>1</visibility></Placemark><Placemark><name>GCAPNA8</name><Point><coordinates>-122.3442,47.6491,100 
</coordinates></Point><Style>
  <Icon>
    <href>http://chart.apis.google.com/chart?chst=d_bubble_icon_text_small&amp;chld=location|bbT|1495|FFFFFF|000000</href>
  </Icon>
</Style><description><![CDATA[]]></description><visibility>1</visibility></Placemark><Placemark><name>GCAP9JD</name><Point><coordinates>-122.3483,47.6496,100 
</coordinates></Point><Style>
  <Icon>
    <href>http://chart.apis.google.com/chart?chst=d_bubble_icon_text_small&amp;chld=location|bbT|1496|FFFFFF|000000</href>
  </Icon>
</Style><description><![CDATA[]]></description><visibility>1</visibility></Placemark><Placemark><name>GC3R5NV</name><Point><coordinates>-122.7117,47.0729,100 
</coordinates></Point><Style>
  <Icon>
    <href>http://chart.apis.google.com/chart?chst=d_bubble_icon_text_small&amp;chld=location|bbT|1497|FFFFFF|000000</href>
  </Icon>
</Style><description><![CDATA[]]></description><visibility>1</visibility></Placemark><Placemark><name>GCAPXJP</name><Point><coordinates>-122.1611,47.6249,100 
</coordinates></Point><Style>
  <Icon>
    <href>http://chart.apis.google.com/chart?chst=d_bubble_icon_text_small&amp;chld=location|bbT|1498|FFFFFF|000000</href>
  </Icon>
</Style><description><![CDATA[]]></description><visibility>1</visibility></Placemark><Placemark><name>GCAN07P</name><Point><coordinates>-122.1627,47.6233,100 
</coordinates></Point><Style>
  <Icon>
    <href>http://chart.apis.google.com/chart?chst=d_bubble_icon_text_small&amp;chld=location|bbT|1499|FFFFFF|000000</href>
  </Icon>
</Style><description><![CDATA[]]></description><visibility>1</visibility></Placemark><Placemark><name>GCAPNA8</name><Point><coordinates>-122.3445,47.6489,100 
</coordinates></Point><Style>
  <Icon>
    <href>http://chart.apis.google.com/chart?chst=d_bubble_icon_text_small&amp;chld=location|bbT|1500|FFFFFF|000000</href>
  </Icon>
</Style><description><![CDATA[]]></description><visibility>1</visibility></Placemark><Placemark><name>GCANMD9</name><Point><coordinates>-122.3488,47.6491,100 
</coordinates></Point><Style>
  <Icon>
    <href>http://chart.apis.google.com/chart?chst=d_bubble_icon_text_small&amp;chld=location|bbT|1501|FFFFFF|000000</href>
  </Icon>
</Style><description><![CDATA[]]></description><visibility>1</visibility></Placemark><Placemark><name>GC1A6AR</name><Point><coordinates>-122.3085,47.6087,100 
</coordinates></Point><Style>
  <Icon>
    <href>http://chart.apis.google.com/chart?chst=d_bubble_icon_text_small&amp;chld=location|bbT|1502|FFFFFF|000000</href>
  </Icon>
</Style><description><![CDATA[]]></description><visibility>1</visibility></Placemark><Placemark><name>GCANJW0</name><Point><coordinates>-122.3444,47.6493,100 
</coordinates></Point><Style>
  <Icon>
    <href>http://chart.apis.google.com/chart?chst=d_bubble_icon_text_small&amp;chld=location|bbT|1503|FFFFFF|000000</href>
  </Icon>
</Style><description><![CDATA[]]></description><visibility>1</visibility></Placemark><Placemark><name>GCRCV0</name><Point><coordinates>-121.7116,47.5021,100 
</coordinates></Point><Style>
  <Icon>
    <href>http://chart.apis.google.com/chart?chst=d_bubble_icon_text_small&amp;chld=location|bbT|1504|FFFFFF|000000</href>
  </Icon>
</Style><description><![CDATA[]]></description><visibility>1</visibility></Placemark><Placemark><name>GC1GZG7</name><Point><coordinates>-121.7203,47.5031,100 
</coordinates></Point><Style>
  <Icon>
    <href>http://chart.apis.google.com/chart?chst=d_bubble_icon_text_small&amp;chld=location|bbT|1505|FFFFFF|000000</href>
  </Icon>
</Style><description><![CDATA[]]></description><visibility>1</visibility></Placemark><Placemark><name>GC2409J</name><Point><coordinates>-121.7176,47.5061,100 
</coordinates></Point><Style>
  <Icon>
    <href>http://chart.apis.google.com/chart?chst=d_bubble_icon_text_small&amp;chld=location|bbT|1506|FFFFFF|000000</href>
  </Icon>
</Style><description><![CDATA[]]></description><visibility>1</visibility></Placemark><Placemark><name>GC5D5ZD</name><Point><coordinates>-121.7154,47.5059,100 
</coordinates></Point><Style>
  <Icon>
    <href>http://chart.apis.google.com/chart?chst=d_bubble_icon_text_small&amp;chld=location|bbT|1507|FFFFFF|000000</href>
  </Icon>
</Style><description><![CDATA[]]></description><visibility>1</visibility></Placemark><Placemark><name>GC22AZZ</name><Point><coordinates>-121.7001,47.4864,100 
</coordinates></Point><Style>
  <Icon>
    <href>http://chart.apis.google.com/chart?chst=d_bubble_icon_text_small&amp;chld=location|bbT|1508|FFFFFF|000000</href>
  </Icon>
</Style><description><![CDATA[]]></description><visibility>1</visibility></Placemark><Placemark><name>GC78D72</name><Point><coordinates>-122.1815,47.4148,100 
</coordinates></Point><Style>
  <Icon>
    <href>http://chart.apis.google.com/chart?chst=d_bubble_icon_text_small&amp;chld=location|bbT|1509|FFFFFF|000000</href>
  </Icon>
</Style><description><![CDATA[]]></description><visibility>1</visibility></Placemark><Placemark><name>GC2W77Z</name><Point><coordinates>-122.083,47.4213,100 
</coordinates></Point><Style>
  <Icon>
    <href>http://chart.apis.google.com/chart?chst=d_bubble_icon_text_small&amp;chld=location|bbT|1510|FFFFFF|000000</href>
  </Icon>
</Style><description><![CDATA[]]></description><visibility>1</visibility></Placemark><Placemark><name>GC226D4</name><Point><coordinates>-121.9439,47.3643,100 
</coordinates></Point><Style>
  <Icon>
    <href>http://chart.apis.google.com/chart?chst=d_bubble_icon_text_small&amp;chld=location|bbT|1511|FFFFFF|000000</href>
  </Icon>
</Style><description><![CDATA[]]></description><visibility>1</visibility></Placemark><Placemark><name>GC3EXPY</name><Point><coordinates>-121.9389,47.3645,100 
</coordinates></Point><Style>
  <Icon>
    <href>http://chart.apis.google.com/chart?chst=d_bubble_icon_text_small&amp;chld=location|bbT|1512|FFFFFF|000000</href>
  </Icon>
</Style><description><![CDATA[]]></description><visibility>1</visibility></Placemark><Placemark><name>GC1JG75</name><Point><coordinates>-121.9303,47.2778,100 
</coordinates></Point><Style>
  <Icon>
    <href>http://chart.apis.google.com/chart?chst=d_bubble_icon_text_small&amp;chld=location|bbT|1513|FFFFFF|000000</href>
  </Icon>
</Style><description><![CDATA[]]></description><visibility>1</visibility></Placemark><Placemark><name>GC333</name><Point><coordinates>-121.9422,47.2722,100 
</coordinates></Point><Style>
  <Icon>
    <href>http://chart.apis.google.com/chart?chst=d_bubble_icon_text_small&amp;chld=location|bbT|1514|FFFFFF|000000</href>
  </Icon>
</Style><description><![CDATA[]]></description><visibility>1</visibility></Placemark><Placemark><name>GCAP4ED</name><Point><coordinates>-121.9877,47.2035,100 
</coordinates></Point><Style>
  <Icon>
    <href>http://chart.apis.google.com/chart?chst=d_bubble_icon_text_small&amp;chld=location|bbT|1515|FFFFFF|000000</href>
  </Icon>
</Style><description><![CDATA[]]></description><visibility>1</visibility></Placemark><Placemark><name>GCABJWQ</name><Point><coordinates>-122.0188,47.1764,100 
</coordinates></Point><Style>
  <Icon>
    <href>http://chart.apis.google.com/chart?chst=d_bubble_icon_text_small&amp;chld=location|bbT|1516|FFFFFF|000000</href>
  </Icon>
</Style><description><![CDATA[]]></description><visibility>1</visibility></Placemark><Placemark><name>GC3MQZ6</name><Point><coordinates>-122.0482,47.1917,100 
</coordinates></Point><Style>
  <Icon>
    <href>http://chart.apis.google.com/chart?chst=d_bubble_icon_text_small&amp;chld=location|bbT|1517|FFFFFF|000000</href>
  </Icon>
</Style><description><![CDATA[]]></description><visibility>1</visibility></Placemark><Placemark><name>GC7CN7M</name><Point><coordinates>-122.0678,47.1903,100 
</coordinates></Point><Style>
  <Icon>
    <href>http://chart.apis.google.com/chart?chst=d_bubble_icon_text_small&amp;chld=location|bbT|1518|FFFFFF|000000</href>
  </Icon>
</Style><description><![CDATA[]]></description><visibility>1</visibility></Placemark><Placemark><name>GCABYP3</name><Point><coordinates>-122.038,47.2096,100 
</coordinates></Point><Style>
  <Icon>
    <href>http://chart.apis.google.com/chart?chst=d_bubble_icon_text_small&amp;chld=location|bbT|1519|FFFFFF|000000</href>
  </Icon>
</Style><description><![CDATA[]]></description><visibility>1</visibility></Placemark><Placemark><name>GC39VNV</name><Point><coordinates>-122.0528,47.2848,100 
</coordinates></Point><Style>
  <Icon>
    <href>http://chart.apis.google.com/chart?chst=d_bubble_icon_text_small&amp;chld=location|bbT|1520|FFFFFF|000000</href>
  </Icon>
</Style><description><![CDATA[]]></description><visibility>1</visibility></Placemark><Placemark><name>GC87KAM</name><Point><coordinates>-122.0893,47.2688,100 
</coordinates></Point><Style>
  <Icon>
    <href>http://chart.apis.google.com/chart?chst=d_bubble_icon_text_small&amp;chld=location|bbT|1521|FFFFFF|000000</href>
  </Icon>
</Style><description><![CDATA[]]></description><visibility>1</visibility></Placemark><Placemark><name>GC2563</name><Point><coordinates>-122.0207,47.2731,100 
</coordinates></Point><Style>
  <Icon>
    <href>http://chart.apis.google.com/chart?chst=d_bubble_icon_text_small&amp;chld=location|bbT|1522|FFFFFF|000000</href>
  </Icon>
</Style><description><![CDATA[]]></description><visibility>1</visibility></Placemark><Placemark><name>GCX492</name><Point><coordinates>-122.0064,47.308,100 
</coordinates></Point><Style>
  <Icon>
    <href>http://chart.apis.google.com/chart?chst=d_bubble_icon_text_small&amp;chld=location|bbT|1523|FFFFFF|000000</href>
  </Icon>
</Style><description><![CDATA[]]></description><visibility>1</visibility></Placemark><Placemark><name>GC9N9W1</name><Point><coordinates>-122.0394,47.3115,100 
</coordinates></Point><Style>
  <Icon>
    <href>http://chart.apis.google.com/chart?chst=d_bubble_icon_text_small&amp;chld=location|bbT|1524|FFFFFF|000000</href>
  </Icon>
</Style><description><![CDATA[]]></description><visibility>1</visibility></Placemark><Placemark><name>GC1T3F9</name><Point><coordinates>-122.1559,47.28,100 
</coordinates></Point><Style>
  <Icon>
    <href>http://chart.apis.google.com/chart?chst=d_bubble_icon_text_small&amp;chld=location|bbT|1525|FFFFFF|000000</href>
  </Icon>
</Style><description><![CDATA[]]></description><visibility>1</visibility></Placemark><Placemark><name>GCAB840</name><Point><coordinates>-122.2498,47.2876,100 
</coordinates></Point><Style>
  <Icon>
    <href>http://chart.apis.google.com/chart?chst=d_bubble_icon_text_small&amp;chld=location|bbT|1526|FFFFFF|000000</href>
  </Icon>
</Style><description><![CDATA[]]></description><visibility>1</visibility></Placemark><Placemark><name>GCWKEH</name><Point><coordinates>-122.3213,47.6508,100 
</coordinates></Point><Style>
  <Icon>
    <href>http://chart.apis.google.com/chart?chst=d_bubble_icon_text_small&amp;chld=location|bbT|1527|FFFFFF|000000</href>
  </Icon>
</Style><description><![CDATA[]]></description><visibility>1</visibility></Placemark><Placemark><name>GC8PGJF</name><Point><coordinates>-120.7218,47.6172,100 
</coordinates></Point><Style>
  <Icon>
    <href>http://chart.apis.google.com/chart?chst=d_bubble_icon_text_small&amp;chld=location|bbT|1528|FFFFFF|000000</href>
  </Icon>
</Style><description><![CDATA[]]></description><visibility>1</visibility></Placemark><Placemark><name>GCJHC9</name><Point><coordinates>-120.6616,47.596,100 
</coordinates></Point><Style>
  <Icon>
    <href>http://chart.apis.google.com/chart?chst=d_bubble_icon_text_small&amp;chld=location|bbT|1529|FFFFFF|000000</href>
  </Icon>
</Style><description><![CDATA[]]></description><visibility>1</visibility></Placemark><Placemark><name>GC9P4ZQ</name><Point><coordinates>-120.6592,47.5956,100 
</coordinates></Point><Style>
  <Icon>
    <href>http://chart.apis.google.com/chart?chst=d_bubble_icon_text_small&amp;chld=location|bbT|1530|FFFFFF|000000</href>
  </Icon>
</Style><description><![CDATA[]]></description><visibility>1</visibility></Placemark><Placemark><name>GC29ZAG</name><Point><coordinates>-120.6872,47.3282,100 
</coordinates></Point><Style>
  <Icon>
    <href>http://chart.apis.google.com/chart?chst=d_bubble_icon_text_small&amp;chld=location|bbT|1531|FFFFFF|000000</href>
  </Icon>
</Style><description><![CDATA[]]></description><visibility>1</visibility></Placemark><Placemark><name>GC8G8YE</name><Point><coordinates>-122.1996,47.3804,100 
</coordinates></Point><Style>
  <Icon>
    <href>http://chart.apis.google.com/chart?chst=d_bubble_icon_text_small&amp;chld=location|bbT|1532|FFFFFF|000000</href>
  </Icon>
</Style><description><![CDATA[]]></description><visibility>1</visibility></Placemark><Placemark><name>GC240YZ</name><Point><coordinates>-122.2147,47.3855,100 
</coordinates></Point><Style>
  <Icon>
    <href>http://chart.apis.google.com/chart?chst=d_bubble_icon_text_small&amp;chld=location|bbT|1533|FFFFFF|000000</href>
  </Icon>
</Style><description><![CDATA[]]></description><visibility>1</visibility></Placemark><Placemark><name>GC9G972</name><Point><coordinates>-122.3438,47.433,100 
</coordinates></Point><Style>
  <Icon>
    <href>http://chart.apis.google.com/chart?chst=d_bubble_icon_text_small&amp;chld=location|bbT|1534|FFFFFF|000000</href>
  </Icon>
</Style><description><![CDATA[]]></description><visibility>1</visibility></Placemark><Placemark><name>GC7AMQR</name><Point><coordinates>-122.3446,47.4674,100 
</coordinates></Point><Style>
  <Icon>
    <href>http://chart.apis.google.com/chart?chst=d_bubble_icon_text_small&amp;chld=location|bbT|1535|FFFFFF|000000</href>
  </Icon>
</Style><description><![CDATA[]]></description><visibility>1</visibility></Placemark><Placemark><name>GC5FZDA</name><Point><coordinates>-122.347,47.4736,100 
</coordinates></Point><Style>
  <Icon>
    <href>http://chart.apis.google.com/chart?chst=d_bubble_icon_text_small&amp;chld=location|bbT|1536|FFFFFF|000000</href>
  </Icon>
</Style><description><![CDATA[]]></description><visibility>1</visibility></Placemark><Placemark><name>GC9QDPY</name><Point><coordinates>-122.2183,47.5425,100 
</coordinates></Point><Style>
  <Icon>
    <href>http://chart.apis.google.com/chart?chst=d_bubble_icon_text_small&amp;chld=location|bbT|1537|FFFFFF|000000</href>
  </Icon>
</Style><description><![CDATA[]]></description><visibility>1</visibility></Placemark><Placemark><name>GCAK9KX</name><Point><coordinates>-122.2196,47.5405,100 
</coordinates></Point><Style>
  <Icon>
    <href>http://chart.apis.google.com/chart?chst=d_bubble_icon_text_small&amp;chld=location|bbT|1538|FFFFFF|000000</href>
  </Icon>
</Style><description><![CDATA[]]></description><visibility>1</visibility></Placemark><Placemark><name>GCAMV3P</name><Point><coordinates>-122.2223,47.5436,100 
</coordinates></Point><Style>
  <Icon>
    <href>http://chart.apis.google.com/chart?chst=d_bubble_icon_text_small&amp;chld=location|bbT|1539|FFFFFF|000000</href>
  </Icon>
</Style><description><![CDATA[]]></description><visibility>1</visibility></Placemark><Placemark><name>GC9WHG0</name><Point><coordinates>-122.2149,47.5642,100 
</coordinates></Point><Style>
  <Icon>
    <href>http://chart.apis.google.com/chart?chst=d_bubble_icon_text_small&amp;chld=location|bbT|1540|FFFFFF|000000</href>
  </Icon>
</Style><description><![CDATA[]]></description><visibility>1</visibility></Placemark><Placemark><name>GC1A012</name><Point><coordinates>-122.2169,47.5409,100 
</coordinates></Point><Style>
  <Icon>
    <href>http://chart.apis.google.com/chart?chst=d_bubble_icon_text_small&amp;chld=location|bbT|1541|FFFFFF|000000</href>
  </Icon>
</Style><description><![CDATA[]]></description><visibility>1</visibility></Placemark><Placemark><name>GCAR2K4</name><Point><coordinates>-122.3333,47.6713,100 
</coordinates></Point><Style>
  <Icon>
    <href>http://chart.apis.google.com/chart?chst=d_bubble_icon_text_small&amp;chld=location|bbT|1542|FFFFFF|000000</href>
  </Icon>
</Style><description><![CDATA[]]></description><visibility>1</visibility></Placemark><Placemark><name>GCA3J70</name><Point><coordinates>-122.3308,47.6748,100 
</coordinates></Point><Style>
  <Icon>
    <href>http://chart.apis.google.com/chart?chst=d_bubble_icon_text_small&amp;chld=location|bbT|1543|FFFFFF|000000</href>
  </Icon>
</Style><description><![CDATA[]]></description><visibility>1</visibility></Placemark><Placemark><name>GCAR0DG</name><Point><coordinates>-122.3266,47.6824,100 
</coordinates></Point><Style>
  <Icon>
    <href>http://chart.apis.google.com/chart?chst=d_bubble_icon_text_small&amp;chld=location|bbT|1544|FFFFFF|000000</href>
  </Icon>
</Style><description><![CDATA[]]></description><visibility>1</visibility></Placemark><Placemark><name>GC9P7ZY</name><Point><coordinates>-71.0567,42.3588,100 
</coordinates></Point><Style>
  <Icon>
    <href>http://chart.apis.google.com/chart?chst=d_bubble_icon_text_small&amp;chld=location|bbT|1545|FFFFFF|000000</href>
  </Icon>
</Style><description><![CDATA[]]></description><visibility>1</visibility></Placemark><Placemark><name>GC7B6KA</name><Point><coordinates>-71.0563,42.3725,100 
</coordinates></Point><Style>
  <Icon>
    <href>http://chart.apis.google.com/chart?chst=d_bubble_icon_text_small&amp;chld=location|bbT|1546|FFFFFF|000000</href>
  </Icon>
</Style><description><![CDATA[]]></description><visibility>1</visibility></Placemark><Placemark><name>GC1GQZ1</name><Point><coordinates>-71.0774,42.3505,100 
</coordinates></Point><Style>
  <Icon>
    <href>http://chart.apis.google.com/chart?chst=d_bubble_icon_text_small&amp;chld=location|bbT|1547|FFFFFF|000000</href>
  </Icon>
</Style><description><![CDATA[]]></description><visibility>1</visibility></Placemark><Placemark><name>GC3EJ64</name><Point><coordinates>-71.0775,42.3502,100 
</coordinates></Point><Style>
  <Icon>
    <href>http://chart.apis.google.com/chart?chst=d_bubble_icon_text_small&amp;chld=location|bbT|1548|FFFFFF|000000</href>
  </Icon>
</Style><description><![CDATA[]]></description><visibility>1</visibility></Placemark><Placemark><name>GC9P7XX</name><Point><coordinates>-71.0918,42.3464,100 
</coordinates></Point><Style>
  <Icon>
    <href>http://chart.apis.google.com/chart?chst=d_bubble_icon_text_small&amp;chld=location|bbT|1549|FFFFFF|000000</href>
  </Icon>
</Style><description><![CDATA[]]></description><visibility>1</visibility></Placemark><Placemark><name>GC9P8DB</name><Point><coordinates>-71.0575,42.3575,100 
</coordinates></Point><Style>
  <Icon>
    <href>http://chart.apis.google.com/chart?chst=d_bubble_icon_text_small&amp;chld=location|bbT|1550|FFFFFF|000000</href>
  </Icon>
</Style><description><![CDATA[]]></description><visibility>1</visibility></Placemark><Placemark><name>GC9P896</name><Point><coordinates>-71.0569,42.3608,100 
</coordinates></Point><Style>
  <Icon>
    <href>http://chart.apis.google.com/chart?chst=d_bubble_icon_text_small&amp;chld=location|bbT|1551|FFFFFF|000000</href>
  </Icon>
</Style><description><![CDATA[]]></description><visibility>1</visibility></Placemark><Placemark><name>GC9P4P7</name><Point><coordinates>-71.056,42.3602,100 
</coordinates></Point><Style>
  <Icon>
    <href>http://chart.apis.google.com/chart?chst=d_bubble_icon_text_small&amp;chld=location|bbT|1552|FFFFFF|000000</href>
  </Icon>
</Style><description><![CDATA[]]></description><visibility>1</visibility></Placemark><Placemark><name>GCAJFZY</name><Point><coordinates>-71.0611,42.3661,100 
</coordinates></Point><Style>
  <Icon>
    <href>http://chart.apis.google.com/chart?chst=d_bubble_icon_text_small&amp;chld=location|bbT|1553|FFFFFF|000000</href>
  </Icon>
</Style><description><![CDATA[]]></description><visibility>1</visibility></Placemark><Placemark><name>GC7B809</name><Point><coordinates>-71.0607,42.3768,100 
</coordinates></Point><Style>
  <Icon>
    <href>http://chart.apis.google.com/chart?chst=d_bubble_icon_text_small&amp;chld=location|bbT|1554|FFFFFF|000000</href>
  </Icon>
</Style><description><![CDATA[]]></description><visibility>1</visibility></Placemark><Placemark><name>GC2AXY8</name><Point><coordinates>-71.0282,42.3457,100 
</coordinates></Point><Style>
  <Icon>
    <href>http://chart.apis.google.com/chart?chst=d_bubble_icon_text_small&amp;chld=location|bbT|1555|FFFFFF|000000</href>
  </Icon>
</Style><description><![CDATA[]]></description><visibility>1</visibility></Placemark><Placemark><name>GC7B7RF</name><Point><coordinates>-71.0637,42.3584,100 
</coordinates></Point><Style>
  <Icon>
    <href>http://chart.apis.google.com/chart?chst=d_bubble_icon_text_small&amp;chld=location|bbT|1556|FFFFFF|000000</href>
  </Icon>
</Style><description><![CDATA[]]></description><visibility>1</visibility></Placemark><Placemark><name>GC3YPCX</name><Point><coordinates>-70.8871,42.5235,100 
</coordinates></Point><Style>
  <Icon>
    <href>http://chart.apis.google.com/chart?chst=d_bubble_icon_text_small&amp;chld=location|bbT|1557|FFFFFF|000000</href>
  </Icon>
</Style><description><![CDATA[]]></description><visibility>1</visibility></Placemark><Placemark><name>GC4QJMJ</name><Point><coordinates>-70.8831,42.5215,100 
</coordinates></Point><Style>
  <Icon>
    <href>http://chart.apis.google.com/chart?chst=d_bubble_icon_text_small&amp;chld=location|bbT|1558|FFFFFF|000000</href>
  </Icon>
</Style><description><![CDATA[]]></description><visibility>1</visibility></Placemark><Placemark><name>GCAJJAQ</name><Point><coordinates>-70.8956,42.5212,100 
</coordinates></Point><Style>
  <Icon>
    <href>http://chart.apis.google.com/chart?chst=d_bubble_icon_text_small&amp;chld=location|bbT|1559|FFFFFF|000000</href>
  </Icon>
</Style><description><![CDATA[]]></description><visibility>1</visibility></Placemark><Placemark><name>GC9P6TZ</name><Point><coordinates>-71.0672,42.3525,100 
</coordinates></Point><Style>
  <Icon>
    <href>http://chart.apis.google.com/chart?chst=d_bubble_icon_text_small&amp;chld=location|bbT|1560|FFFFFF|000000</href>
  </Icon>
</Style><description><![CDATA[]]></description><visibility>1</visibility></Placemark><Placemark><name>GC2559M</name><Point><coordinates>-71.0685,42.3584,100 
</coordinates></Point><Style>
  <Icon>
    <href>http://chart.apis.google.com/chart?chst=d_bubble_icon_text_small&amp;chld=location|bbT|1561|FFFFFF|000000</href>
  </Icon>
</Style><description><![CDATA[]]></description><visibility>1</visibility></Placemark><Placemark><name>GC8XTR1</name><Point><coordinates>-71.0623,42.3564,100 
</coordinates></Point><Style>
  <Icon>
    <href>http://chart.apis.google.com/chart?chst=d_bubble_icon_text_small&amp;chld=location|bbT|1562|FFFFFF|000000</href>
  </Icon>
</Style><description><![CDATA[]]></description><visibility>1</visibility></Placemark><Placemark><name>GC3CA4Z</name><Point><coordinates>-71.0602,42.3561,100 
</coordinates></Point><Style>
  <Icon>
    <href>http://chart.apis.google.com/chart?chst=d_bubble_icon_text_small&amp;chld=location|bbT|1563|FFFFFF|000000</href>
  </Icon>
</Style><description><![CDATA[]]></description><visibility>1</visibility></Placemark><Placemark><name>GC7KQ99</name><Point><coordinates>-70.1863,42.0518,100 
</coordinates></Point><Style>
  <Icon>
    <href>http://chart.apis.google.com/chart?chst=d_bubble_icon_text_small&amp;chld=location|bbT|1564|FFFFFF|000000</href>
  </Icon>
</Style><description><![CDATA[]]></description><visibility>1</visibility></Placemark><Placemark><name>GC362BH</name><Point><coordinates>-70.1844,42.0507,100 
</coordinates></Point><Style>
  <Icon>
    <href>http://chart.apis.google.com/chart?chst=d_bubble_icon_text_small&amp;chld=location|bbT|1565|FFFFFF|000000</href>
  </Icon>
</Style><description><![CDATA[]]></description><visibility>1</visibility></Placemark><Placemark><name>GC2VW53</name><Point><coordinates>-71.0657,42.3511,100 
</coordinates></Point><Style>
  <Icon>
    <href>http://chart.apis.google.com/chart?chst=d_bubble_icon_text_small&amp;chld=location|bbT|1566|FFFFFF|000000</href>
  </Icon>
</Style><description><![CDATA[]]></description><visibility>1</visibility></Placemark><Placemark><name>GC3CA4Z</name><Point><coordinates>-71.0614,42.3559,100 
</coordinates></Point><Style>
  <Icon>
    <href>http://chart.apis.google.com/chart?chst=d_bubble_icon_text_small&amp;chld=location|bbT|1567|FFFFFF|000000</href>
  </Icon>
</Style><description><![CDATA[]]></description><visibility>1</visibility></Placemark><Placemark><name>GCANV7E</name><Point><coordinates>-122.3336,47.6463,100 
</coordinates></Point><Style>
  <Icon>
    <href>http://chart.apis.google.com/chart?chst=d_bubble_icon_text_small&amp;chld=location|bbT|1568|FFFFFF|000000</href>
  </Icon>
</Style><description><![CDATA[]]></description><visibility>1</visibility></Placemark><Placemark><name>GCARAK2</name><Point><coordinates>-122.3485,47.6494,100 
</coordinates></Point><Style>
  <Icon>
    <href>http://chart.apis.google.com/chart?chst=d_bubble_icon_text_small&amp;chld=location|bbT|1569|FFFFFF|000000</href>
  </Icon>
</Style><description><![CDATA[]]></description><visibility>1</visibility></Placemark><Placemark><name>GCA7RBB</name><Point><coordinates>-122.1106,37.3811,100 
</coordinates></Point><Style>
  <Icon>
    <href>http://chart.apis.google.com/chart?chst=d_bubble_icon_text_small&amp;chld=location|bbT|1570|FFFFFF|000000</href>
  </Icon>
</Style><description><![CDATA[]]></description><visibility>1</visibility></Placemark><Placemark><name>GCAAJTJ</name><Point><coordinates>-122.1137,37.3781,100 
</coordinates></Point><Style>
  <Icon>
    <href>http://chart.apis.google.com/chart?chst=d_bubble_icon_text_small&amp;chld=location|bbT|1571|FFFFFF|000000</href>
  </Icon>
</Style><description><![CDATA[]]></description><visibility>1</visibility></Placemark><Placemark><name>GCAFCRH</name><Point><coordinates>-122.1145,37.3777,100 
</coordinates></Point><Style>
  <Icon>
    <href>http://chart.apis.google.com/chart?chst=d_bubble_icon_text_small&amp;chld=location|bbT|1572|FFFFFF|000000</href>
  </Icon>
</Style><description><![CDATA[]]></description><visibility>1</visibility></Placemark><Placemark><name>GC36VE2</name><Point><coordinates>-120.8072,38.3764,100 
</coordinates></Point><Style>
  <Icon>
    <href>http://chart.apis.google.com/chart?chst=d_bubble_icon_text_small&amp;chld=location|bbT|1573|FFFFFF|000000</href>
  </Icon>
</Style><description><![CDATA[]]></description><visibility>1</visibility></Placemark><Placemark><name>GC1WMT8</name><Point><coordinates>-119.8968,39.001,100 
</coordinates></Point><Style>
  <Icon>
    <href>http://chart.apis.google.com/chart?chst=d_bubble_icon_text_small&amp;chld=location|bbT|1574|FFFFFF|000000</href>
  </Icon>
</Style><description><![CDATA[]]></description><visibility>1</visibility></Placemark><Placemark><name>GCA8T7Z</name><Point><coordinates>-119.7478,39.1697,100 
</coordinates></Point><Style>
  <Icon>
    <href>http://chart.apis.google.com/chart?chst=d_bubble_icon_text_small&amp;chld=location|bbT|1575|FFFFFF|000000</href>
  </Icon>
</Style><description><![CDATA[]]></description><visibility>1</visibility></Placemark><Placemark><name>GCARN6V</name><Point><coordinates>-122.349,47.6493,100 
</coordinates></Point><Style>
  <Icon>
    <href>http://chart.apis.google.com/chart?chst=d_bubble_icon_text_small&amp;chld=location|bbT|1576|FFFFFF|000000</href>
  </Icon>
</Style><description><![CDATA[]]></description><visibility>1</visibility></Placemark><Placemark><name>GCAD840</name><Point><coordinates>-122.3354,47.6109,100 
</coordinates></Point><Style>
  <Icon>
    <href>http://chart.apis.google.com/chart?chst=d_bubble_icon_text_small&amp;chld=location|bbT|1577|FFFFFF|000000</href>
  </Icon>
</Style><description><![CDATA[]]></description><visibility>1</visibility></Placemark><Placemark><name>GCA0FB0</name><Point><coordinates>-122.3274,47.6113,100 
</coordinates></Point><Style>
  <Icon>
    <href>http://chart.apis.google.com/chart?chst=d_bubble_icon_text_small&amp;chld=location|bbT|1578|FFFFFF|000000</href>
  </Icon>
</Style><description><![CDATA[]]></description><visibility>1</visibility></Placemark><Placemark><name>GCAKAHW</name><Point><coordinates>-122.3319,47.6058,100 
</coordinates></Point><Style>
  <Icon>
    <href>http://chart.apis.google.com/chart?chst=d_bubble_icon_text_small&amp;chld=location|bbT|1579|FFFFFF|000000</href>
  </Icon>
</Style><description><![CDATA[]]></description><visibility>1</visibility></Placemark><Placemark><name>GC37PZ0</name><Point><coordinates>-122.3279,47.6049,100 
</coordinates></Point><Style>
  <Icon>
    <href>http://chart.apis.google.com/chart?chst=d_bubble_icon_text_small&amp;chld=location|bbT|1580|FFFFFF|000000</href>
  </Icon>
</Style><description><![CDATA[]]></description><visibility>1</visibility></Placemark><Placemark><name>GCAKAJE</name><Point><coordinates>-122.3301,47.6055,100 
</coordinates></Point><Style>
  <Icon>
    <href>http://chart.apis.google.com/chart?chst=d_bubble_icon_text_small&amp;chld=location|bbT|1581|FFFFFF|000000</href>
  </Icon>
</Style><description><![CDATA[]]></description><visibility>1</visibility></Placemark><Placemark><name>GCAJY46</name><Point><coordinates>-122.3327,47.6038,100 
</coordinates></Point><Style>
  <Icon>
    <href>http://chart.apis.google.com/chart?chst=d_bubble_icon_text_small&amp;chld=location|bbT|1582|FFFFFF|000000</href>
  </Icon>
</Style><description><![CDATA[]]></description><visibility>1</visibility></Placemark><Placemark><name>GCAD84Q</name><Point><coordinates>-122.3331,47.6033,100 
</coordinates></Point><Style>
  <Icon>
    <href>http://chart.apis.google.com/chart?chst=d_bubble_icon_text_small&amp;chld=location|bbT|1583|FFFFFF|000000</href>
  </Icon>
</Style><description><![CDATA[]]></description><visibility>1</visibility></Placemark><Placemark><name>GCAEG4Y</name><Point><coordinates>-122.3341,47.6047,100 
</coordinates></Point><Style>
  <Icon>
    <href>http://chart.apis.google.com/chart?chst=d_bubble_icon_text_small&amp;chld=location|bbT|1584|FFFFFF|000000</href>
  </Icon>
</Style><description><![CDATA[]]></description><visibility>1</visibility></Placemark><Placemark><name>GCARW60</name><Point><coordinates>-122.335,47.6464,100 
</coordinates></Point><Style>
  <Icon>
    <href>http://chart.apis.google.com/chart?chst=d_bubble_icon_text_small&amp;chld=location|bbT|1585|FFFFFF|000000</href>
  </Icon>
</Style><description><![CDATA[]]></description><visibility>1</visibility></Placemark><Placemark><name>GCAPBCA</name><Point><coordinates>-122.3462,47.6492,100 
</coordinates></Point><Style>
  <Icon>
    <href>http://chart.apis.google.com/chart?chst=d_bubble_icon_text_small&amp;chld=location|bbT|1586|FFFFFF|000000</href>
  </Icon>
</Style><description><![CDATA[]]></description><visibility>1</visibility></Placemark><Placemark><name>GCARGC4</name><Point><coordinates>-122.3485,47.649,100 
</coordinates></Point><Style>
  <Icon>
    <href>http://chart.apis.google.com/chart?chst=d_bubble_icon_text_small&amp;chld=location|bbT|1587|FFFFFF|000000</href>
  </Icon>
</Style><description><![CDATA[]]></description><visibility>1</visibility></Placemark><Placemark><name>GCANY43</name><Point><coordinates>-122.1467,47.4678,100 
</coordinates></Point><Style>
  <Icon>
    <href>http://chart.apis.google.com/chart?chst=d_bubble_icon_text_small&amp;chld=location|bbT|1588|FFFFFF|000000</href>
  </Icon>
</Style><description><![CDATA[]]></description><visibility>1</visibility></Placemark><Placemark><name>GCANY3D</name><Point><coordinates>-122.144,47.467,100 
</coordinates></Point><Style>
  <Icon>
    <href>http://chart.apis.google.com/chart?chst=d_bubble_icon_text_small&amp;chld=location|bbT|1589|FFFFFF|000000</href>
  </Icon>
</Style><description><![CDATA[]]></description><visibility>1</visibility></Placemark><Placemark><name>GCANY3A</name><Point><coordinates>-122.1423,47.4672,100 
</coordinates></Point><Style>
  <Icon>
    <href>http://chart.apis.google.com/chart?chst=d_bubble_icon_text_small&amp;chld=location|bbT|1590|FFFFFF|000000</href>
  </Icon>
</Style><description><![CDATA[]]></description><visibility>1</visibility></Placemark><Placemark><name>GCANTEY</name><Point><coordinates>-122.136,47.466,100 
</coordinates></Point><Style>
  <Icon>
    <href>http://chart.apis.google.com/chart?chst=d_bubble_icon_text_small&amp;chld=location|bbT|1591|FFFFFF|000000</href>
  </Icon>
</Style><description><![CDATA[]]></description><visibility>1</visibility></Placemark><Placemark><name>GCAPJQQ</name><Point><coordinates>-122.1374,47.4663,100 
</coordinates></Point><Style>
  <Icon>
    <href>http://chart.apis.google.com/chart?chst=d_bubble_icon_text_small&amp;chld=location|bbT|1592|FFFFFF|000000</href>
  </Icon>
</Style><description><![CDATA[]]></description><visibility>1</visibility></Placemark><Placemark><name>GCANCNJ</name><Point><coordinates>-122.1304,47.4655,100 
</coordinates></Point><Style>
  <Icon>
    <href>http://chart.apis.google.com/chart?chst=d_bubble_icon_text_small&amp;chld=location|bbT|1593|FFFFFF|000000</href>
  </Icon>
</Style><description><![CDATA[]]></description><visibility>1</visibility></Placemark><Placemark><name>GCAPGT1</name><Point><coordinates>-122.1305,47.4651,100 
</coordinates></Point><Style>
  <Icon>
    <href>http://chart.apis.google.com/chart?chst=d_bubble_icon_text_small&amp;chld=location|bbT|1594|FFFFFF|000000</href>
  </Icon>
</Style><description><![CDATA[]]></description><visibility>1</visibility></Placemark><Placemark><name>GCAPGVA</name><Point><coordinates>-122.127,47.4642,100 
</coordinates></Point><Style>
  <Icon>
    <href>http://chart.apis.google.com/chart?chst=d_bubble_icon_text_small&amp;chld=location|bbT|1595|FFFFFF|000000</href>
  </Icon>
</Style><description><![CDATA[]]></description><visibility>1</visibility></Placemark><Placemark><name>GCAPGVX</name><Point><coordinates>-122.1231,47.4638,100 
</coordinates></Point><Style>
  <Icon>
    <href>http://chart.apis.google.com/chart?chst=d_bubble_icon_text_small&amp;chld=location|bbT|1596|FFFFFF|000000</href>
  </Icon>
</Style><description><![CDATA[]]></description><visibility>1</visibility></Placemark><Placemark><name>GCAPJR3</name><Point><coordinates>-122.1202,47.464,100 
</coordinates></Point><Style>
  <Icon>
    <href>http://chart.apis.google.com/chart?chst=d_bubble_icon_text_small&amp;chld=location|bbT|1597|FFFFFF|000000</href>
  </Icon>
</Style><description><![CDATA[]]></description><visibility>1</visibility></Placemark><Placemark><name>GCAPJNN</name><Point><coordinates>-122.1161,47.4639,100 
</coordinates></Point><Style>
  <Icon>
    <href>http://chart.apis.google.com/chart?chst=d_bubble_icon_text_small&amp;chld=location|bbT|1598|FFFFFF|000000</href>
  </Icon>
</Style><description><![CDATA[]]></description><visibility>1</visibility></Placemark><Placemark><name>GCAPKKP</name><Point><coordinates>-122.1118,47.4641,100 
</coordinates></Point><Style>
  <Icon>
    <href>http://chart.apis.google.com/chart?chst=d_bubble_icon_text_small&amp;chld=location|bbT|1599|FFFFFF|000000</href>
  </Icon>
</Style><description><![CDATA[]]></description><visibility>1</visibility></Placemark><Placemark><name>GCAPKME</name><Point><coordinates>-122.109,47.4632,100 
</coordinates></Point><Style>
  <Icon>
    <href>http://chart.apis.google.com/chart?chst=d_bubble_icon_text_small&amp;chld=location|bbT|1600|FFFFFF|000000</href>
  </Icon>
</Style><description><![CDATA[]]></description><visibility>1</visibility></Placemark><Placemark><name>GC3F8YP</name><Point><coordinates>-122.1978,47.7756,100 
</coordinates></Point><Style>
  <Icon>
    <href>http://chart.apis.google.com/chart?chst=d_bubble_icon_text_small&amp;chld=location|bbT|1601|FFFFFF|000000</href>
  </Icon>
</Style><description><![CDATA[]]></description><visibility>1</visibility></Placemark><Placemark><name>GC84H23</name><Point><coordinates>-122.2185,47.7706,100 
</coordinates></Point><Style>
  <Icon>
    <href>http://chart.apis.google.com/chart?chst=d_bubble_icon_text_small&amp;chld=location|bbT|1602|FFFFFF|000000</href>
  </Icon>
</Style><description><![CDATA[]]></description><visibility>1</visibility></Placemark><Placemark><name>GC24AA9</name><Point><coordinates>-122.2196,47.7631,100 
</coordinates></Point><Style>
  <Icon>
    <href>http://chart.apis.google.com/chart?chst=d_bubble_icon_text_small&amp;chld=location|bbT|1603|FFFFFF|000000</href>
  </Icon>
</Style><description><![CDATA[]]></description><visibility>1</visibility></Placemark><Placemark><name>GCA92FJ</name><Point><coordinates>-122.2398,47.7561,100 
</coordinates></Point><Style>
  <Icon>
    <href>http://chart.apis.google.com/chart?chst=d_bubble_icon_text_small&amp;chld=location|bbT|1604|FFFFFF|000000</href>
  </Icon>
</Style><description><![CDATA[]]></description><visibility>1</visibility></Placemark><Placemark><name>GC9EDN6</name><Point><coordinates>-122.2097,47.751,100 
</coordinates></Point><Style>
  <Icon>
    <href>http://chart.apis.google.com/chart?chst=d_bubble_icon_text_small&amp;chld=location|bbT|1605|FFFFFF|000000</href>
  </Icon>
</Style><description><![CDATA[]]></description><visibility>1</visibility></Placemark><Placemark><name>GC7H8BB</name><Point><coordinates>-122.2098,47.7547,100 
</coordinates></Point><Style>
  <Icon>
    <href>http://chart.apis.google.com/chart?chst=d_bubble_icon_text_small&amp;chld=location|bbT|1606|FFFFFF|000000</href>
  </Icon>
</Style><description><![CDATA[]]></description><visibility>1</visibility></Placemark><Placemark><name>GCAT0PW</name><Point><coordinates>-121.5851,47.5369,100 
</coordinates></Point><Style>
  <Icon>
    <href>http://chart.apis.google.com/chart?chst=d_bubble_icon_text_small&amp;chld=location|bbT|1607|FFFFFF|000000</href>
  </Icon>
</Style><description><![CDATA[]]></description><visibility>1</visibility></Placemark><Placemark><name>GCAT0Q3</name><Point><coordinates>-121.5865,47.5394,100 
</coordinates></Point><Style>
  <Icon>
    <href>http://chart.apis.google.com/chart?chst=d_bubble_icon_text_small&amp;chld=location|bbT|1608|FFFFFF|000000</href>
  </Icon>
</Style><description><![CDATA[]]></description><visibility>1</visibility></Placemark><Placemark><name>GCAT0PY</name><Point><coordinates>-121.5833,47.5382,100 
</coordinates></Point><Style>
  <Icon>
    <href>http://chart.apis.google.com/chart?chst=d_bubble_icon_text_small&amp;chld=location|bbT|1609|FFFFFF|000000</href>
  </Icon>
</Style><description><![CDATA[]]></description><visibility>1</visibility></Placemark><Placemark><name>GCANGGZ</name><Point><coordinates>-122.3362,47.6011,100 
</coordinates></Point><Style>
  <Icon>
    <href>http://chart.apis.google.com/chart?chst=d_bubble_icon_text_small&amp;chld=location|bbT|1610|FFFFFF|000000</href>
  </Icon>
</Style><description><![CDATA[]]></description><visibility>1</visibility></Placemark><Placemark><name>GCA9E16</name><Point><coordinates>-122.3262,47.679,100 
</coordinates></Point><Style>
  <Icon>
    <href>http://chart.apis.google.com/chart?chst=d_bubble_icon_text_small&amp;chld=location|bbT|1611|FFFFFF|000000</href>
  </Icon>
</Style><description><![CDATA[]]></description><visibility>1</visibility></Placemark><Placemark><name>GCA6H84</name><Point><coordinates>-122.4256,48.6986,100 
</coordinates></Point><Style>
  <Icon>
    <href>http://chart.apis.google.com/chart?chst=d_bubble_icon_text_small&amp;chld=location|bbT|1612|FFFFFF|000000</href>
  </Icon>
</Style><description><![CDATA[]]></description><visibility>1</visibility></Placemark><Placemark><name>GC67JXQ</name><Point><coordinates>-122.4218,48.7053,100 
</coordinates></Point><Style>
  <Icon>
    <href>http://chart.apis.google.com/chart?chst=d_bubble_icon_text_small&amp;chld=location|bbT|1613|FFFFFF|000000</href>
  </Icon>
</Style><description><![CDATA[]]></description><visibility>1</visibility></Placemark><Placemark><name>GC67JXD</name><Point><coordinates>-122.4233,48.7081,100 
</coordinates></Point><Style>
  <Icon>
    <href>http://chart.apis.google.com/chart?chst=d_bubble_icon_text_small&amp;chld=location|bbT|1614|FFFFFF|000000</href>
  </Icon>
</Style><description><![CDATA[]]></description><visibility>1</visibility></Placemark><Placemark><name>GC67JX7</name><Point><coordinates>-122.4253,48.7118,100 
</coordinates></Point><Style>
  <Icon>
    <href>http://chart.apis.google.com/chart?chst=d_bubble_icon_text_small&amp;chld=location|bbT|1615|FFFFFF|000000</href>
  </Icon>
</Style><description><![CDATA[]]></description><visibility>1</visibility></Placemark><Placemark><name>GC67JYK</name><Point><coordinates>-122.4257,48.7136,100 
</coordinates></Point><Style>
  <Icon>
    <href>http://chart.apis.google.com/chart?chst=d_bubble_icon_text_small&amp;chld=location|bbT|1616|FFFFFF|000000</href>
  </Icon>
</Style><description><![CDATA[]]></description><visibility>1</visibility></Placemark><Placemark><name>GC67JYD</name><Point><coordinates>-122.4259,48.7153,100 
</coordinates></Point><Style>
  <Icon>
    <href>http://chart.apis.google.com/chart?chst=d_bubble_icon_text_small&amp;chld=location|bbT|1617|FFFFFF|000000</href>
  </Icon>
</Style><description><![CDATA[]]></description><visibility>1</visibility></Placemark><Placemark><name>GC67JY6</name><Point><coordinates>-122.4236,48.7177,100 
</coordinates></Point><Style>
  <Icon>
    <href>http://chart.apis.google.com/chart?chst=d_bubble_icon_text_small&amp;chld=location|bbT|1618|FFFFFF|000000</href>
  </Icon>
</Style><description><![CDATA[]]></description><visibility>1</visibility></Placemark><Placemark><name>GC67JXW</name><Point><coordinates>-122.424,48.7202,100 
</coordinates></Point><Style>
  <Icon>
    <href>http://chart.apis.google.com/chart?chst=d_bubble_icon_text_small&amp;chld=location|bbT|1619|FFFFFF|000000</href>
  </Icon>
</Style><description><![CDATA[]]></description><visibility>1</visibility></Placemark><Placemark><name>GC67JWW</name><Point><coordinates>-122.4224,48.7232,100 
</coordinates></Point><Style>
  <Icon>
    <href>http://chart.apis.google.com/chart?chst=d_bubble_icon_text_small&amp;chld=location|bbT|1620|FFFFFF|000000</href>
  </Icon>
</Style><description><![CDATA[]]></description><visibility>1</visibility></Placemark><Placemark><name>GC67JWK</name><Point><coordinates>-122.4269,48.7245,100 
</coordinates></Point><Style>
  <Icon>
    <href>http://chart.apis.google.com/chart?chst=d_bubble_icon_text_small&amp;chld=location|bbT|1621|FFFFFF|000000</href>
  </Icon>
</Style><description><![CDATA[]]></description><visibility>1</visibility></Placemark><Placemark><name>GC37DPR</name><Point><coordinates>-122.4236,48.728,100 
</coordinates></Point><Style>
  <Icon>
    <href>http://chart.apis.google.com/chart?chst=d_bubble_icon_text_small&amp;chld=location|bbT|1622|FFFFFF|000000</href>
  </Icon>
</Style><description><![CDATA[]]></description><visibility>1</visibility></Placemark><Placemark><name>GC3RCBC</name><Point><coordinates>-122.4184,48.7263,100 
</coordinates></Point><Style>
  <Icon>
    <href>http://chart.apis.google.com/chart?chst=d_bubble_icon_text_small&amp;chld=location|bbT|1623|FFFFFF|000000</href>
  </Icon>
</Style><description><![CDATA[]]></description><visibility>1</visibility></Placemark><Placemark><name>GCAQF0V</name><Point><coordinates>-122.4189,48.722,100 
</coordinates></Point><Style>
  <Icon>
    <href>http://chart.apis.google.com/chart?chst=d_bubble_icon_text_small&amp;chld=location|bbT|1624|FFFFFF|000000</href>
  </Icon>
</Style><description><![CDATA[]]></description><visibility>1</visibility></Placemark><Placemark><name>GCAQF0X</name><Point><coordinates>-122.418,48.7198,100 
</coordinates></Point><Style>
  <Icon>
    <href>http://chart.apis.google.com/chart?chst=d_bubble_icon_text_small&amp;chld=location|bbT|1625|FFFFFF|000000</href>
  </Icon>
</Style><description><![CDATA[]]></description><visibility>1</visibility></Placemark><Placemark><name>GCAQF10</name><Point><coordinates>-122.4163,48.7168,100 
</coordinates></Point><Style>
  <Icon>
    <href>http://chart.apis.google.com/chart?chst=d_bubble_icon_text_small&amp;chld=location|bbT|1626|FFFFFF|000000</href>
  </Icon>
</Style><description><![CDATA[]]></description><visibility>1</visibility></Placemark><Placemark><name>GC480HR</name><Point><coordinates>-122.4169,48.7152,100 
</coordinates></Point><Style>
  <Icon>
    <href>http://chart.apis.google.com/chart?chst=d_bubble_icon_text_small&amp;chld=location|bbT|1627|FFFFFF|000000</href>
  </Icon>
</Style><description><![CDATA[]]></description><visibility>1</visibility></Placemark><Placemark><name>GC4M1Y4</name><Point><coordinates>-122.4181,48.7129,100 
</coordinates></Point><Style>
  <Icon>
    <href>http://chart.apis.google.com/chart?chst=d_bubble_icon_text_small&amp;chld=location|bbT|1628|FFFFFF|000000</href>
  </Icon>
</Style><description><![CDATA[]]></description><visibility>1</visibility></Placemark><Placemark><name>GC4M1YF</name><Point><coordinates>-122.4177,48.7109,100 
</coordinates></Point><Style>
  <Icon>
    <href>http://chart.apis.google.com/chart?chst=d_bubble_icon_text_small&amp;chld=location|bbT|1629|FFFFFF|000000</href>
  </Icon>
</Style><description><![CDATA[]]></description><visibility>1</visibility></Placemark><Placemark><name>GC4M1Y2</name><Point><coordinates>-122.4169,48.7095,100 
</coordinates></Point><Style>
  <Icon>
    <href>http://chart.apis.google.com/chart?chst=d_bubble_icon_text_small&amp;chld=location|bbT|1630|FFFFFF|000000</href>
  </Icon>
</Style><description><![CDATA[]]></description><visibility>1</visibility></Placemark><Placemark><name>GC4KJRB</name><Point><coordinates>-122.4126,48.7092,100 
</coordinates></Point><Style>
  <Icon>
    <href>http://chart.apis.google.com/chart?chst=d_bubble_icon_text_small&amp;chld=location|bbT|1631|FFFFFF|000000</href>
  </Icon>
</Style><description><![CDATA[]]></description><visibility>1</visibility></Placemark><Placemark><name>GC4KJRQ</name><Point><coordinates>-122.4117,48.709,100 
</coordinates></Point><Style>
  <Icon>
    <href>http://chart.apis.google.com/chart?chst=d_bubble_icon_text_small&amp;chld=location|bbT|1632|FFFFFF|000000</href>
  </Icon>
</Style><description><![CDATA[]]></description><visibility>1</visibility></Placemark><Placemark><name>GC4MA0J</name><Point><coordinates>-122.4101,48.7116,100 
</coordinates></Point><Style>
  <Icon>
    <href>http://chart.apis.google.com/chart?chst=d_bubble_icon_text_small&amp;chld=location|bbT|1633|FFFFFF|000000</href>
  </Icon>
</Style><description><![CDATA[]]></description><visibility>1</visibility></Placemark><Placemark><name>GC4MA0Z</name><Point><coordinates>-122.4059,48.7142,100 
</coordinates></Point><Style>
  <Icon>
    <href>http://chart.apis.google.com/chart?chst=d_bubble_icon_text_small&amp;chld=location|bbT|1634|FFFFFF|000000</href>
  </Icon>
</Style><description><![CDATA[]]></description><visibility>1</visibility></Placemark><Placemark><name>GC4MA18</name><Point><coordinates>-122.4116,48.7167,100 
</coordinates></Point><Style>
  <Icon>
    <href>http://chart.apis.google.com/chart?chst=d_bubble_icon_text_small&amp;chld=location|bbT|1635|FFFFFF|000000</href>
  </Icon>
</Style><description><![CDATA[]]></description><visibility>1</visibility></Placemark><Placemark><name>GC4MA1J</name><Point><coordinates>-122.411,48.7193,100 
</coordinates></Point><Style>
  <Icon>
    <href>http://chart.apis.google.com/chart?chst=d_bubble_icon_text_small&amp;chld=location|bbT|1636|FFFFFF|000000</href>
  </Icon>
</Style><description><![CDATA[]]></description><visibility>1</visibility></Placemark><Placemark><name>GC4XFEZ</name><Point><coordinates>-122.4127,48.7223,100 
</coordinates></Point><Style>
  <Icon>
    <href>http://chart.apis.google.com/chart?chst=d_bubble_icon_text_small&amp;chld=location|bbT|1637|FFFFFF|000000</href>
  </Icon>
</Style><description><![CDATA[]]></description><visibility>1</visibility></Placemark><Placemark><name>GC4WJDW</name><Point><coordinates>-122.4047,48.7107,100 
</coordinates></Point><Style>
  <Icon>
    <href>http://chart.apis.google.com/chart?chst=d_bubble_icon_text_small&amp;chld=location|bbT|1638|FFFFFF|000000</href>
  </Icon>
</Style><description><![CDATA[]]></description><visibility>1</visibility></Placemark><Placemark><name>GC4WJE1</name><Point><coordinates>-122.4048,48.7105,100 
</coordinates></Point><Style>
  <Icon>
    <href>http://chart.apis.google.com/chart?chst=d_bubble_icon_text_small&amp;chld=location|bbT|1639|FFFFFF|000000</href>
  </Icon>
</Style><description><![CDATA[]]></description><visibility>1</visibility></Placemark><Placemark><name>GC7T5PD</name><Point><coordinates>-122.42,48.7068,100 
</coordinates></Point><Style>
  <Icon>
    <href>http://chart.apis.google.com/chart?chst=d_bubble_icon_text_small&amp;chld=location|bbT|1640|FFFFFF|000000</href>
  </Icon>
</Style><description><![CDATA[]]></description><visibility>1</visibility></Placemark><Placemark><name>GC44XNH</name><Point><coordinates>-122.385,48.6179,100 
</coordinates></Point><Style>
  <Icon>
    <href>http://chart.apis.google.com/chart?chst=d_bubble_icon_text_small&amp;chld=location|bbT|1641|FFFFFF|000000</href>
  </Icon>
</Style><description><![CDATA[]]></description><visibility>1</visibility></Placemark><Placemark><name>GC6ZXPA</name><Point><coordinates>-122.3832,48.6206,100 
</coordinates></Point><Style>
  <Icon>
    <href>http://chart.apis.google.com/chart?chst=d_bubble_icon_text_small&amp;chld=location|bbT|1642|FFFFFF|000000</href>
  </Icon>
</Style><description><![CDATA[]]></description><visibility>1</visibility></Placemark><Placemark><name>GC2NEDT</name><Point><coordinates>-122.3835,48.623,100 
</coordinates></Point><Style>
  <Icon>
    <href>http://chart.apis.google.com/chart?chst=d_bubble_icon_text_small&amp;chld=location|bbT|1643|FFFFFF|000000</href>
  </Icon>
</Style><description><![CDATA[]]></description><visibility>1</visibility></Placemark><Placemark><name>GC74VH0</name><Point><coordinates>-122.1734,48.1513,100 
</coordinates></Point><Style>
  <Icon>
    <href>http://chart.apis.google.com/chart?chst=d_bubble_icon_text_small&amp;chld=location|bbT|1644|FFFFFF|000000</href>
  </Icon>
</Style><description><![CDATA[]]></description><visibility>1</visibility></Placemark><Placemark><name>GC44NYT</name><Point><coordinates>-122.5158,48.1417,100 
</coordinates></Point><Style>
  <Icon>
    <href>http://chart.apis.google.com/chart?chst=d_bubble_icon_text_small&amp;chld=location|bbT|1645|FFFFFF|000000</href>
  </Icon>
</Style><description><![CDATA[]]></description><visibility>1</visibility></Placemark><Placemark><name>GC7GTDH</name><Point><coordinates>-122.5115,48.142,100 
</coordinates></Point><Style>
  <Icon>
    <href>http://chart.apis.google.com/chart?chst=d_bubble_icon_text_small&amp;chld=location|bbT|1646|FFFFFF|000000</href>
  </Icon>
</Style><description><![CDATA[]]></description><visibility>1</visibility></Placemark><Placemark><name>GC7GTFM</name><Point><coordinates>-122.5099,48.1448,100 
</coordinates></Point><Style>
  <Icon>
    <href>http://chart.apis.google.com/chart?chst=d_bubble_icon_text_small&amp;chld=location|bbT|1647|FFFFFF|000000</href>
  </Icon>
</Style><description><![CDATA[]]></description><visibility>1</visibility></Placemark><Placemark><name>GC6ZH2D</name><Point><coordinates>-122.5082,48.1478,100 
</coordinates></Point><Style>
  <Icon>
    <href>http://chart.apis.google.com/chart?chst=d_bubble_icon_text_small&amp;chld=location|bbT|1648|FFFFFF|000000</href>
  </Icon>
</Style><description><![CDATA[]]></description><visibility>1</visibility></Placemark><Placemark><name>GC3AQV2</name><Point><coordinates>-122.5087,48.1502,100 
</coordinates></Point><Style>
  <Icon>
    <href>http://chart.apis.google.com/chart?chst=d_bubble_icon_text_small&amp;chld=location|bbT|1649|FFFFFF|000000</href>
  </Icon>
</Style><description><![CDATA[]]></description><visibility>1</visibility></Placemark><Placemark><name>GC6ZFC7</name><Point><coordinates>-122.5026,48.1424,100 
</coordinates></Point><Style>
  <Icon>
    <href>http://chart.apis.google.com/chart?chst=d_bubble_icon_text_small&amp;chld=location|bbT|1650|FFFFFF|000000</href>
  </Icon>
</Style><description><![CDATA[]]></description><visibility>1</visibility></Placemark><Placemark><name>GC68XCK</name><Point><coordinates>-122.5039,48.1445,100 
</coordinates></Point><Style>
  <Icon>
    <href>http://chart.apis.google.com/chart?chst=d_bubble_icon_text_small&amp;chld=location|bbT|1651|FFFFFF|000000</href>
  </Icon>
</Style><description><![CDATA[]]></description><visibility>1</visibility></Placemark><Placemark><name>GC68X42</name><Point><coordinates>-122.5026,48.1463,100 
</coordinates></Point><Style>
  <Icon>
    <href>http://chart.apis.google.com/chart?chst=d_bubble_icon_text_small&amp;chld=location|bbT|1652|FFFFFF|000000</href>
  </Icon>
</Style><description><![CDATA[]]></description><visibility>1</visibility></Placemark><Placemark><name>GCA5YND</name><Point><coordinates>-122.496,48.1494,100 
</coordinates></Point><Style>
  <Icon>
    <href>http://chart.apis.google.com/chart?chst=d_bubble_icon_text_small&amp;chld=location|bbT|1653|FFFFFF|000000</href>
  </Icon>
</Style><description><![CDATA[]]></description><visibility>1</visibility></Placemark><Placemark><name>GCAQDD8</name><Point><coordinates>-122.4569,48.1698,100 
</coordinates></Point><Style>
  <Icon>
    <href>http://chart.apis.google.com/chart?chst=d_bubble_icon_text_small&amp;chld=location|bbT|1654|FFFFFF|000000</href>
  </Icon>
</Style><description><![CDATA[]]></description><visibility>1</visibility></Placemark><Placemark><name>GCQ6Q7</name><Point><coordinates>-122.4541,48.2415,100 
</coordinates></Point><Style>
  <Icon>
    <href>http://chart.apis.google.com/chart?chst=d_bubble_icon_text_small&amp;chld=location|bbT|1655|FFFFFF|000000</href>
  </Icon>
</Style><description><![CDATA[]]></description><visibility>1</visibility></Placemark><Placemark><name>GCA5TQC</name><Point><coordinates>-122.4549,48.2432,100 
</coordinates></Point><Style>
  <Icon>
    <href>http://chart.apis.google.com/chart?chst=d_bubble_icon_text_small&amp;chld=location|bbT|1656|FFFFFF|000000</href>
  </Icon>
</Style><description><![CDATA[]]></description><visibility>1</visibility></Placemark><Placemark><name>GC9D3B</name><Point><coordinates>-122.4493,48.2426,100 
</coordinates></Point><Style>
  <Icon>
    <href>http://chart.apis.google.com/chart?chst=d_bubble_icon_text_small&amp;chld=location|bbT|1657|FFFFFF|000000</href>
  </Icon>
</Style><description><![CDATA[]]></description><visibility>1</visibility></Placemark><Placemark><name>GCAR2WD</name><Point><coordinates>-122.4587,48.2008,100 
</coordinates></Point><Style>
  <Icon>
    <href>http://chart.apis.google.com/chart?chst=d_bubble_icon_text_small&amp;chld=location|bbT|1658|FFFFFF|000000</href>
  </Icon>
</Style><description><![CDATA[]]></description><visibility>1</visibility></Placemark><Placemark><name>GCAQ7TJ</name><Point><coordinates>-122.4594,48.2029,100 
</coordinates></Point><Style>
  <Icon>
    <href>http://chart.apis.google.com/chart?chst=d_bubble_icon_text_small&amp;chld=location|bbT|1659|FFFFFF|000000</href>
  </Icon>
</Style><description><![CDATA[]]></description><visibility>1</visibility></Placemark><Placemark><name>GC7GK7A</name><Point><coordinates>-122.4579,48.1996,100 
</coordinates></Point><Style>
  <Icon>
    <href>http://chart.apis.google.com/chart?chst=d_bubble_icon_text_small&amp;chld=location|bbT|1660|FFFFFF|000000</href>
  </Icon>
</Style><description><![CDATA[]]></description><visibility>1</visibility></Placemark><Placemark><name>GC7GK85</name><Point><coordinates>-122.4519,48.199,100 
</coordinates></Point><Style>
  <Icon>
    <href>http://chart.apis.google.com/chart?chst=d_bubble_icon_text_small&amp;chld=location|bbT|1661|FFFFFF|000000</href>
  </Icon>
</Style><description><![CDATA[]]></description><visibility>1</visibility></Placemark><Placemark><name>GC6YVXZ</name><Point><coordinates>-122.4829,48.2137,100 
</coordinates></Point><Style>
  <Icon>
    <href>http://chart.apis.google.com/chart?chst=d_bubble_icon_text_small&amp;chld=location|bbT|1662|FFFFFF|000000</href>
  </Icon>
</Style><description><![CDATA[]]></description><visibility>1</visibility></Placemark><Placemark><name>GC4855W</name><Point><coordinates>-122.4853,48.2133,100 
</coordinates></Point><Style>
  <Icon>
    <href>http://chart.apis.google.com/chart?chst=d_bubble_icon_text_small&amp;chld=location|bbT|1663|FFFFFF|000000</href>
  </Icon>
</Style><description><![CDATA[]]></description><visibility>1</visibility></Placemark><Placemark><name>GCZBMD</name><Point><coordinates>-122.4859,48.2151,100 
</coordinates></Point><Style>
  <Icon>
    <href>http://chart.apis.google.com/chart?chst=d_bubble_icon_text_small&amp;chld=location|bbT|1664|FFFFFF|000000</href>
  </Icon>
</Style><description><![CDATA[]]></description><visibility>1</visibility></Placemark><Placemark><name>GCAGKKH</name><Point><coordinates>-122.347,47.6946,100 
</coordinates></Point><Style>
  <Icon>
    <href>http://chart.apis.google.com/chart?chst=d_bubble_icon_text_small&amp;chld=location|bbT|1665|FFFFFF|000000</href>
  </Icon>
</Style><description><![CDATA[]]></description><visibility>1</visibility></Placemark><Placemark><name>GCA55A3</name><Point><coordinates>-122.3339,47.6706,100 
</coordinates></Point><Style>
  <Icon>
    <href>http://chart.apis.google.com/chart?chst=d_bubble_icon_text_small&amp;chld=location|bbT|1666|FFFFFF|000000</href>
  </Icon>
</Style><description><![CDATA[]]></description><visibility>1</visibility></Placemark><Placemark><name>GCAGKKH</name><Point><coordinates>-122.3474,47.6942,100 
</coordinates></Point><Style>
  <Icon>
    <href>http://chart.apis.google.com/chart?chst=d_bubble_icon_text_small&amp;chld=location|bbT|1667|FFFFFF|000000</href>
  </Icon>
</Style><description><![CDATA[]]></description><visibility>1</visibility></Placemark><Placemark><name>GCATWJN</name><Point><coordinates>-122.3295,47.6007,100 
</coordinates></Point><Style>
  <Icon>
    <href>http://chart.apis.google.com/chart?chst=d_bubble_icon_text_small&amp;chld=location|bbT|1668|FFFFFF|000000</href>
  </Icon>
</Style><description><![CDATA[]]></description><visibility>1</visibility></Placemark><Placemark><name>GCARVHN</name><Point><coordinates>-122.3485,47.6495,100 
</coordinates></Point><Style>
  <Icon>
    <href>http://chart.apis.google.com/chart?chst=d_bubble_icon_text_small&amp;chld=location|bbT|1669|FFFFFF|000000</href>
  </Icon>
</Style><description><![CDATA[]]></description><visibility>1</visibility></Placemark><Placemark><name>GC9GEE2</name><Point><coordinates>-122.3384,47.6609,100 
</coordinates></Point><Style>
  <Icon>
    <href>http://chart.apis.google.com/chart?chst=d_bubble_icon_text_small&amp;chld=location|bbT|1670|FFFFFF|000000</href>
  </Icon>
</Style><description><![CDATA[]]></description><visibility>1</visibility></Placemark><Placemark><name>GCN1PX</name><Point><coordinates>-122.3569,47.9797,100 
</coordinates></Point><Style>
  <Icon>
    <href>http://chart.apis.google.com/chart?chst=d_bubble_icon_text_small&amp;chld=location|bbT|1671|FFFFFF|000000</href>
  </Icon>
</Style><description><![CDATA[]]></description><visibility>1</visibility></Placemark><Placemark><name>GC77FJG</name><Point><coordinates>-122.6532,48.2068,100 
</coordinates></Point><Style>
  <Icon>
    <href>http://chart.apis.google.com/chart?chst=d_bubble_icon_text_small&amp;chld=location|bbT|1672|FFFFFF|000000</href>
  </Icon>
</Style><description><![CDATA[]]></description><visibility>1</visibility></Placemark><Placemark><name>GC77KMM</name><Point><coordinates>-122.6526,48.2049,100 
</coordinates></Point><Style>
  <Icon>
    <href>http://chart.apis.google.com/chart?chst=d_bubble_icon_text_small&amp;chld=location|bbT|1673|FFFFFF|000000</href>
  </Icon>
</Style><description><![CDATA[]]></description><visibility>1</visibility></Placemark><Placemark><name>GC782PJ</name><Point><coordinates>-122.65,48.203,100 
</coordinates></Point><Style>
  <Icon>
    <href>http://chart.apis.google.com/chart?chst=d_bubble_icon_text_small&amp;chld=location|bbT|1674|FFFFFF|000000</href>
  </Icon>
</Style><description><![CDATA[]]></description><visibility>1</visibility></Placemark><Placemark><name>GC782PR</name><Point><coordinates>-122.6532,48.2013,100 
</coordinates></Point><Style>
  <Icon>
    <href>http://chart.apis.google.com/chart?chst=d_bubble_icon_text_small&amp;chld=location|bbT|1675|FFFFFF|000000</href>
  </Icon>
</Style><description><![CDATA[]]></description><visibility>1</visibility></Placemark><Placemark><name>GC782PY</name><Point><coordinates>-122.6522,48.1996,100 
</coordinates></Point><Style>
  <Icon>
    <href>http://chart.apis.google.com/chart?chst=d_bubble_icon_text_small&amp;chld=location|bbT|1676|FFFFFF|000000</href>
  </Icon>
</Style><description><![CDATA[]]></description><visibility>1</visibility></Placemark><Placemark><name>GC9PJ87</name><Point><coordinates>-122.652,48.1965,100 
</coordinates></Point><Style>
  <Icon>
    <href>http://chart.apis.google.com/chart?chst=d_bubble_icon_text_small&amp;chld=location|bbT|1677|FFFFFF|000000</href>
  </Icon>
</Style><description><![CDATA[]]></description><visibility>1</visibility></Placemark><Placemark><name>GC77HH9</name><Point><coordinates>-122.6478,48.1982,100 
</coordinates></Point><Style>
  <Icon>
    <href>http://chart.apis.google.com/chart?chst=d_bubble_icon_text_small&amp;chld=location|bbT|1678|FFFFFF|000000</href>
  </Icon>
</Style><description><![CDATA[]]></description><visibility>1</visibility></Placemark><Placemark><name>GC77HH7</name><Point><coordinates>-122.6488,48.2,100 
</coordinates></Point><Style>
  <Icon>
    <href>http://chart.apis.google.com/chart?chst=d_bubble_icon_text_small&amp;chld=location|bbT|1679|FFFFFF|000000</href>
  </Icon>
</Style><description><![CDATA[]]></description><visibility>1</visibility></Placemark><Placemark><name>GC77HH1</name><Point><coordinates>-122.6489,48.2019,100 
</coordinates></Point><Style>
  <Icon>
    <href>http://chart.apis.google.com/chart?chst=d_bubble_icon_text_small&amp;chld=location|bbT|1680|FFFFFF|000000</href>
  </Icon>
</Style><description><![CDATA[]]></description><visibility>1</visibility></Placemark><Placemark><name>GC77HGY</name><Point><coordinates>-122.6506,48.2043,100 
</coordinates></Point><Style>
  <Icon>
    <href>http://chart.apis.google.com/chart?chst=d_bubble_icon_text_small&amp;chld=location|bbT|1681|FFFFFF|000000</href>
  </Icon>
</Style><description><![CDATA[]]></description><visibility>1</visibility></Placemark><Placemark><name>GC77FJ9</name><Point><coordinates>-122.6538,48.208,100 
</coordinates></Point><Style>
  <Icon>
    <href>http://chart.apis.google.com/chart?chst=d_bubble_icon_text_small&amp;chld=location|bbT|1682|FFFFFF|000000</href>
  </Icon>
</Style><description><![CDATA[]]></description><visibility>1</visibility></Placemark><Placemark><name>GC77FHK</name><Point><coordinates>-122.6617,48.2086,100 
</coordinates></Point><Style>
  <Icon>
    <href>http://chart.apis.google.com/chart?chst=d_bubble_icon_text_small&amp;chld=location|bbT|1683|FFFFFF|000000</href>
  </Icon>
</Style><description><![CDATA[]]></description><visibility>1</visibility></Placemark><Placemark><name>GC77FEF</name><Point><coordinates>-122.6739,48.2111,100 
</coordinates></Point><Style>
  <Icon>
    <href>http://chart.apis.google.com/chart?chst=d_bubble_icon_text_small&amp;chld=location|bbT|1684|FFFFFF|000000</href>
  </Icon>
</Style><description><![CDATA[]]></description><visibility>1</visibility></Placemark><Placemark><name>GC77FE9</name><Point><coordinates>-122.6799,48.2123,100 
</coordinates></Point><Style>
  <Icon>
    <href>http://chart.apis.google.com/chart?chst=d_bubble_icon_text_small&amp;chld=location|bbT|1685|FFFFFF|000000</href>
  </Icon>
</Style><description><![CDATA[]]></description><visibility>1</visibility></Placemark><Placemark><name>GC77FE1</name><Point><coordinates>-122.6811,48.2125,100 
</coordinates></Point><Style>
  <Icon>
    <href>http://chart.apis.google.com/chart?chst=d_bubble_icon_text_small&amp;chld=location|bbT|1686|FFFFFF|000000</href>
  </Icon>
</Style><description><![CDATA[]]></description><visibility>1</visibility></Placemark><Placemark><name>GC726QX</name><Point><coordinates>-122.6846,48.2116,100 
</coordinates></Point><Style>
  <Icon>
    <href>http://chart.apis.google.com/chart?chst=d_bubble_icon_text_small&amp;chld=location|bbT|1687|FFFFFF|000000</href>
  </Icon>
</Style><description><![CDATA[]]></description><visibility>1</visibility></Placemark><Placemark><name>GC9QM2X</name><Point><coordinates>-122.6807,48.2214,100 
</coordinates></Point><Style>
  <Icon>
    <href>http://chart.apis.google.com/chart?chst=d_bubble_icon_text_small&amp;chld=location|bbT|1688|FFFFFF|000000</href>
  </Icon>
</Style><description><![CDATA[]]></description><visibility>1</visibility></Placemark><Placemark><name>GC77FDE</name><Point><coordinates>-122.7005,48.2122,100 
</coordinates></Point><Style>
  <Icon>
    <href>http://chart.apis.google.com/chart?chst=d_bubble_icon_text_small&amp;chld=location|bbT|1689|FFFFFF|000000</href>
  </Icon>
</Style><description><![CDATA[]]></description><visibility>1</visibility></Placemark><Placemark><name>GC77FDK</name><Point><coordinates>-122.6951,48.2125,100 
</coordinates></Point><Style>
  <Icon>
    <href>http://chart.apis.google.com/chart?chst=d_bubble_icon_text_small&amp;chld=location|bbT|1690|FFFFFF|000000</href>
  </Icon>
</Style><description><![CDATA[]]></description><visibility>1</visibility></Placemark><Placemark><name>GC77FEC</name><Point><coordinates>-122.6769,48.2121,100 
</coordinates></Point><Style>
  <Icon>
    <href>http://chart.apis.google.com/chart?chst=d_bubble_icon_text_small&amp;chld=location|bbT|1691|FFFFFF|000000</href>
  </Icon>
</Style><description><![CDATA[]]></description><visibility>1</visibility></Placemark><Placemark><name>GC77FGY</name><Point><coordinates>-122.6714,48.2105,100 
</coordinates></Point><Style>
  <Icon>
    <href>http://chart.apis.google.com/chart?chst=d_bubble_icon_text_small&amp;chld=location|bbT|1692|FFFFFF|000000</href>
  </Icon>
</Style><description><![CDATA[]]></description><visibility>1</visibility></Placemark><Placemark><name>GC77FH1</name><Point><coordinates>-122.6697,48.2096,100 
</coordinates></Point><Style>
  <Icon>
    <href>http://chart.apis.google.com/chart?chst=d_bubble_icon_text_small&amp;chld=location|bbT|1693|FFFFFF|000000</href>
  </Icon>
</Style><description><![CDATA[]]></description><visibility>1</visibility></Placemark><Placemark><name>GC77FH8</name><Point><coordinates>-122.6676,48.2094,100 
</coordinates></Point><Style>
  <Icon>
    <href>http://chart.apis.google.com/chart?chst=d_bubble_icon_text_small&amp;chld=location|bbT|1694|FFFFFF|000000</href>
  </Icon>
</Style><description><![CDATA[]]></description><visibility>1</visibility></Placemark><Placemark><name>GC77FHE</name><Point><coordinates>-122.6647,48.209,100 
</coordinates></Point><Style>
  <Icon>
    <href>http://chart.apis.google.com/chart?chst=d_bubble_icon_text_small&amp;chld=location|bbT|1695|FFFFFF|000000</href>
  </Icon>
</Style><description><![CDATA[]]></description><visibility>1</visibility></Placemark><Placemark><name>GC77FJ1</name><Point><coordinates>-122.6584,48.2089,100 
</coordinates></Point><Style>
  <Icon>
    <href>http://chart.apis.google.com/chart?chst=d_bubble_icon_text_small&amp;chld=location|bbT|1696|FFFFFF|000000</href>
  </Icon>
</Style><description><![CDATA[]]></description><visibility>1</visibility></Placemark><Placemark><name>GC73378</name><Point><coordinates>-122.4063,48.0401,100 
</coordinates></Point><Style>
  <Icon>
    <href>http://chart.apis.google.com/chart?chst=d_bubble_icon_text_small&amp;chld=location|bbT|1697|FFFFFF|000000</href>
  </Icon>
</Style><description><![CDATA[]]></description><visibility>1</visibility></Placemark><Placemark><name>GC8ZTGQ</name><Point><coordinates>-122.4018,48.0386,100 
</coordinates></Point><Style>
  <Icon>
    <href>http://chart.apis.google.com/chart?chst=d_bubble_icon_text_small&amp;chld=location|bbT|1698|FFFFFF|000000</href>
  </Icon>
</Style><description><![CDATA[]]></description><visibility>1</visibility></Placemark><Placemark><name>GCAK70E</name><Point><coordinates>-122.4047,47.6943,100 
</coordinates></Point><Style>
  <Icon>
    <href>http://chart.apis.google.com/chart?chst=d_bubble_icon_text_small&amp;chld=location|bbT|1699|FFFFFF|000000</href>
  </Icon>
</Style><description><![CDATA[]]></description><visibility>1</visibility></Placemark><Placemark><name>GCAK70Y</name><Point><coordinates>-122.3638,47.7046,100 
</coordinates></Point><Style>
  <Icon>
    <href>http://chart.apis.google.com/chart?chst=d_bubble_icon_text_small&amp;chld=location|bbT|1700|FFFFFF|000000</href>
  </Icon>
</Style><description><![CDATA[]]></description><visibility>1</visibility></Placemark><Placemark><name>GCAEF9G</name><Point><coordinates>-122.3574,47.7015,100 
</coordinates></Point><Style>
  <Icon>
    <href>http://chart.apis.google.com/chart?chst=d_bubble_icon_text_small&amp;chld=location|bbT|1701|FFFFFF|000000</href>
  </Icon>
</Style><description><![CDATA[]]></description><visibility>1</visibility></Placemark><Placemark><name>GCADVW4</name><Point><coordinates>-122.3837,47.5561,100 
</coordinates></Point><Style>
  <Icon>
    <href>http://chart.apis.google.com/chart?chst=d_bubble_icon_text_small&amp;chld=location|bbT|1702|FFFFFF|000000</href>
  </Icon>
</Style><description><![CDATA[]]></description><visibility>1</visibility></Placemark><Placemark><name>GCACBM7</name><Point><coordinates>-122.3814,47.5552,100 
</coordinates></Point><Style>
  <Icon>
    <href>http://chart.apis.google.com/chart?chst=d_bubble_icon_text_small&amp;chld=location|bbT|1703|FFFFFF|000000</href>
  </Icon>
</Style><description><![CDATA[]]></description><visibility>1</visibility></Placemark><Placemark><name>GC23VDY</name><Point><coordinates>-122.3796,47.5607,100 
</coordinates></Point><Style>
  <Icon>
    <href>http://chart.apis.google.com/chart?chst=d_bubble_icon_text_small&amp;chld=location|bbT|1704|FFFFFF|000000</href>
  </Icon>
</Style><description><![CDATA[]]></description><visibility>1</visibility></Placemark><Placemark><name>GCABQVM</name><Point><coordinates>-122.3724,47.5625,100 
</coordinates></Point><Style>
  <Icon>
    <href>http://chart.apis.google.com/chart?chst=d_bubble_icon_text_small&amp;chld=location|bbT|1705|FFFFFF|000000</href>
  </Icon>
</Style><description><![CDATA[]]></description><visibility>1</visibility></Placemark><Placemark><name>GCABQV6</name><Point><coordinates>-122.3726,47.5633,100 
</coordinates></Point><Style>
  <Icon>
    <href>http://chart.apis.google.com/chart?chst=d_bubble_icon_text_small&amp;chld=location|bbT|1706|FFFFFF|000000</href>
  </Icon>
</Style><description><![CDATA[]]></description><visibility>1</visibility></Placemark><Placemark><name>GCAKBXX</name><Point><coordinates>-122.3776,47.5557,100 
</coordinates></Point><Style>
  <Icon>
    <href>http://chart.apis.google.com/chart?chst=d_bubble_icon_text_small&amp;chld=location|bbT|1707|FFFFFF|000000</href>
  </Icon>
</Style><description><![CDATA[]]></description><visibility>1</visibility></Placemark><Placemark><name>GCAKBXZ</name><Point><coordinates>-122.3791,47.5521,100 
</coordinates></Point><Style>
  <Icon>
    <href>http://chart.apis.google.com/chart?chst=d_bubble_icon_text_small&amp;chld=location|bbT|1708|FFFFFF|000000</href>
  </Icon>
</Style><description><![CDATA[]]></description><visibility>1</visibility></Placemark><Placemark><name>GCAJPGH</name><Point><coordinates>-122.3754,47.5486,100 
</coordinates></Point><Style>
  <Icon>
    <href>http://chart.apis.google.com/chart?chst=d_bubble_icon_text_small&amp;chld=location|bbT|1709|FFFFFF|000000</href>
  </Icon>
</Style><description><![CDATA[]]></description><visibility>1</visibility></Placemark><Placemark><name>GCAGBGE</name><Point><coordinates>-122.3826,47.5523,100 
</coordinates></Point><Style>
  <Icon>
    <href>http://chart.apis.google.com/chart?chst=d_bubble_icon_text_small&amp;chld=location|bbT|1710|FFFFFF|000000</href>
  </Icon>
</Style><description><![CDATA[]]></description><visibility>1</visibility></Placemark><Placemark><name>GCADVWP</name><Point><coordinates>-122.3856,47.5524,100 
</coordinates></Point><Style>
  <Icon>
    <href>http://chart.apis.google.com/chart?chst=d_bubble_icon_text_small&amp;chld=location|bbT|1711|FFFFFF|000000</href>
  </Icon>
</Style><description><![CDATA[]]></description><visibility>1</visibility></Placemark><Placemark><name>GCACRZP</name><Point><coordinates>-122.3877,47.5525,100 
</coordinates></Point><Style>
  <Icon>
    <href>http://chart.apis.google.com/chart?chst=d_bubble_icon_text_small&amp;chld=location|bbT|1712|FFFFFF|000000</href>
  </Icon>
</Style><description><![CDATA[]]></description><visibility>1</visibility></Placemark><Placemark><name>GCA039D</name><Point><coordinates>-122.39,47.5579,100 
</coordinates></Point><Style>
  <Icon>
    <href>http://chart.apis.google.com/chart?chst=d_bubble_icon_text_small&amp;chld=location|bbT|1713|FFFFFF|000000</href>
  </Icon>
</Style><description><![CDATA[]]></description><visibility>1</visibility></Placemark><Placemark><name>GC7Z706</name><Point><coordinates>-122.3908,47.562,100 
</coordinates></Point><Style>
  <Icon>
    <href>http://chart.apis.google.com/chart?chst=d_bubble_icon_text_small&amp;chld=location|bbT|1714|FFFFFF|000000</href>
  </Icon>
</Style><description><![CDATA[]]></description><visibility>1</visibility></Placemark><Placemark><name>GCA02QR</name><Point><coordinates>-122.3878,47.5686,100 
</coordinates></Point><Style>
  <Icon>
    <href>http://chart.apis.google.com/chart?chst=d_bubble_icon_text_small&amp;chld=location|bbT|1715|FFFFFF|000000</href>
  </Icon>
</Style><description><![CDATA[]]></description><visibility>1</visibility></Placemark><Placemark><name>GCAJQJM</name><Point><coordinates>-122.3863,47.5591,100 
</coordinates></Point><Style>
  <Icon>
    <href>http://chart.apis.google.com/chart?chst=d_bubble_icon_text_small&amp;chld=location|bbT|1716|FFFFFF|000000</href>
  </Icon>
</Style><description><![CDATA[]]></description><visibility>1</visibility></Placemark><Placemark><name>GC91TTQ</name><Point><coordinates>-122.3902,47.5524,100 
</coordinates></Point><Style>
  <Icon>
    <href>http://chart.apis.google.com/chart?chst=d_bubble_icon_text_small&amp;chld=location|bbT|1717|FFFFFF|000000</href>
  </Icon>
</Style><description><![CDATA[]]></description><visibility>1</visibility></Placemark><Placemark><name>GC91TTD</name><Point><coordinates>-122.3937,47.5503,100 
</coordinates></Point><Style>
  <Icon>
    <href>http://chart.apis.google.com/chart?chst=d_bubble_icon_text_small&amp;chld=location|bbT|1718|FFFFFF|000000</href>
  </Icon>
</Style><description><![CDATA[]]></description><visibility>1</visibility></Placemark><Placemark><name>GCAPR8Q</name><Point><coordinates>-122.3425,47.6497,100 
</coordinates></Point><Style>
  <Icon>
    <href>http://chart.apis.google.com/chart?chst=d_bubble_icon_text_small&amp;chld=location|bbT|1719|FFFFFF|000000</href>
  </Icon>
</Style><description><![CDATA[]]></description><visibility>1</visibility></Placemark><Placemark><name>GCAPHXX</name><Point><coordinates>-122.3486,47.6489,100 
</coordinates></Point><Style>
  <Icon>
    <href>http://chart.apis.google.com/chart?chst=d_bubble_icon_text_small&amp;chld=location|bbT|1720|FFFFFF|000000</href>
  </Icon>
</Style><description><![CDATA[]]></description><visibility>1</visibility></Placemark><Placemark><name>GCANY4M</name><Point><coordinates>-122.1505,47.468,100 
</coordinates></Point><Style>
  <Icon>
    <href>http://chart.apis.google.com/chart?chst=d_bubble_icon_text_small&amp;chld=location|bbT|1721|FFFFFF|000000</href>
  </Icon>
</Style><description><![CDATA[]]></description><visibility>1</visibility></Placemark><Placemark><name>GCANY53</name><Point><coordinates>-122.1554,47.4686,100 
</coordinates></Point><Style>
  <Icon>
    <href>http://chart.apis.google.com/chart?chst=d_bubble_icon_text_small&amp;chld=location|bbT|1722|FFFFFF|000000</href>
  </Icon>
</Style><description><![CDATA[]]></description><visibility>1</visibility></Placemark><Placemark><name>GCANY72</name><Point><coordinates>-122.1773,47.4755,100 
</coordinates></Point><Style>
  <Icon>
    <href>http://chart.apis.google.com/chart?chst=d_bubble_icon_text_small&amp;chld=location|bbT|1723|FFFFFF|000000</href>
  </Icon>
</Style><description><![CDATA[]]></description><visibility>1</visibility></Placemark><Placemark><name>GCANY79</name><Point><coordinates>-122.1796,47.4761,100 
</coordinates></Point><Style>
  <Icon>
    <href>http://chart.apis.google.com/chart?chst=d_bubble_icon_text_small&amp;chld=location|bbT|1724|FFFFFF|000000</href>
  </Icon>
</Style><description><![CDATA[]]></description><visibility>1</visibility></Placemark><Placemark><name>GCANY70</name><Point><coordinates>-122.1754,47.4752,100 
</coordinates></Point><Style>
  <Icon>
    <href>http://chart.apis.google.com/chart?chst=d_bubble_icon_text_small&amp;chld=location|bbT|1725|FFFFFF|000000</href>
  </Icon>
</Style><description><![CDATA[]]></description><visibility>1</visibility></Placemark><Placemark><name>GCANY6W</name><Point><coordinates>-122.1731,47.4747,100 
</coordinates></Point><Style>
  <Icon>
    <href>http://chart.apis.google.com/chart?chst=d_bubble_icon_text_small&amp;chld=location|bbT|1726|FFFFFF|000000</href>
  </Icon>
</Style><description><![CDATA[]]></description><visibility>1</visibility></Placemark><Placemark><name>GCANY6N</name><Point><coordinates>-122.1714,47.474,100 
</coordinates></Point><Style>
  <Icon>
    <href>http://chart.apis.google.com/chart?chst=d_bubble_icon_text_small&amp;chld=location|bbT|1727|FFFFFF|000000</href>
  </Icon>
</Style><description><![CDATA[]]></description><visibility>1</visibility></Placemark><Placemark><name>GCANY6K</name><Point><coordinates>-122.1692,47.4732,100 
</coordinates></Point><Style>
  <Icon>
    <href>http://chart.apis.google.com/chart?chst=d_bubble_icon_text_small&amp;chld=location|bbT|1728|FFFFFF|000000</href>
  </Icon>
</Style><description><![CDATA[]]></description><visibility>1</visibility></Placemark><Placemark><name>GCANY6E</name><Point><coordinates>-122.1675,47.4726,100 
</coordinates></Point><Style>
  <Icon>
    <href>http://chart.apis.google.com/chart?chst=d_bubble_icon_text_small&amp;chld=location|bbT|1729|FFFFFF|000000</href>
  </Icon>
</Style><description><![CDATA[]]></description><visibility>1</visibility></Placemark><Placemark><name>GCANY6C</name><Point><coordinates>-122.1652,47.472,100 
</coordinates></Point><Style>
  <Icon>
    <href>http://chart.apis.google.com/chart?chst=d_bubble_icon_text_small&amp;chld=location|bbT|1730|FFFFFF|000000</href>
  </Icon>
</Style><description><![CDATA[]]></description><visibility>1</visibility></Placemark><Placemark><name>GCANY65</name><Point><coordinates>-122.1584,47.4714,100 
</coordinates></Point><Style>
  <Icon>
    <href>http://chart.apis.google.com/chart?chst=d_bubble_icon_text_small&amp;chld=location|bbT|1731|FFFFFF|000000</href>
  </Icon>
</Style><description><![CDATA[]]></description><visibility>1</visibility></Placemark><Placemark><name>GCANY61</name><Point><coordinates>-122.1615,47.4699,100 
</coordinates></Point><Style>
  <Icon>
    <href>http://chart.apis.google.com/chart?chst=d_bubble_icon_text_small&amp;chld=location|bbT|1732|FFFFFF|000000</href>
  </Icon>
</Style><description><![CDATA[]]></description><visibility>1</visibility></Placemark><Placemark><name>GCANY57</name><Point><coordinates>-122.1571,47.469,100 
</coordinates></Point><Style>
  <Icon>
    <href>http://chart.apis.google.com/chart?chst=d_bubble_icon_text_small&amp;chld=location|bbT|1733|FFFFFF|000000</href>
  </Icon>
</Style><description><![CDATA[]]></description><visibility>1</visibility></Placemark><Placemark><name>GCAPAAQ</name><Point><coordinates>-122.0786,47.4569,100 
</coordinates></Point><Style>
  <Icon>
    <href>http://chart.apis.google.com/chart?chst=d_bubble_icon_text_small&amp;chld=location|bbT|1734|FFFFFF|000000</href>
  </Icon>
</Style><description><![CDATA[]]></description><visibility>1</visibility></Placemark><Placemark><name>GCAPMEF</name><Point><coordinates>-122.0825,47.4616,100 
</coordinates></Point><Style>
  <Icon>
    <href>http://chart.apis.google.com/chart?chst=d_bubble_icon_text_small&amp;chld=location|bbT|1735|FFFFFF|000000</href>
  </Icon>
</Style><description><![CDATA[]]></description><visibility>1</visibility></Placemark><Placemark><name>GCANME5</name><Point><coordinates>-122.0733,47.4472,100 
</coordinates></Point><Style>
  <Icon>
    <href>http://chart.apis.google.com/chart?chst=d_bubble_icon_text_small&amp;chld=location|bbT|1736|FFFFFF|000000</href>
  </Icon>
</Style><description><![CDATA[]]></description><visibility>1</visibility></Placemark><Placemark><name>GCAPKE3</name><Point><coordinates>-122.0705,47.441,100 
</coordinates></Point><Style>
  <Icon>
    <href>http://chart.apis.google.com/chart?chst=d_bubble_icon_text_small&amp;chld=location|bbT|1737|FFFFFF|000000</href>
  </Icon>
</Style><description><![CDATA[]]></description><visibility>1</visibility></Placemark><Placemark><name>GCANMF6</name><Point><coordinates>-122.0702,47.4426,100 
</coordinates></Point><Style>
  <Icon>
    <href>http://chart.apis.google.com/chart?chst=d_bubble_icon_text_small&amp;chld=location|bbT|1738|FFFFFF|000000</href>
  </Icon>
</Style><description><![CDATA[]]></description><visibility>1</visibility></Placemark><Placemark><name>GCAPKF2</name><Point><coordinates>-122.0676,47.4441,100 
</coordinates></Point><Style>
  <Icon>
    <href>http://chart.apis.google.com/chart?chst=d_bubble_icon_text_small&amp;chld=location|bbT|1739|FFFFFF|000000</href>
  </Icon>
</Style><description><![CDATA[]]></description><visibility>1</visibility></Placemark><Placemark><name>GCAPADG</name><Point><coordinates>-122.0736,47.4512,100 
</coordinates></Point><Style>
  <Icon>
    <href>http://chart.apis.google.com/chart?chst=d_bubble_icon_text_small&amp;chld=location|bbT|1740|FFFFFF|000000</href>
  </Icon>
</Style><description><![CDATA[]]></description><visibility>1</visibility></Placemark><Placemark><name>GCANMDC</name><Point><coordinates>-122.0745,47.4526,100 
</coordinates></Point><Style>
  <Icon>
    <href>http://chart.apis.google.com/chart?chst=d_bubble_icon_text_small&amp;chld=location|bbT|1741|FFFFFF|000000</href>
  </Icon>
</Style><description><![CDATA[]]></description><visibility>1</visibility></Placemark><Placemark><name>GCANMD5</name><Point><coordinates>-122.0756,47.4537,100 
</coordinates></Point><Style>
  <Icon>
    <href>http://chart.apis.google.com/chart?chst=d_bubble_icon_text_small&amp;chld=location|bbT|1742|FFFFFF|000000</href>
  </Icon>
</Style><description><![CDATA[]]></description><visibility>1</visibility></Placemark><Placemark><name>GCAV7H5</name><Point><coordinates>-122.3483,47.6494,100 
</coordinates></Point><Style>
  <Icon>
    <href>http://chart.apis.google.com/chart?chst=d_bubble_icon_text_small&amp;chld=location|bbT|1743|FFFFFF|000000</href>
  </Icon>
</Style><description><![CDATA[]]></description><visibility>1</visibility></Placemark><Placemark><name>GC9HNNC</name><Point><coordinates>-122.3248,47.656,100 
</coordinates></Point><Style>
  <Icon>
    <href>http://chart.apis.google.com/chart?chst=d_bubble_icon_text_small&amp;chld=location|bbT|1744|FFFFFF|000000</href>
  </Icon>
</Style><description><![CDATA[]]></description><visibility>1</visibility></Placemark><Placemark><name>GC9P6F9</name><Point><coordinates>8.5744,50.0485,100 
</coordinates></Point><Style>
  <Icon>
    <href>http://chart.apis.google.com/chart?chst=d_bubble_icon_text_small&amp;chld=location|bbT|1745|FFFFFF|000000</href>
  </Icon>
</Style><description><![CDATA[]]></description><visibility>1</visibility></Placemark><Placemark><name>GC4XQJX</name><Point><coordinates>-8.6708,39.6325,100 
</coordinates></Point><Style>
  <Icon>
    <href>http://chart.apis.google.com/chart?chst=d_bubble_icon_text_small&amp;chld=location|bbT|1746|FFFFFF|000000</href>
  </Icon>
</Style><description><![CDATA[]]></description><visibility>1</visibility></Placemark><Placemark><name>GCAQ9D1</name><Point><coordinates>-8.6766,39.6338,100 
</coordinates></Point><Style>
  <Icon>
    <href>http://chart.apis.google.com/chart?chst=d_bubble_icon_text_small&amp;chld=location|bbT|1747|FFFFFF|000000</href>
  </Icon>
</Style><description><![CDATA[]]></description><visibility>1</visibility></Placemark><Placemark><name>GCAB106</name><Point><coordinates>-8.573,39.654,100 
</coordinates></Point><Style>
  <Icon>
    <href>http://chart.apis.google.com/chart?chst=d_bubble_icon_text_small&amp;chld=location|bbT|1748|FFFFFF|000000</href>
  </Icon>
</Style><description><![CDATA[]]></description><visibility>1</visibility></Placemark><Placemark><name>GC9DNHK</name><Point><coordinates>-8.5754,39.6532,100 
</coordinates></Point><Style>
  <Icon>
    <href>http://chart.apis.google.com/chart?chst=d_bubble_icon_text_small&amp;chld=location|bbT|1749|FFFFFF|000000</href>
  </Icon>
</Style><description><![CDATA[]]></description><visibility>1</visibility></Placemark><Placemark><name>GC9DNHP</name><Point><coordinates>-8.5784,39.6534,100 
</coordinates></Point><Style>
  <Icon>
    <href>http://chart.apis.google.com/chart?chst=d_bubble_icon_text_small&amp;chld=location|bbT|1750|FFFFFF|000000</href>
  </Icon>
</Style><description><![CDATA[]]></description><visibility>1</visibility></Placemark><Placemark><name>GCAQEWB</name><Point><coordinates>-8.5795,39.6507,100 
</coordinates></Point><Style>
  <Icon>
    <href>http://chart.apis.google.com/chart?chst=d_bubble_icon_text_small&amp;chld=location|bbT|1751|FFFFFF|000000</href>
  </Icon>
</Style><description><![CDATA[]]></description><visibility>1</visibility></Placemark><Placemark><name>GCAT49Y</name><Point><coordinates>-8.574,39.6561,100 
</coordinates></Point><Style>
  <Icon>
    <href>http://chart.apis.google.com/chart?chst=d_bubble_icon_text_small&amp;chld=location|bbT|1752|FFFFFF|000000</href>
  </Icon>
</Style><description><![CDATA[]]></description><visibility>1</visibility></Placemark><Placemark><name>GCATCM9</name><Point><coordinates>-8.5733,39.6568,100 
</coordinates></Point><Style>
  <Icon>
    <href>http://chart.apis.google.com/chart?chst=d_bubble_icon_text_small&amp;chld=location|bbT|1753|FFFFFF|000000</href>
  </Icon>
</Style><description><![CDATA[]]></description><visibility>1</visibility></Placemark><Placemark><name>GCATCMD</name><Point><coordinates>-8.5729,39.6571,100 
</coordinates></Point><Style>
  <Icon>
    <href>http://chart.apis.google.com/chart?chst=d_bubble_icon_text_small&amp;chld=location|bbT|1754|FFFFFF|000000</href>
  </Icon>
</Style><description><![CDATA[]]></description><visibility>1</visibility></Placemark><Placemark><name>GCATCMJ</name><Point><coordinates>-8.5721,39.6572,100 
</coordinates></Point><Style>
  <Icon>
    <href>http://chart.apis.google.com/chart?chst=d_bubble_icon_text_small&amp;chld=location|bbT|1755|FFFFFF|000000</href>
  </Icon>
</Style><description><![CDATA[]]></description><visibility>1</visibility></Placemark><Placemark><name>GCATCMM</name><Point><coordinates>-8.5714,39.6568,100 
</coordinates></Point><Style>
  <Icon>
    <href>http://chart.apis.google.com/chart?chst=d_bubble_icon_text_small&amp;chld=location|bbT|1756|FFFFFF|000000</href>
  </Icon>
</Style><description><![CDATA[]]></description><visibility>1</visibility></Placemark><Placemark><name>GCATCMP</name><Point><coordinates>-8.5705,39.6563,100 
</coordinates></Point><Style>
  <Icon>
    <href>http://chart.apis.google.com/chart?chst=d_bubble_icon_text_small&amp;chld=location|bbT|1757|FFFFFF|000000</href>
  </Icon>
</Style><description><![CDATA[]]></description><visibility>1</visibility></Placemark><Placemark><name>GCATCMT</name><Point><coordinates>-8.5697,39.6552,100 
</coordinates></Point><Style>
  <Icon>
    <href>http://chart.apis.google.com/chart?chst=d_bubble_icon_text_small&amp;chld=location|bbT|1758|FFFFFF|000000</href>
  </Icon>
</Style><description><![CDATA[]]></description><visibility>1</visibility></Placemark><Placemark><name>GCATCMX</name><Point><coordinates>-8.5701,39.6543,100 
</coordinates></Point><Style>
  <Icon>
    <href>http://chart.apis.google.com/chart?chst=d_bubble_icon_text_small&amp;chld=location|bbT|1759|FFFFFF|000000</href>
  </Icon>
</Style><description><![CDATA[]]></description><visibility>1</visibility></Placemark><Placemark><name>GCAQ9E0</name><Point><coordinates>-8.574,39.6541,100 
</coordinates></Point><Style>
  <Icon>
    <href>http://chart.apis.google.com/chart?chst=d_bubble_icon_text_small&amp;chld=location|bbT|1760|FFFFFF|000000</href>
  </Icon>
</Style><description><![CDATA[]]></description><visibility>1</visibility></Placemark><Placemark><name>GCAQ9E3</name><Point><coordinates>-8.5758,39.6548,100 
</coordinates></Point><Style>
  <Icon>
    <href>http://chart.apis.google.com/chart?chst=d_bubble_icon_text_small&amp;chld=location|bbT|1761|FFFFFF|000000</href>
  </Icon>
</Style><description><![CDATA[]]></description><visibility>1</visibility></Placemark><Placemark><name>GC45GR9</name><Point><coordinates>-8.5756,39.6571,100 
</coordinates></Point><Style>
  <Icon>
    <href>http://chart.apis.google.com/chart?chst=d_bubble_icon_text_small&amp;chld=location|bbT|1762|FFFFFF|000000</href>
  </Icon>
</Style><description><![CDATA[]]></description><visibility>1</visibility></Placemark><Placemark><name>GCAQ9DM</name><Point><coordinates>-8.5713,39.6551,100 
</coordinates></Point><Style>
  <Icon>
    <href>http://chart.apis.google.com/chart?chst=d_bubble_icon_text_small&amp;chld=location|bbT|1763|FFFFFF|000000</href>
  </Icon>
</Style><description><![CDATA[]]></description><visibility>1</visibility></Placemark><Placemark><name>GCAQP8J</name><Point><coordinates>-8.5743,39.6542,100 
</coordinates></Point><Style>
  <Icon>
    <href>http://chart.apis.google.com/chart?chst=d_bubble_icon_text_small&amp;chld=location|bbT|1764|FFFFFF|000000</href>
  </Icon>
</Style><description><![CDATA[]]></description><visibility>1</visibility></Placemark><Placemark><name>GCAQ9EE</name><Point><coordinates>-8.58,39.654,100 
</coordinates></Point><Style>
  <Icon>
    <href>http://chart.apis.google.com/chart?chst=d_bubble_icon_text_small&amp;chld=location|bbT|1765|FFFFFF|000000</href>
  </Icon>
</Style><description><![CDATA[]]></description><visibility>1</visibility></Placemark><Placemark><name>GCAQ9EJ</name><Point><coordinates>-8.5773,39.6536,100 
</coordinates></Point><Style>
  <Icon>
    <href>http://chart.apis.google.com/chart?chst=d_bubble_icon_text_small&amp;chld=location|bbT|1766|FFFFFF|000000</href>
  </Icon>
</Style><description><![CDATA[]]></description><visibility>1</visibility></Placemark><Placemark><name>GCAQ9EM</name><Point><coordinates>-8.5842,39.6535,100 
</coordinates></Point><Style>
  <Icon>
    <href>http://chart.apis.google.com/chart?chst=d_bubble_icon_text_small&amp;chld=location|bbT|1767|FFFFFF|000000</href>
  </Icon>
</Style><description><![CDATA[]]></description><visibility>1</visibility></Placemark><Placemark><name>GC6M8RE</name><Point><coordinates>-8.5863,39.6529,100 
</coordinates></Point><Style>
  <Icon>
    <href>http://chart.apis.google.com/chart?chst=d_bubble_icon_text_small&amp;chld=location|bbT|1768|FFFFFF|000000</href>
  </Icon>
</Style><description><![CDATA[]]></description><visibility>1</visibility></Placemark><Placemark><name>GCAQ9EP</name><Point><coordinates>-8.5892,39.6527,100 
</coordinates></Point><Style>
  <Icon>
    <href>http://chart.apis.google.com/chart?chst=d_bubble_icon_text_small&amp;chld=location|bbT|1769|FFFFFF|000000</href>
  </Icon>
</Style><description><![CDATA[]]></description><visibility>1</visibility></Placemark><Placemark><name>GC4Q9R2</name><Point><coordinates>-8.5888,39.6537,100 
</coordinates></Point><Style>
  <Icon>
    <href>http://chart.apis.google.com/chart?chst=d_bubble_icon_text_small&amp;chld=location|bbT|1770|FFFFFF|000000</href>
  </Icon>
</Style><description><![CDATA[]]></description><visibility>1</visibility></Placemark><Placemark><name>GCAQ9EW</name><Point><coordinates>-8.5915,39.6509,100 
</coordinates></Point><Style>
  <Icon>
    <href>http://chart.apis.google.com/chart?chst=d_bubble_icon_text_small&amp;chld=location|bbT|1771|FFFFFF|000000</href>
  </Icon>
</Style><description><![CDATA[]]></description><visibility>1</visibility></Placemark><Placemark><name>GCAQ9EY</name><Point><coordinates>-8.5905,39.6484,100 
</coordinates></Point><Style>
  <Icon>
    <href>http://chart.apis.google.com/chart?chst=d_bubble_icon_text_small&amp;chld=location|bbT|1772|FFFFFF|000000</href>
  </Icon>
</Style><description><![CDATA[]]></description><visibility>1</visibility></Placemark><Placemark><name>GC8KR9X</name><Point><coordinates>-8.5899,39.6432,100 
</coordinates></Point><Style>
  <Icon>
    <href>http://chart.apis.google.com/chart?chst=d_bubble_icon_text_small&amp;chld=location|bbT|1773|FFFFFF|000000</href>
  </Icon>
</Style><description><![CDATA[]]></description><visibility>1</visibility></Placemark><Placemark><name>GCAQ9F3</name><Point><coordinates>-8.5894,39.6455,100 
</coordinates></Point><Style>
  <Icon>
    <href>http://chart.apis.google.com/chart?chst=d_bubble_icon_text_small&amp;chld=location|bbT|1774|FFFFFF|000000</href>
  </Icon>
</Style><description><![CDATA[]]></description><visibility>1</visibility></Placemark><Placemark><name>GC205XR</name><Point><coordinates>-8.592,39.6442,100 
</coordinates></Point><Style>
  <Icon>
    <href>http://chart.apis.google.com/chart?chst=d_bubble_icon_text_small&amp;chld=location|bbT|1775|FFFFFF|000000</href>
  </Icon>
</Style><description><![CDATA[]]></description><visibility>1</visibility></Placemark><Placemark><name>GC890MM</name><Point><coordinates>-8.5909,39.6436,100 
</coordinates></Point><Style>
  <Icon>
    <href>http://chart.apis.google.com/chart?chst=d_bubble_icon_text_small&amp;chld=location|bbT|1776|FFFFFF|000000</href>
  </Icon>
</Style><description><![CDATA[]]></description><visibility>1</visibility></Placemark><Placemark><name>GC5JEN9</name><Point><coordinates>-8.5914,39.6408,100 
</coordinates></Point><Style>
  <Icon>
    <href>http://chart.apis.google.com/chart?chst=d_bubble_icon_text_small&amp;chld=location|bbT|1777|FFFFFF|000000</href>
  </Icon>
</Style><description><![CDATA[]]></description><visibility>1</visibility></Placemark><Placemark><name>GC3JG60</name><Point><coordinates>-8.5842,39.6572,100 
</coordinates></Point><Style>
  <Icon>
    <href>http://chart.apis.google.com/chart?chst=d_bubble_icon_text_small&amp;chld=location|bbT|1778|FFFFFF|000000</href>
  </Icon>
</Style><description><![CDATA[]]></description><visibility>1</visibility></Placemark><Placemark><name>GCAV9QA</name><Point><coordinates>-8.5887,39.6447,100 
</coordinates></Point><Style>
  <Icon>
    <href>http://chart.apis.google.com/chart?chst=d_bubble_icon_text_small&amp;chld=location|bbT|1779|FFFFFF|000000</href>
  </Icon>
</Style><description><![CDATA[]]></description><visibility>1</visibility></Placemark><Placemark><name>GCAV9QD</name><Point><coordinates>-8.5864,39.6468,100 
</coordinates></Point><Style>
  <Icon>
    <href>http://chart.apis.google.com/chart?chst=d_bubble_icon_text_small&amp;chld=location|bbT|1780|FFFFFF|000000</href>
  </Icon>
</Style><description><![CDATA[]]></description><visibility>1</visibility></Placemark><Placemark><name>GCAV9QE</name><Point><coordinates>-8.5842,39.6481,100 
</coordinates></Point><Style>
  <Icon>
    <href>http://chart.apis.google.com/chart?chst=d_bubble_icon_text_small&amp;chld=location|bbT|1781|FFFFFF|000000</href>
  </Icon>
</Style><description><![CDATA[]]></description><visibility>1</visibility></Placemark><Placemark><name>GC6M8RV</name><Point><coordinates>-8.5798,39.6511,100 
</coordinates></Point><Style>
  <Icon>
    <href>http://chart.apis.google.com/chart?chst=d_bubble_icon_text_small&amp;chld=location|bbT|1782|FFFFFF|000000</href>
  </Icon>
</Style><description><![CDATA[]]></description><visibility>1</visibility></Placemark><Placemark><name>GC7VAK2</name><Point><coordinates>-8.692,39.6206,100 
</coordinates></Point><Style>
  <Icon>
    <href>http://chart.apis.google.com/chart?chst=d_bubble_icon_text_small&amp;chld=location|bbT|1783|FFFFFF|000000</href>
  </Icon>
</Style><description><![CDATA[]]></description><visibility>1</visibility></Placemark><Placemark><name>GC7B6M9</name><Point><coordinates>-9.1416,38.7108,100 
</coordinates></Point><Style>
  <Icon>
    <href>http://chart.apis.google.com/chart?chst=d_bubble_icon_text_small&amp;chld=location|bbT|1784|FFFFFF|000000</href>
  </Icon>
</Style><description><![CDATA[]]></description><visibility>1</visibility></Placemark><Placemark><name>GC890CX</name><Point><coordinates>-9.138,38.7138,100 
</coordinates></Point><Style>
  <Icon>
    <href>http://chart.apis.google.com/chart?chst=d_bubble_icon_text_small&amp;chld=location|bbT|1785|FFFFFF|000000</href>
  </Icon>
</Style><description><![CDATA[]]></description><visibility>1</visibility></Placemark><Placemark><name>GC88655</name><Point><coordinates>-9.1425,38.7125,100 
</coordinates></Point><Style>
  <Icon>
    <href>http://chart.apis.google.com/chart?chst=d_bubble_icon_text_small&amp;chld=location|bbT|1786|FFFFFF|000000</href>
  </Icon>
</Style><description><![CDATA[]]></description><visibility>1</visibility></Placemark><Placemark><name>GCATCMQ</name><Point><coordinates>-8.5701,39.6561,100 
</coordinates></Point><Style>
  <Icon>
    <href>http://chart.apis.google.com/chart?chst=d_bubble_icon_text_small&amp;chld=location|bbT|1787|FFFFFF|000000</href>
  </Icon>
</Style><description><![CDATA[]]></description><visibility>1</visibility></Placemark><Placemark><name>GCMAC9</name><Point><coordinates>12.5196,55.6377,100 
</coordinates></Point><Style>
  <Icon>
    <href>http://chart.apis.google.com/chart?chst=d_bubble_icon_text_small&amp;chld=location|bbT|1788|FFFFFF|000000</href>
  </Icon>
</Style><description><![CDATA[]]></description><visibility>1</visibility></Placemark><Placemark><name>GC8ZBV9</name><Point><coordinates>12.5838,55.6466,100 
</coordinates></Point><Style>
  <Icon>
    <href>http://chart.apis.google.com/chart?chst=d_bubble_icon_text_small&amp;chld=location|bbT|1789|FFFFFF|000000</href>
  </Icon>
</Style><description><![CDATA[]]></description><visibility>1</visibility></Placemark><Placemark><name>GC7P4MT</name><Point><coordinates>12.5378,55.6677,100 
</coordinates></Point><Style>
  <Icon>
    <href>http://chart.apis.google.com/chart?chst=d_bubble_icon_text_small&amp;chld=location|bbT|1790|FFFFFF|000000</href>
  </Icon>
</Style><description><![CDATA[]]></description><visibility>1</visibility></Placemark><Placemark><name>GC88ZPP</name><Point><coordinates>12.5323,55.6676,100 
</coordinates></Point><Style>
  <Icon>
    <href>http://chart.apis.google.com/chart?chst=d_bubble_icon_text_small&amp;chld=location|bbT|1791|FFFFFF|000000</href>
  </Icon>
</Style><description><![CDATA[]]></description><visibility>1</visibility></Placemark><Placemark><name>GC890TD</name><Point><coordinates>12.534,55.6718,100 
</coordinates></Point><Style>
  <Icon>
    <href>http://chart.apis.google.com/chart?chst=d_bubble_icon_text_small&amp;chld=location|bbT|1792|FFFFFF|000000</href>
  </Icon>
</Style><description><![CDATA[]]></description><visibility>1</visibility></Placemark><Placemark><name>GC18VQV</name><Point><coordinates>12.535,55.6723,100 
</coordinates></Point><Style>
  <Icon>
    <href>http://chart.apis.google.com/chart?chst=d_bubble_icon_text_small&amp;chld=location|bbT|1793|FFFFFF|000000</href>
  </Icon>
</Style><description><![CDATA[]]></description><visibility>1</visibility></Placemark><Placemark><name>GC1BBG7</name><Point><coordinates>12.4352,55.7653,100 
</coordinates></Point><Style>
  <Icon>
    <href>http://chart.apis.google.com/chart?chst=d_bubble_icon_text_small&amp;chld=location|bbT|1794|FFFFFF|000000</href>
  </Icon>
</Style><description><![CDATA[]]></description><visibility>1</visibility></Placemark><Placemark><name>GCH2E4</name><Point><coordinates>12.4412,55.7546,100 
</coordinates></Point><Style>
  <Icon>
    <href>http://chart.apis.google.com/chart?chst=d_bubble_icon_text_small&amp;chld=location|bbT|1795|FFFFFF|000000</href>
  </Icon>
</Style><description><![CDATA[]]></description><visibility>1</visibility></Placemark><Placemark><name>GC6A</name><Point><coordinates>12.4428,55.7543,100 
</coordinates></Point><Style>
  <Icon>
    <href>http://chart.apis.google.com/chart?chst=d_bubble_icon_text_small&amp;chld=location|bbT|1796|FFFFFF|000000</href>
  </Icon>
</Style><description><![CDATA[]]></description><visibility>1</visibility></Placemark><Placemark><name>GC88YZA</name><Point><coordinates>12.5936,55.6737,100 
</coordinates></Point><Style>
  <Icon>
    <href>http://chart.apis.google.com/chart?chst=d_bubble_icon_text_small&amp;chld=location|bbT|1797|FFFFFF|000000</href>
  </Icon>
</Style><description><![CDATA[]]></description><visibility>1</visibility></Placemark><Placemark><name>GCAJG9A</name><Point><coordinates>12.593,55.6813,100 
</coordinates></Point><Style>
  <Icon>
    <href>http://chart.apis.google.com/chart?chst=d_bubble_icon_text_small&amp;chld=location|bbT|1798|FFFFFF|000000</href>
  </Icon>
</Style><description><![CDATA[]]></description><visibility>1</visibility></Placemark><Placemark><name>GC89019</name><Point><coordinates>12.5978,55.6743,100 
</coordinates></Point><Style>
  <Icon>
    <href>http://chart.apis.google.com/chart?chst=d_bubble_icon_text_small&amp;chld=location|bbT|1799|FFFFFF|000000</href>
  </Icon>
</Style><description><![CDATA[]]></description><visibility>1</visibility></Placemark><Placemark><name>GC88ZXN</name><Point><coordinates>12.5824,55.6764,100 
</coordinates></Point><Style>
  <Icon>
    <href>http://chart.apis.google.com/chart?chst=d_bubble_icon_text_small&amp;chld=location|bbT|1800|FFFFFF|000000</href>
  </Icon>
</Style><description><![CDATA[]]></description><visibility>1</visibility></Placemark><Placemark><name>GCAJH8B</name><Point><coordinates>12.5844,55.6756,100 
</coordinates></Point><Style>
  <Icon>
    <href>http://chart.apis.google.com/chart?chst=d_bubble_icon_text_small&amp;chld=location|bbT|1801|FFFFFF|000000</href>
  </Icon>
</Style><description><![CDATA[]]></description><visibility>1</visibility></Placemark><Placemark><name>GC88YX0</name><Point><coordinates>12.6241,55.6846,100 
</coordinates></Point><Style>
  <Icon>
    <href>http://chart.apis.google.com/chart?chst=d_bubble_icon_text_small&amp;chld=location|bbT|1802|FFFFFF|000000</href>
  </Icon>
</Style><description><![CDATA[]]></description><visibility>1</visibility></Placemark><Placemark><name>GC8904K</name><Point><coordinates>12.6035,55.661,100 
</coordinates></Point><Style>
  <Icon>
    <href>http://chart.apis.google.com/chart?chst=d_bubble_icon_text_small&amp;chld=location|bbT|1803|FFFFFF|000000</href>
  </Icon>
</Style><description><![CDATA[]]></description><visibility>1</visibility></Placemark><Placemark><name>GCA5QAR</name><Point><coordinates>12.5611,55.6687,100 
</coordinates></Point><Style>
  <Icon>
    <href>http://chart.apis.google.com/chart?chst=d_bubble_icon_text_small&amp;chld=location|bbT|1804|FFFFFF|000000</href>
  </Icon>
</Style><description><![CDATA[]]></description><visibility>1</visibility></Placemark><Placemark><name>GCAF6B</name><Point><coordinates>12.544,55.97,100 
</coordinates></Point><Style>
  <Icon>
    <href>http://chart.apis.google.com/chart?chst=d_bubble_icon_text_small&amp;chld=location|bbT|1805|FFFFFF|000000</href>
  </Icon>
</Style><description><![CDATA[]]></description><visibility>1</visibility></Placemark><Placemark><name>GC97MC6</name><Point><coordinates>13.1945,55.7052,100 
</coordinates></Point><Style>
  <Icon>
    <href>http://chart.apis.google.com/chart?chst=d_bubble_icon_text_small&amp;chld=location|bbT|1806|FFFFFF|000000</href>
  </Icon>
</Style><description><![CDATA[]]></description><visibility>1</visibility></Placemark><Placemark><name>GC8929E</name><Point><coordinates>13.1863,55.7089,100 
</coordinates></Point><Style>
  <Icon>
    <href>http://chart.apis.google.com/chart?chst=d_bubble_icon_text_small&amp;chld=location|bbT|1807|FFFFFF|000000</href>
  </Icon>
</Style><description><![CDATA[]]></description><visibility>1</visibility></Placemark><Placemark><name>GC5GE1M</name><Point><coordinates>11.9685,57.7074,100 
</coordinates></Point><Style>
  <Icon>
    <href>http://chart.apis.google.com/chart?chst=d_bubble_icon_text_small&amp;chld=location|bbT|1808|FFFFFF|000000</href>
  </Icon>
</Style><description><![CDATA[]]></description><visibility>1</visibility></Placemark><Placemark><name>GC9P7BR</name><Point><coordinates>11.9672,57.7071,100 
</coordinates></Point><Style>
  <Icon>
    <href>http://chart.apis.google.com/chart?chst=d_bubble_icon_text_small&amp;chld=location|bbT|1809|FFFFFF|000000</href>
  </Icon>
</Style><description><![CDATA[]]></description><visibility>1</visibility></Placemark><Placemark><name>GC6AW2W</name><Point><coordinates>11.9675,57.7054,100 
</coordinates></Point><Style>
  <Icon>
    <href>http://chart.apis.google.com/chart?chst=d_bubble_icon_text_small&amp;chld=location|bbT|1810|FFFFFF|000000</href>
  </Icon>
</Style><description><![CDATA[]]></description><visibility>1</visibility></Placemark><Placemark><name>GC9P7H1</name><Point><coordinates>11.9746,57.7048,100 
</coordinates></Point><Style>
  <Icon>
    <href>http://chart.apis.google.com/chart?chst=d_bubble_icon_text_small&amp;chld=location|bbT|1811|FFFFFF|000000</href>
  </Icon>
</Style><description><![CDATA[]]></description><visibility>1</visibility></Placemark><Placemark><name>GC3QDRR</name><Point><coordinates>11.9707,57.7034,100 
</coordinates></Point><Style>
  <Icon>
    <href>http://chart.apis.google.com/chart?chst=d_bubble_icon_text_small&amp;chld=location|bbT|1812|FFFFFF|000000</href>
  </Icon>
</Style><description><![CDATA[]]></description><visibility>1</visibility></Placemark><Placemark><name>GCAVYH4</name><Point><coordinates>11.9755,57.7082,100 
</coordinates></Point><Style>
  <Icon>
    <href>http://chart.apis.google.com/chart?chst=d_bubble_icon_text_small&amp;chld=location|bbT|1813|FFFFFF|000000</href>
  </Icon>
</Style><description><![CDATA[]]></description><visibility>1</visibility></Placemark><Placemark><name>GC44BC</name><Point><coordinates>11.9677,57.7145,100 
</coordinates></Point><Style>
  <Icon>
    <href>http://chart.apis.google.com/chart?chst=d_bubble_icon_text_small&amp;chld=location|bbT|1814|FFFFFF|000000</href>
  </Icon>
</Style><description><![CDATA[]]></description><visibility>1</visibility></Placemark><Placemark><name>GC9P636</name><Point><coordinates>11.9696,57.7155,100 
</coordinates></Point><Style>
  <Icon>
    <href>http://chart.apis.google.com/chart?chst=d_bubble_icon_text_small&amp;chld=location|bbT|1815|FFFFFF|000000</href>
  </Icon>
</Style><description><![CDATA[]]></description><visibility>1</visibility></Placemark><Placemark><name>GC9P6E1</name><Point><coordinates>11.974,57.7125,100 
</coordinates></Point><Style>
  <Icon>
    <href>http://chart.apis.google.com/chart?chst=d_bubble_icon_text_small&amp;chld=location|bbT|1816|FFFFFF|000000</href>
  </Icon>
</Style><description><![CDATA[]]></description><visibility>1</visibility></Placemark><Placemark><name>GC7BA2R</name><Point><coordinates>11.965,57.711,100 
</coordinates></Point><Style>
  <Icon>
    <href>http://chart.apis.google.com/chart?chst=d_bubble_icon_text_small&amp;chld=location|bbT|1817|FFFFFF|000000</href>
  </Icon>
</Style><description><![CDATA[]]></description><visibility>1</visibility></Placemark><Placemark><name>GC9P7GB</name><Point><coordinates>11.9673,57.7067,100 
</coordinates></Point><Style>
  <Icon>
    <href>http://chart.apis.google.com/chart?chst=d_bubble_icon_text_small&amp;chld=location|bbT|1818|FFFFFF|000000</href>
  </Icon>
</Style><description><![CDATA[]]></description><visibility>1</visibility></Placemark><Placemark><name>GC4AHD2</name><Point><coordinates>11.9701,57.7049,100 
</coordinates></Point><Style>
  <Icon>
    <href>http://chart.apis.google.com/chart?chst=d_bubble_icon_text_small&amp;chld=location|bbT|1819|FFFFFF|000000</href>
  </Icon>
</Style><description><![CDATA[]]></description><visibility>1</visibility></Placemark><Placemark><name>GC9P6W3</name><Point><coordinates>11.9765,57.7057,100 
</coordinates></Point><Style>
  <Icon>
    <href>http://chart.apis.google.com/chart?chst=d_bubble_icon_text_small&amp;chld=location|bbT|1820|FFFFFF|000000</href>
  </Icon>
</Style><description><![CDATA[]]></description><visibility>1</visibility></Placemark><Placemark><name>GC88ZRE</name><Point><coordinates>11.9831,57.7072,100 
</coordinates></Point><Style>
  <Icon>
    <href>http://chart.apis.google.com/chart?chst=d_bubble_icon_text_small&amp;chld=location|bbT|1821|FFFFFF|000000</href>
  </Icon>
</Style><description><![CDATA[]]></description><visibility>1</visibility></Placemark><Placemark><name>GC42CH1</name><Point><coordinates>11.9829,57.7081,100 
</coordinates></Point><Style>
  <Icon>
    <href>http://chart.apis.google.com/chart?chst=d_bubble_icon_text_small&amp;chld=location|bbT|1822|FFFFFF|000000</href>
  </Icon>
</Style><description><![CDATA[]]></description><visibility>1</visibility></Placemark><Placemark><name>GC7VQ64</name><Point><coordinates>10.7153,59.9233,100 
</coordinates></Point><Style>
  <Icon>
    <href>http://chart.apis.google.com/chart?chst=d_bubble_icon_text_small&amp;chld=location|bbT|1823|FFFFFF|000000</href>
  </Icon>
</Style><description><![CDATA[]]></description><visibility>1</visibility></Placemark><Placemark><name>GC892EY</name><Point><coordinates>10.7373,59.914,100 
</coordinates></Point><Style>
  <Icon>
    <href>http://chart.apis.google.com/chart?chst=d_bubble_icon_text_small&amp;chld=location|bbT|1824|FFFFFF|000000</href>
  </Icon>
</Style><description><![CDATA[]]></description><visibility>1</visibility></Placemark><Placemark><name>GC1XDZQ</name><Point><coordinates>10.7395,59.915,100 
</coordinates></Point><Style>
  <Icon>
    <href>http://chart.apis.google.com/chart?chst=d_bubble_icon_text_small&amp;chld=location|bbT|1825|FFFFFF|000000</href>
  </Icon>
</Style><description><![CDATA[]]></description><visibility>1</visibility></Placemark><Placemark><name>GC7B6FT</name><Point><coordinates>10.733,59.9112,100 
</coordinates></Point><Style>
  <Icon>
    <href>http://chart.apis.google.com/chart?chst=d_bubble_icon_text_small&amp;chld=location|bbT|1826|FFFFFF|000000</href>
  </Icon>
</Style><description><![CDATA[]]></description><visibility>1</visibility></Placemark><Placemark><name>GC2PJF0</name><Point><coordinates>10.7563,59.9058,100 
</coordinates></Point><Style>
  <Icon>
    <href>http://chart.apis.google.com/chart?chst=d_bubble_icon_text_small&amp;chld=location|bbT|1827|FFFFFF|000000</href>
  </Icon>
</Style><description><![CDATA[]]></description><visibility>1</visibility></Placemark><Placemark><name>GC892HF</name><Point><coordinates>10.7509,59.9065,100 
</coordinates></Point><Style>
  <Icon>
    <href>http://chart.apis.google.com/chart?chst=d_bubble_icon_text_small&amp;chld=location|bbT|1828|FFFFFF|000000</href>
  </Icon>
</Style><description><![CDATA[]]></description><visibility>1</visibility></Placemark><Placemark><name>GC8Q229</name><Point><coordinates>10.7571,59.9229,100 
</coordinates></Point><Style>
  <Icon>
    <href>http://chart.apis.google.com/chart?chst=d_bubble_icon_text_small&amp;chld=location|bbT|1829|FFFFFF|000000</href>
  </Icon>
</Style><description><![CDATA[]]></description><visibility>1</visibility></Placemark><Placemark><name>GC249TY</name><Point><coordinates>10.7474,59.9242,100 
</coordinates></Point><Style>
  <Icon>
    <href>http://chart.apis.google.com/chart?chst=d_bubble_icon_text_small&amp;chld=location|bbT|1830|FFFFFF|000000</href>
  </Icon>
</Style><description><![CDATA[]]></description><visibility>1</visibility></Placemark><Placemark><name>GC41JQ5</name><Point><coordinates>10.7265,59.9203,100 
</coordinates></Point><Style>
  <Icon>
    <href>http://chart.apis.google.com/chart?chst=d_bubble_icon_text_small&amp;chld=location|bbT|1831|FFFFFF|000000</href>
  </Icon>
</Style><description><![CDATA[]]></description><visibility>1</visibility></Placemark><Placemark><name>GC8912K</name><Point><coordinates>10.7036,59.926,100 
</coordinates></Point><Style>
  <Icon>
    <href>http://chart.apis.google.com/chart?chst=d_bubble_icon_text_small&amp;chld=location|bbT|1832|FFFFFF|000000</href>
  </Icon>
</Style><description><![CDATA[]]></description><visibility>1</visibility></Placemark><Placemark><name>GC7B813</name><Point><coordinates>10.7015,59.9273,100 
</coordinates></Point><Style>
  <Icon>
    <href>http://chart.apis.google.com/chart?chst=d_bubble_icon_text_small&amp;chld=location|bbT|1833|FFFFFF|000000</href>
  </Icon>
</Style><description><![CDATA[]]></description><visibility>1</visibility></Placemark><Placemark><name>GC2Z81N</name><Point><coordinates>10.6982,59.9272,100 
</coordinates></Point><Style>
  <Icon>
    <href>http://chart.apis.google.com/chart?chst=d_bubble_icon_text_small&amp;chld=location|bbT|1834|FFFFFF|000000</href>
  </Icon>
</Style><description><![CDATA[]]></description><visibility>1</visibility></Placemark><Placemark><name>GC891V8</name><Point><coordinates>10.7038,59.9325,100 
</coordinates></Point><Style>
  <Icon>
    <href>http://chart.apis.google.com/chart?chst=d_bubble_icon_text_small&amp;chld=location|bbT|1835|FFFFFF|000000</href>
  </Icon>
</Style><description><![CDATA[]]></description><visibility>1</visibility></Placemark><Placemark><name>GC8GH5T</name><Point><coordinates>10.7054,59.9333,100 
</coordinates></Point><Style>
  <Icon>
    <href>http://chart.apis.google.com/chart?chst=d_bubble_icon_text_small&amp;chld=location|bbT|1836|FFFFFF|000000</href>
  </Icon>
</Style><description><![CDATA[]]></description><visibility>1</visibility></Placemark><Placemark><name>GC1CXYF</name><Point><coordinates>10.6739,59.8971,100 
</coordinates></Point><Style>
  <Icon>
    <href>http://chart.apis.google.com/chart?chst=d_bubble_icon_text_small&amp;chld=location|bbT|1837|FFFFFF|000000</href>
  </Icon>
</Style><description><![CDATA[]]></description><visibility>1</visibility></Placemark><Placemark><name>GC89023</name><Point><coordinates>10.7457,59.9198,100 
</coordinates></Point><Style>
  <Icon>
    <href>http://chart.apis.google.com/chart?chst=d_bubble_icon_text_small&amp;chld=location|bbT|1838|FFFFFF|000000</href>
  </Icon>
</Style><description><![CDATA[]]></description><visibility>1</visibility></Placemark><Placemark><name>GC5P24T</name><Point><coordinates>10.7429,59.9211,100 
</coordinates></Point><Style>
  <Icon>
    <href>http://chart.apis.google.com/chart?chst=d_bubble_icon_text_small&amp;chld=location|bbT|1839|FFFFFF|000000</href>
  </Icon>
</Style><description><![CDATA[]]></description><visibility>1</visibility></Placemark><Placemark><name>GCAJHAQ</name><Point><coordinates>10.7318,59.9188,100 
</coordinates></Point><Style>
  <Icon>
    <href>http://chart.apis.google.com/chart?chst=d_bubble_icon_text_small&amp;chld=location|bbT|1840|FFFFFF|000000</href>
  </Icon>
</Style><description><![CDATA[]]></description><visibility>1</visibility></Placemark><Placemark><name>GC2GAFH</name><Point><coordinates>10.7333,59.9138,100 
</coordinates></Point><Style>
  <Icon>
    <href>http://chart.apis.google.com/chart?chst=d_bubble_icon_text_small&amp;chld=location|bbT|1841|FFFFFF|000000</href>
  </Icon>
</Style><description><![CDATA[]]></description><visibility>1</visibility></Placemark><Placemark><name>GC88ZQD</name><Point><coordinates>10.7707,59.9013,100 
</coordinates></Point><Style>
  <Icon>
    <href>http://chart.apis.google.com/chart?chst=d_bubble_icon_text_small&amp;chld=location|bbT|1842|FFFFFF|000000</href>
  </Icon>
</Style><description><![CDATA[]]></description><visibility>1</visibility></Placemark><Placemark><name>GC8198T</name><Point><coordinates>10.7666,59.9008,100 
</coordinates></Point><Style>
  <Icon>
    <href>http://chart.apis.google.com/chart?chst=d_bubble_icon_text_small&amp;chld=location|bbT|1843|FFFFFF|000000</href>
  </Icon>
</Style><description><![CDATA[]]></description><visibility>1</visibility></Placemark><Placemark><name>GC7B6KV</name><Point><coordinates>10.7502,59.9115,100 
</coordinates></Point><Style>
  <Icon>
    <href>http://chart.apis.google.com/chart?chst=d_bubble_icon_text_small&amp;chld=location|bbT|1844|FFFFFF|000000</href>
  </Icon>
</Style><description><![CDATA[]]></description><visibility>1</visibility></Placemark><Placemark><name>GC891FH</name><Point><coordinates>11.1012,60.1932,100 
</coordinates></Point><Style>
  <Icon>
    <href>http://chart.apis.google.com/chart?chst=d_bubble_icon_text_small&amp;chld=location|bbT|1845|FFFFFF|000000</href>
  </Icon>
</Style><description><![CDATA[]]></description><visibility>1</visibility></Placemark><Placemark><name>GC83FZV</name><Point><coordinates>-122.5039,48.7203,100 
</coordinates></Point><Style>
  <Icon>
    <href>http://chart.apis.google.com/chart?chst=d_bubble_icon_text_small&amp;chld=location|bbT|1846|FFFFFF|000000</href>
  </Icon>
</Style><description><![CDATA[]]></description><visibility>1</visibility></Placemark><Placemark><name>GC1T55E</name><Point><coordinates>-122.4292,48.7521,100 
</coordinates></Point><Style>
  <Icon>
    <href>http://chart.apis.google.com/chart?chst=d_bubble_icon_text_small&amp;chld=location|bbT|1847|FFFFFF|000000</href>
  </Icon>
</Style><description><![CDATA[]]></description><visibility>1</visibility></Placemark><Placemark><name>GCAQ39X</name><Point><coordinates>-122.4312,48.7519,100 
</coordinates></Point><Style>
  <Icon>
    <href>http://chart.apis.google.com/chart?chst=d_bubble_icon_text_small&amp;chld=location|bbT|1848|FFFFFF|000000</href>
  </Icon>
</Style><description><![CDATA[]]></description><visibility>1</visibility></Placemark><Placemark><name>GC8W6JP</name><Point><coordinates>-122.2943,47.816,100 
</coordinates></Point><Style>
  <Icon>
    <href>http://chart.apis.google.com/chart?chst=d_bubble_icon_text_small&amp;chld=location|bbT|1849|FFFFFF|000000</href>
  </Icon>
</Style><description><![CDATA[]]></description><visibility>1</visibility></Placemark><Placemark><name>GC264MA</name><Point><coordinates>17.9467,42.6826,100 
</coordinates></Point><Style>
  <Icon>
    <href>http://chart.apis.google.com/chart?chst=d_bubble_icon_text_small&amp;chld=location|bbT|1850|FFFFFF|000000</href>
  </Icon>
</Style><description><![CDATA[]]></description><visibility>1</visibility></Placemark><Placemark><name>GC2B8YT</name><Point><coordinates>17.9462,42.6875,100 
</coordinates></Point><Style>
  <Icon>
    <href>http://chart.apis.google.com/chart?chst=d_bubble_icon_text_small&amp;chld=location|bbT|1851|FFFFFF|000000</href>
  </Icon>
</Style><description><![CDATA[]]></description><visibility>1</visibility></Placemark><Placemark><name>GC2EHZT</name><Point><coordinates>17.9472,42.6891,100 
</coordinates></Point><Style>
  <Icon>
    <href>http://chart.apis.google.com/chart?chst=d_bubble_icon_text_small&amp;chld=location|bbT|1852|FFFFFF|000000</href>
  </Icon>
</Style><description><![CDATA[]]></description><visibility>1</visibility></Placemark><Placemark><name>GC7B77T</name><Point><coordinates>18.1062,42.641,100 
</coordinates></Point><Style>
  <Icon>
    <href>http://chart.apis.google.com/chart?chst=d_bubble_icon_text_small&amp;chld=location|bbT|1853|FFFFFF|000000</href>
  </Icon>
</Style><description><![CDATA[]]></description><visibility>1</visibility></Placemark><Placemark><name>GCG8XE</name><Point><coordinates>18.1107,42.6413,100 
</coordinates></Point><Style>
  <Icon>
    <href>http://chart.apis.google.com/chart?chst=d_bubble_icon_text_small&amp;chld=location|bbT|1854|FFFFFF|000000</href>
  </Icon>
</Style><description><![CDATA[]]></description><visibility>1</visibility></Placemark><Placemark><name>GC62R49</name><Point><coordinates>18.1083,42.6406,100 
</coordinates></Point><Style>
  <Icon>
    <href>http://chart.apis.google.com/chart?chst=d_bubble_icon_text_small&amp;chld=location|bbT|1855|FFFFFF|000000</href>
  </Icon>
</Style><description><![CDATA[]]></description><visibility>1</visibility></Placemark><Placemark><name>GC9P78Z</name><Point><coordinates>16.4434,43.5098,100 
</coordinates></Point><Style>
  <Icon>
    <href>http://chart.apis.google.com/chart?chst=d_bubble_icon_text_small&amp;chld=location|bbT|1856|FFFFFF|000000</href>
  </Icon>
</Style><description><![CDATA[]]></description><visibility>1</visibility></Placemark><Placemark><name>GC5Z13G</name><Point><coordinates>16.2521,43.5168,100 
</coordinates></Point><Style>
  <Icon>
    <href>http://chart.apis.google.com/chart?chst=d_bubble_icon_text_small&amp;chld=location|bbT|1857|FFFFFF|000000</href>
  </Icon>
</Style><description><![CDATA[]]></description><visibility>1</visibility></Placemark><Placemark><name>GC89220</name><Point><coordinates>16.2522,43.5157,100 
</coordinates></Point><Style>
  <Icon>
    <href>http://chart.apis.google.com/chart?chst=d_bubble_icon_text_small&amp;chld=location|bbT|1858|FFFFFF|000000</href>
  </Icon>
</Style><description><![CDATA[]]></description><visibility>1</visibility></Placemark><Placemark><name>GCAJK01</name><Point><coordinates>15.2201,44.1175,100 
</coordinates></Point><Style>
  <Icon>
    <href>http://chart.apis.google.com/chart?chst=d_bubble_icon_text_small&amp;chld=location|bbT|1859|FFFFFF|000000</href>
  </Icon>
</Style><description><![CDATA[]]></description><visibility>1</visibility></Placemark><Placemark><name>GC77P4X</name><Point><coordinates>14.5009,46.0477,100 
</coordinates></Point><Style>
  <Icon>
    <href>http://chart.apis.google.com/chart?chst=d_bubble_icon_text_small&amp;chld=location|bbT|1860|FFFFFF|000000</href>
  </Icon>
</Style><description><![CDATA[]]></description><visibility>1</visibility></Placemark><Placemark><name>GC88YX3</name><Point><coordinates>13.8958,46.4386,100 
</coordinates></Point><Style>
  <Icon>
    <href>http://chart.apis.google.com/chart?chst=d_bubble_icon_text_small&amp;chld=location|bbT|1861|FFFFFF|000000</href>
  </Icon>
</Style><description><![CDATA[]]></description><visibility>1</visibility></Placemark><Placemark><name>GC33JEF</name><Point><coordinates>13.8427,46.4099,100 
</coordinates></Point><Style>
  <Icon>
    <href>http://chart.apis.google.com/chart?chst=d_bubble_icon_text_small&amp;chld=location|bbT|1862|FFFFFF|000000</href>
  </Icon>
</Style><description><![CDATA[]]></description><visibility>1</visibility></Placemark><Placemark><name>GC890A2</name><Point><coordinates>14.5061,46.0485,100 
</coordinates></Point><Style>
  <Icon>
    <href>http://chart.apis.google.com/chart?chst=d_bubble_icon_text_small&amp;chld=location|bbT|1863|FFFFFF|000000</href>
  </Icon>
</Style><description><![CDATA[]]></description><visibility>1</visibility></Placemark><Placemark><name>GC891RR</name><Point><coordinates>14.5084,46.0512,100 
</coordinates></Point><Style>
  <Icon>
    <href>http://chart.apis.google.com/chart?chst=d_bubble_icon_text_small&amp;chld=location|bbT|1864|FFFFFF|000000</href>
  </Icon>
</Style><description><![CDATA[]]></description><visibility>1</visibility></Placemark><Placemark><name>GC2YWEP</name><Point><coordinates>14.5099,46.0484,100 
</coordinates></Point><Style>
  <Icon>
    <href>http://chart.apis.google.com/chart?chst=d_bubble_icon_text_small&amp;chld=location|bbT|1865|FFFFFF|000000</href>
  </Icon>
</Style><description><![CDATA[]]></description><visibility>1</visibility></Placemark><Placemark><name>GCABEQ9</name><Point><coordinates>14.5077,46.0502,100 
</coordinates></Point><Style>
  <Icon>
    <href>http://chart.apis.google.com/chart?chst=d_bubble_icon_text_small&amp;chld=location|bbT|1866|FFFFFF|000000</href>
  </Icon>
</Style><description><![CDATA[]]></description><visibility>1</visibility></Placemark><Placemark><name>GC9P8CW</name><Point><coordinates>15.9768,45.8155,100 
</coordinates></Point><Style>
  <Icon>
    <href>http://chart.apis.google.com/chart?chst=d_bubble_icon_text_small&amp;chld=location|bbT|1867|FFFFFF|000000</href>
  </Icon>
</Style><description><![CDATA[]]></description><visibility>1</visibility></Placemark><Placemark><name>GC8904R</name><Point><coordinates>15.9795,45.8147,100 
</coordinates></Point><Style>
  <Icon>
    <href>http://chart.apis.google.com/chart?chst=d_bubble_icon_text_small&amp;chld=location|bbT|1868|FFFFFF|000000</href>
  </Icon>
</Style><description><![CDATA[]]></description><visibility>1</visibility></Placemark><Placemark><name>GC7BA31</name><Point><coordinates>15.9749,45.8123,100 
</coordinates></Point><Style>
  <Icon>
    <href>http://chart.apis.google.com/chart?chst=d_bubble_icon_text_small&amp;chld=location|bbT|1869|FFFFFF|000000</href>
  </Icon>
</Style><description><![CDATA[]]></description><visibility>1</visibility></Placemark><Placemark><name>GC8922D</name><Point><coordinates>14.1087,46.3687,100 
</coordinates></Point><Style>
  <Icon>
    <href>http://chart.apis.google.com/chart?chst=d_bubble_icon_text_small&amp;chld=location|bbT|1870|FFFFFF|000000</href>
  </Icon>
</Style><description><![CDATA[]]></description><visibility>1</visibility></Placemark><Placemark><name>GC3GZZ5</name><Point><coordinates>15.971,45.8089,100 
</coordinates></Point><Style>
  <Icon>
    <href>http://chart.apis.google.com/chart?chst=d_bubble_icon_text_small&amp;chld=location|bbT|1871|FFFFFF|000000</href>
  </Icon>
</Style><description><![CDATA[]]></description><visibility>1</visibility></Placemark><Placemark><name>GC890GT</name><Point><coordinates>15.9747,45.8146,100 
</coordinates></Point><Style>
  <Icon>
    <href>http://chart.apis.google.com/chart?chst=d_bubble_icon_text_small&amp;chld=location|bbT|1872|FFFFFF|000000</href>
  </Icon>
</Style><description><![CDATA[]]></description><visibility>1</visibility></Placemark><Placemark><name>GC57EWK</name><Point><coordinates>15.9802,45.8107,100 
</coordinates></Point><Style>
  <Icon>
    <href>http://chart.apis.google.com/chart?chst=d_bubble_icon_text_small&amp;chld=location|bbT|1873|FFFFFF|000000</href>
  </Icon>
</Style><description><![CDATA[]]></description><visibility>1</visibility></Placemark><Placemark><name>GC5V075</name><Point><coordinates>15.9657,45.8065,100 
</coordinates></Point><Style>
  <Icon>
    <href>http://chart.apis.google.com/chart?chst=d_bubble_icon_text_small&amp;chld=location|bbT|1874|FFFFFF|000000</href>
  </Icon>
</Style><description><![CDATA[]]></description><visibility>1</visibility></Placemark><Placemark><name>GCAJKF6</name><Point><coordinates>15.9779,45.8132,100 
</coordinates></Point><Style>
  <Icon>
    <href>http://chart.apis.google.com/chart?chst=d_bubble_icon_text_small&amp;chld=location|bbT|1875|FFFFFF|000000</href>
  </Icon>
</Style><description><![CDATA[]]></description><visibility>1</visibility></Placemark><Placemark><name>GCARVHF</name><Point><coordinates>-122.3469,47.6485,100 
</coordinates></Point><Style>
  <Icon>
    <href>http://chart.apis.google.com/chart?chst=d_bubble_icon_text_small&amp;chld=location|bbT|1876|FFFFFF|000000</href>
  </Icon>
</Style><description><![CDATA[]]></description><visibility>1</visibility></Placemark><Placemark><name>GC5FCQ2</name><Point><coordinates>-122.9482,48.6675,100 
</coordinates></Point><Style>
  <Icon>
    <href>http://chart.apis.google.com/chart?chst=d_bubble_icon_text_small&amp;chld=location|bbT|1877|FFFFFF|000000</href>
  </Icon>
</Style><description><![CDATA[]]></description><visibility>1</visibility></Placemark><Placemark><name>GC5Q670</name><Point><coordinates>-122.9744,48.6699,100 
</coordinates></Point><Style>
  <Icon>
    <href>http://chart.apis.google.com/chart?chst=d_bubble_icon_text_small&amp;chld=location|bbT|1878|FFFFFF|000000</href>
  </Icon>
</Style><description><![CDATA[]]></description><visibility>1</visibility></Placemark><Placemark><name>GC5CHJJ</name><Point><coordinates>-122.9908,48.6621,100 
</coordinates></Point><Style>
  <Icon>
    <href>http://chart.apis.google.com/chart?chst=d_bubble_icon_text_small&amp;chld=location|bbT|1879|FFFFFF|000000</href>
  </Icon>
</Style><description><![CDATA[]]></description><visibility>1</visibility></Placemark><Placemark><name>GCAY51D</name><Point><coordinates>-122.338,47.6696,100 
</coordinates></Point><Style>
  <Icon>
    <href>http://chart.apis.google.com/chart?chst=d_bubble_icon_text_small&amp;chld=location|bbT|1880|FFFFFF|000000</href>
  </Icon>
</Style><description><![CDATA[]]></description><visibility>1</visibility></Placemark><Placemark><name>GCAXP3X</name><Point><coordinates>-122.3486,47.6492,100 
</coordinates></Point><Style>
  <Icon>
    <href>http://chart.apis.google.com/chart?chst=d_bubble_icon_text_small&amp;chld=location|bbT|1881|FFFFFF|000000</href>
  </Icon>
</Style><description><![CDATA[]]></description><visibility>1</visibility></Placemark><Placemark><name>GC9P5E1</name><Point><coordinates>-122.1166,45.577,100 
</coordinates></Point><Style>
  <Icon>
    <href>http://chart.apis.google.com/chart?chst=d_bubble_icon_text_small&amp;chld=location|bbT|1882|FFFFFF|000000</href>
  </Icon>
</Style><description><![CDATA[]]></description><visibility>1</visibility></Placemark><Placemark><name>GC2RJEY</name><Point><coordinates>-122.2443,45.5394,100 
</coordinates></Point><Style>
  <Icon>
    <href>http://chart.apis.google.com/chart?chst=d_bubble_icon_text_small&amp;chld=location|bbT|1883|FFFFFF|000000</href>
  </Icon>
</Style><description><![CDATA[]]></description><visibility>1</visibility></Placemark><Placemark><name>GCAZ1W6</name><Point><coordinates>-122.3443,47.6493,100 
</coordinates></Point><Style>
  <Icon>
    <href>http://chart.apis.google.com/chart?chst=d_bubble_icon_text_small&amp;chld=location|bbT|1884|FFFFFF|000000</href>
  </Icon>
</Style><description><![CDATA[]]></description><visibility>1</visibility></Placemark><Placemark><name>GC9GEE2</name><Point><coordinates>-122.3388,47.6615,100 
</coordinates></Point><Style>
  <Icon>
    <href>http://chart.apis.google.com/chart?chst=d_bubble_icon_text_small&amp;chld=location|bbT|1885|FFFFFF|000000</href>
  </Icon>
</Style><description><![CDATA[]]></description><visibility>1</visibility></Placemark><Placemark><name>GCAZNDC</name><Point><coordinates>-122.3451,47.6493,100 
</coordinates></Point><Style>
  <Icon>
    <href>http://chart.apis.google.com/chart?chst=d_bubble_icon_text_small&amp;chld=location|bbT|1886|FFFFFF|000000</href>
  </Icon>
</Style><description><![CDATA[]]></description><visibility>1</visibility></Placemark><Placemark><name>GC9DH7E</name><Point><coordinates>-121.8992,37.3123,100 
</coordinates></Point><Style>
  <Icon>
    <href>http://chart.apis.google.com/chart?chst=d_bubble_icon_text_small&amp;chld=location|bbT|1887|FFFFFF|000000</href>
  </Icon>
</Style><description><![CDATA[]]></description><visibility>1</visibility></Placemark><Placemark><name>GCAZ2YK</name><Point><coordinates>-122.3486,47.6493,100 
</coordinates></Point><Style>
  <Icon>
    <href>http://chart.apis.google.com/chart?chst=d_bubble_icon_text_small&amp;chld=location|bbT|1888|FFFFFF|000000</href>
  </Icon>
</Style><description><![CDATA[]]></description><visibility>1</visibility></Placemark><Placemark><name>GC9ZQNQ</name><Point><coordinates>-119.771,39.1068,100 
</coordinates></Point><Style>
  <Icon>
    <href>http://chart.apis.google.com/chart?chst=d_bubble_icon_text_small&amp;chld=location|bbT|1889|FFFFFF|000000</href>
  </Icon>
</Style><description><![CDATA[]]></description><visibility>1</visibility></Placemark><Placemark><name>GCAJ8HM</name><Point><coordinates>-122.4381,37.7686,100 
</coordinates></Point><Style>
  <Icon>
    <href>http://chart.apis.google.com/chart?chst=d_bubble_icon_text_small&amp;chld=location|bbT|1890|FFFFFF|000000</href>
  </Icon>
</Style><description><![CDATA[]]></description><visibility>1</visibility></Placemark><Placemark><name>GC9P7DD</name><Point><coordinates>-122.3903,37.6163,100 
</coordinates></Point><Style>
  <Icon>
    <href>http://chart.apis.google.com/chart?chst=d_bubble_icon_text_small&amp;chld=location|bbT|1891|FFFFFF|000000</href>
  </Icon>
</Style><description><![CDATA[]]></description><visibility>1</visibility></Placemark><Placemark><name>GCB17PG</name><Point><coordinates>-122.3227,47.6675,100 
</coordinates></Point><Style>
  <Icon>
    <href>http://chart.apis.google.com/chart?chst=d_bubble_icon_text_small&amp;chld=location|bbT|1892|FFFFFF|000000</href>
  </Icon>
</Style><description><![CDATA[]]></description><visibility>1</visibility></Placemark><Placemark><name>GCAWJXX</name><Point><coordinates>-122.0393,47.5191,100 
</coordinates></Point><Style>
  <Icon>
    <href>http://chart.apis.google.com/chart?chst=d_bubble_icon_text_small&amp;chld=location|bbT|1893|FFFFFF|000000</href>
  </Icon>
</Style><description><![CDATA[]]></description><visibility>1</visibility></Placemark><Placemark><name>GCAYRVT</name><Point><coordinates>-122.0371,47.5173,100 
</coordinates></Point><Style>
  <Icon>
    <href>http://chart.apis.google.com/chart?chst=d_bubble_icon_text_small&amp;chld=location|bbT|1894|FFFFFF|000000</href>
  </Icon>
</Style><description><![CDATA[]]></description><visibility>1</visibility></Placemark><Placemark><name>GCMXQQ</name><Point><coordinates>-122.0358,47.5117,100 
</coordinates></Point><Style>
  <Icon>
    <href>http://chart.apis.google.com/chart?chst=d_bubble_icon_text_small&amp;chld=location|bbT|1895|FFFFFF|000000</href>
  </Icon>
</Style><description><![CDATA[]]></description><visibility>1</visibility></Placemark><Placemark><name>GC4B3</name><Point><coordinates>-122.0415,47.509,100 
</coordinates></Point><Style>
  <Icon>
    <href>http://chart.apis.google.com/chart?chst=d_bubble_icon_text_small&amp;chld=location|bbT|1896|FFFFFF|000000</href>
  </Icon>
</Style><description><![CDATA[]]></description><visibility>1</visibility></Placemark><Placemark><name>GC5H6W6</name><Point><coordinates>-122.03,47.5105,100 
</coordinates></Point><Style>
  <Icon>
    <href>http://chart.apis.google.com/chart?chst=d_bubble_icon_text_small&amp;chld=location|bbT|1897|FFFFFF|000000</href>
  </Icon>
</Style><description><![CDATA[]]></description><visibility>1</visibility></Placemark><Placemark><name>GCB0AEA</name><Point><coordinates>-122.3487,47.6491,100 
</coordinates></Point><Style>
  <Icon>
    <href>http://chart.apis.google.com/chart?chst=d_bubble_icon_text_small&amp;chld=location|bbT|1898|FFFFFF|000000</href>
  </Icon>
</Style><description><![CDATA[]]></description><visibility>1</visibility></Placemark><Placemark><name>GCAJJEH</name><Point><coordinates>-122.356,47.6169,100 
</coordinates></Point><Style>
  <Icon>
    <href>http://chart.apis.google.com/chart?chst=d_bubble_icon_text_small&amp;chld=location|bbT|1899|FFFFFF|000000</href>
  </Icon>
</Style><description><![CDATA[]]></description><visibility>1</visibility></Placemark><Placemark><name>GCB1CX8</name><Point><coordinates>-122.3524,47.6168,100 
</coordinates></Point><Style>
  <Icon>
    <href>http://chart.apis.google.com/chart?chst=d_bubble_icon_text_small&amp;chld=location|bbT|1900|FFFFFF|000000</href>
  </Icon>
</Style><description><![CDATA[]]></description><visibility>1</visibility></Placemark><Placemark><name>GC4G0CR</name><Point><coordinates>-122.3186,47.6926,100 
</coordinates></Point><Style>
  <Icon>
    <href>http://chart.apis.google.com/chart?chst=d_bubble_icon_text_small&amp;chld=location|bbT|1901|FFFFFF|000000</href>
  </Icon>
</Style><description><![CDATA[]]></description><visibility>1</visibility></Placemark><Placemark><name>GCB26W8</name><Point><coordinates>-97.7424,30.2155,100 
</coordinates></Point><Style>
  <Icon>
    <href>http://chart.apis.google.com/chart?chst=d_bubble_icon_text_small&amp;chld=location|bbT|1902|FFFFFF|000000</href>
  </Icon>
</Style><description><![CDATA[]]></description><visibility>1</visibility></Placemark><Placemark><name>GC2B6C</name><Point><coordinates>-97.7466,30.2147,100 
</coordinates></Point><Style>
  <Icon>
    <href>http://chart.apis.google.com/chart?chst=d_bubble_icon_text_small&amp;chld=location|bbT|1903|FFFFFF|000000</href>
  </Icon>
</Style><description><![CDATA[]]></description><visibility>1</visibility></Placemark><Placemark><name>GC142B</name><Point><coordinates>-97.7404,30.2742,100 
</coordinates></Point><Style>
  <Icon>
    <href>http://chart.apis.google.com/chart?chst=d_bubble_icon_text_small&amp;chld=location|bbT|1904|FFFFFF|000000</href>
  </Icon>
</Style><description><![CDATA[]]></description><visibility>1</visibility></Placemark><Placemark><name>GCA4F6</name><Point><coordinates>-97.7388,30.2758,100 
</coordinates></Point><Style>
  <Icon>
    <href>http://chart.apis.google.com/chart?chst=d_bubble_icon_text_small&amp;chld=location|bbT|1905|FFFFFF|000000</href>
  </Icon>
</Style><description><![CDATA[]]></description><visibility>1</visibility></Placemark><Placemark><name>GC8B2NT</name><Point><coordinates>-97.7222,30.2618,100 
</coordinates></Point><Style>
  <Icon>
    <href>http://chart.apis.google.com/chart?chst=d_bubble_icon_text_small&amp;chld=location|bbT|1906|FFFFFF|000000</href>
  </Icon>
</Style><description><![CDATA[]]></description><visibility>1</visibility></Placemark><Placemark><name>GC588B</name><Point><coordinates>-97.7384,30.274,100 
</coordinates></Point><Style>
  <Icon>
    <href>http://chart.apis.google.com/chart?chst=d_bubble_icon_text_small&amp;chld=location|bbT|1907|FFFFFF|000000</href>
  </Icon>
</Style><description><![CDATA[]]></description><visibility>1</visibility></Placemark><Placemark><name>GCA6DXV</name><Point><coordinates>-97.7383,30.2675,100 
</coordinates></Point><Style>
  <Icon>
    <href>http://chart.apis.google.com/chart?chst=d_bubble_icon_text_small&amp;chld=location|bbT|1908|FFFFFF|000000</href>
  </Icon>
</Style><description><![CDATA[]]></description><visibility>1</visibility></Placemark><Placemark><name>GC7H8A3</name><Point><coordinates>-97.7348,30.2537,100 
</coordinates></Point><Style>
  <Icon>
    <href>http://chart.apis.google.com/chart?chst=d_bubble_icon_text_small&amp;chld=location|bbT|1909|FFFFFF|000000</href>
  </Icon>
</Style><description><![CDATA[]]></description><visibility>1</visibility></Placemark><Placemark><name>GC6G9VG</name><Point><coordinates>-97.7389,30.2541,100 
</coordinates></Point><Style>
  <Icon>
    <href>http://chart.apis.google.com/chart?chst=d_bubble_icon_text_small&amp;chld=location|bbT|1910|FFFFFF|000000</href>
  </Icon>
</Style><description><![CDATA[]]></description><visibility>1</visibility></Placemark><Placemark><name>GC9RX77</name><Point><coordinates>-96.7985,32.908,100 
</coordinates></Point><Style>
  <Icon>
    <href>http://chart.apis.google.com/chart?chst=d_bubble_icon_text_small&amp;chld=location|bbT|1911|FFFFFF|000000</href>
  </Icon>
</Style><description><![CDATA[]]></description><visibility>1</visibility></Placemark><Placemark><name>GCK25B</name><Point><coordinates>-122.3481,47.6491,100 
</coordinates></Point><Style>
  <Icon>
    <href>http://chart.apis.google.com/chart?chst=d_bubble_icon_text_small&amp;chld=location|bbT|1912|FFFFFF|000000</href>
  </Icon>
</Style><description><![CDATA[]]></description><visibility>1</visibility></Placemark><Placemark><name>GCAXNC4</name><Point><coordinates>-122.3441,47.6493,100 
</coordinates></Point><Style>
  <Icon>
    <href>http://chart.apis.google.com/chart?chst=d_bubble_icon_text_small&amp;chld=location|bbT|1913|FFFFFF|000000</href>
  </Icon>
</Style><description><![CDATA[]]></description><visibility>1</visibility></Placemark><Placemark><name>GCB3EGT</name><Point><coordinates>-122.3485,47.6494,100 
</coordinates></Point><Style>
  <Icon>
    <href>http://chart.apis.google.com/chart?chst=d_bubble_icon_text_small&amp;chld=location|bbT|1914|FFFFFF|000000</href>
  </Icon>
</Style><description><![CDATA[]]></description><visibility>1</visibility></Placemark><Placemark><name>GCB3P22</name><Point><coordinates>-122.3475,47.6515,100 
</coordinates></Point><Style>
  <Icon>
    <href>http://chart.apis.google.com/chart?chst=d_bubble_icon_text_small&amp;chld=location|bbT|1915|FFFFFF|000000</href>
  </Icon>
</Style><description><![CDATA[]]></description><visibility>1</visibility></Placemark><Placemark><name>GCAVVJ2</name><Point><coordinates>-122.3383,47.6691,100 
</coordinates></Point><Style>
  <Icon>
    <href>http://chart.apis.google.com/chart?chst=d_bubble_icon_text_small&amp;chld=location|bbT|1916|FFFFFF|000000</href>
  </Icon>
</Style><description><![CDATA[]]></description><visibility>1</visibility></Placemark><Placemark><name>GC891J3</name><Point><coordinates>3.2284,51.2021,100 
</coordinates></Point><Style>
  <Icon>
    <href>http://chart.apis.google.com/chart?chst=d_bubble_icon_text_small&amp;chld=location|bbT|1917|FFFFFF|000000</href>
  </Icon>
</Style><description><![CDATA[]]></description><visibility>1</visibility></Placemark><Placemark><name>GC7HKH6</name><Point><coordinates>3.2281,51.2024,100 
</coordinates></Point><Style>
  <Icon>
    <href>http://chart.apis.google.com/chart?chst=d_bubble_icon_text_small&amp;chld=location|bbT|1918|FFFFFF|000000</href>
  </Icon>
</Style><description><![CDATA[]]></description><visibility>1</visibility></Placemark><Placemark><name>GCAZPA0</name><Point><coordinates>3.2257,51.2051,100 
</coordinates></Point><Style>
  <Icon>
    <href>http://chart.apis.google.com/chart?chst=d_bubble_icon_text_small&amp;chld=location|bbT|1919|FFFFFF|000000</href>
  </Icon>
</Style><description><![CDATA[]]></description><visibility>1</visibility></Placemark><Placemark><name>GC9P8J9</name><Point><coordinates>3.2266,51.2094,100 
</coordinates></Point><Style>
  <Icon>
    <href>http://chart.apis.google.com/chart?chst=d_bubble_icon_text_small&amp;chld=location|bbT|1920|FFFFFF|000000</href>
  </Icon>
</Style><description><![CDATA[]]></description><visibility>1</visibility></Placemark><Placemark><name>GCAZPA4</name><Point><coordinates>3.2273,51.2087,100 
</coordinates></Point><Style>
  <Icon>
    <href>http://chart.apis.google.com/chart?chst=d_bubble_icon_text_small&amp;chld=location|bbT|1921|FFFFFF|000000</href>
  </Icon>
</Style><description><![CDATA[]]></description><visibility>1</visibility></Placemark><Placemark><name>GC7B95K</name><Point><coordinates>3.226,51.2084,100 
</coordinates></Point><Style>
  <Icon>
    <href>http://chart.apis.google.com/chart?chst=d_bubble_icon_text_small&amp;chld=location|bbT|1922|FFFFFF|000000</href>
  </Icon>
</Style><description><![CDATA[]]></description><visibility>1</visibility></Placemark><Placemark><name>GCAZPA7</name><Point><coordinates>3.2249,51.2108,100 
</coordinates></Point><Style>
  <Icon>
    <href>http://chart.apis.google.com/chart?chst=d_bubble_icon_text_small&amp;chld=location|bbT|1923|FFFFFF|000000</href>
  </Icon>
</Style><description><![CDATA[]]></description><visibility>1</visibility></Placemark><Placemark><name>GCAZPAR</name><Point><coordinates>3.221,51.2107,100 
</coordinates></Point><Style>
  <Icon>
    <href>http://chart.apis.google.com/chart?chst=d_bubble_icon_text_small&amp;chld=location|bbT|1924|FFFFFF|000000</href>
  </Icon>
</Style><description><![CDATA[]]></description><visibility>1</visibility></Placemark><Placemark><name>GC7BA7Q</name><Point><coordinates>3.7269,51.0541,100 
</coordinates></Point><Style>
  <Icon>
    <href>http://chart.apis.google.com/chart?chst=d_bubble_icon_text_small&amp;chld=location|bbT|1925|FFFFFF|000000</href>
  </Icon>
</Style><description><![CDATA[]]></description><visibility>1</visibility></Placemark><Placemark><name>GC7B9YJ</name><Point><coordinates>4.3498,50.8451,100 
</coordinates></Point><Style>
  <Icon>
    <href>http://chart.apis.google.com/chart?chst=d_bubble_icon_text_small&amp;chld=location|bbT|1926|FFFFFF|000000</href>
  </Icon>
</Style><description><![CDATA[]]></description><visibility>1</visibility></Placemark><Placemark><name>GC7B87F</name><Point><coordinates>4.3523,50.8469,100 
</coordinates></Point><Style>
  <Icon>
    <href>http://chart.apis.google.com/chart?chst=d_bubble_icon_text_small&amp;chld=location|bbT|1927|FFFFFF|000000</href>
  </Icon>
</Style><description><![CDATA[]]></description><visibility>1</visibility></Placemark><Placemark><name>GC4X3EZ</name><Point><coordinates>4.3543,50.8468,100 
</coordinates></Point><Style>
  <Icon>
    <href>http://chart.apis.google.com/chart?chst=d_bubble_icon_text_small&amp;chld=location|bbT|1928|FFFFFF|000000</href>
  </Icon>
</Style><description><![CDATA[]]></description><visibility>1</visibility></Placemark><Placemark><name>GC9P7M9</name><Point><coordinates>4.3752,50.8386,100 
</coordinates></Point><Style>
  <Icon>
    <href>http://chart.apis.google.com/chart?chst=d_bubble_icon_text_small&amp;chld=location|bbT|1929|FFFFFF|000000</href>
  </Icon>
</Style><description><![CDATA[]]></description><visibility>1</visibility></Placemark><Placemark><name>GC5K1KW</name><Point><coordinates>4.8848,52.3743,100 
</coordinates></Point><Style>
  <Icon>
    <href>http://chart.apis.google.com/chart?chst=d_bubble_icon_text_small&amp;chld=location|bbT|1930|FFFFFF|000000</href>
  </Icon>
</Style><description><![CDATA[]]></description><visibility>1</visibility></Placemark><Placemark><name>GCAB935</name><Point><coordinates>4.8874,52.3744,100 
</coordinates></Point><Style>
  <Icon>
    <href>http://chart.apis.google.com/chart?chst=d_bubble_icon_text_small&amp;chld=location|bbT|1931|FFFFFF|000000</href>
  </Icon>
</Style><description><![CDATA[]]></description><visibility>1</visibility></Placemark><Placemark><name>GCAHANJ</name><Point><coordinates>4.8906,52.376,100 
</coordinates></Point><Style>
  <Icon>
    <href>http://chart.apis.google.com/chart?chst=d_bubble_icon_text_small&amp;chld=location|bbT|1932|FFFFFF|000000</href>
  </Icon>
</Style><description><![CDATA[]]></description><visibility>1</visibility></Placemark><Placemark><name>GC7B940</name><Point><coordinates>3.2255,51.2051,100 
</coordinates></Point><Style>
  <Icon>
    <href>http://chart.apis.google.com/chart?chst=d_bubble_icon_text_small&amp;chld=location|bbT|1933|FFFFFF|000000</href>
  </Icon>
</Style><description><![CDATA[]]></description><visibility>1</visibility></Placemark><Placemark><name>GC80871</name><Point><coordinates>4.8776,52.3709,100 
</coordinates></Point><Style>
  <Icon>
    <href>http://chart.apis.google.com/chart?chst=d_bubble_icon_text_small&amp;chld=location|bbT|1934|FFFFFF|000000</href>
  </Icon>
</Style><description><![CDATA[]]></description><visibility>1</visibility></Placemark><Placemark><name>GCB21FM</name><Point><coordinates>4.8833,52.373,100 
</coordinates></Point><Style>
  <Icon>
    <href>http://chart.apis.google.com/chart?chst=d_bubble_icon_text_small&amp;chld=location|bbT|1935|FFFFFF|000000</href>
  </Icon>
</Style><description><![CDATA[]]></description><visibility>1</visibility></Placemark><Placemark><name>GC79NVD</name><Point><coordinates>4.8785,52.3611,100 
</coordinates></Point><Style>
  <Icon>
    <href>http://chart.apis.google.com/chart?chst=d_bubble_icon_text_small&amp;chld=location|bbT|1936|FFFFFF|000000</href>
  </Icon>
</Style><description><![CDATA[]]></description><visibility>1</visibility></Placemark><Placemark><name>GC7ZWB9</name><Point><coordinates>4.8707,52.3647,100 
</coordinates></Point><Style>
  <Icon>
    <href>http://chart.apis.google.com/chart?chst=d_bubble_icon_text_small&amp;chld=location|bbT|1937|FFFFFF|000000</href>
  </Icon>
</Style><description><![CDATA[]]></description><visibility>1</visibility></Placemark><Placemark><name>GC198</name><Point><coordinates>4.8619,52.3558,100 
</coordinates></Point><Style>
  <Icon>
    <href>http://chart.apis.google.com/chart?chst=d_bubble_icon_text_small&amp;chld=location|bbT|1938|FFFFFF|000000</href>
  </Icon>
</Style><description><![CDATA[]]></description><visibility>1</visibility></Placemark><Placemark><name>GCAJJ8V</name><Point><coordinates>4.8842,52.3592,100 
</coordinates></Point><Style>
  <Icon>
    <href>http://chart.apis.google.com/chart?chst=d_bubble_icon_text_small&amp;chld=location|bbT|1939|FFFFFF|000000</href>
  </Icon>
</Style><description><![CDATA[]]></description><visibility>1</visibility></Placemark><Placemark><name>GCB0CQ2</name><Point><coordinates>4.8857,52.358,100 
</coordinates></Point><Style>
  <Icon>
    <href>http://chart.apis.google.com/chart?chst=d_bubble_icon_text_small&amp;chld=location|bbT|1940|FFFFFF|000000</href>
  </Icon>
</Style><description><![CDATA[]]></description><visibility>1</visibility></Placemark><Placemark><name>GC4WP76</name><Point><coordinates>4.8738,52.3669,100 
</coordinates></Point><Style>
  <Icon>
    <href>http://chart.apis.google.com/chart?chst=d_bubble_icon_text_small&amp;chld=location|bbT|1941|FFFFFF|000000</href>
  </Icon>
</Style><description><![CDATA[]]></description><visibility>1</visibility></Placemark><Placemark><name>GC20CWF</name><Point><coordinates>4.9,52.3765,100 
</coordinates></Point><Style>
  <Icon>
    <href>http://chart.apis.google.com/chart?chst=d_bubble_icon_text_small&amp;chld=location|bbT|1942|FFFFFF|000000</href>
  </Icon>
</Style><description><![CDATA[]]></description><visibility>1</visibility></Placemark><Placemark><name>GC7B77F</name><Point><coordinates>5.1629,52.2957,100 
</coordinates></Point><Style>
  <Icon>
    <href>http://chart.apis.google.com/chart?chst=d_bubble_icon_text_small&amp;chld=location|bbT|1943|FFFFFF|000000</href>
  </Icon>
</Style><description><![CDATA[]]></description><visibility>1</visibility></Placemark><Placemark><name>GC8MV31</name><Point><coordinates>5.6849,51.554,100 
</coordinates></Point><Style>
  <Icon>
    <href>http://chart.apis.google.com/chart?chst=d_bubble_icon_text_small&amp;chld=location|bbT|1944|FFFFFF|000000</href>
  </Icon>
</Style><description><![CDATA[]]></description><visibility>1</visibility></Placemark><Placemark><name>GCATP07</name><Point><coordinates>5.6819,51.5558,100 
</coordinates></Point><Style>
  <Icon>
    <href>http://chart.apis.google.com/chart?chst=d_bubble_icon_text_small&amp;chld=location|bbT|1945|FFFFFF|000000</href>
  </Icon>
</Style><description><![CDATA[]]></description><visibility>1</visibility></Placemark><Placemark><name>GCAMBTM</name><Point><coordinates>5.6701,51.5657,100 
</coordinates></Point><Style>
  <Icon>
    <href>http://chart.apis.google.com/chart?chst=d_bubble_icon_text_small&amp;chld=location|bbT|1946|FFFFFF|000000</href>
  </Icon>
</Style><description><![CDATA[]]></description><visibility>1</visibility></Placemark><Placemark><name>GCB1J2E</name><Point><coordinates>5.7075,51.5844,100 
</coordinates></Point><Style>
  <Icon>
    <href>http://chart.apis.google.com/chart?chst=d_bubble_icon_text_small&amp;chld=location|bbT|1947|FFFFFF|000000</href>
  </Icon>
</Style><description><![CDATA[]]></description><visibility>1</visibility></Placemark><Placemark><name>GCB0TTZ</name><Point><coordinates>5.7752,51.6651,100 
</coordinates></Point><Style>
  <Icon>
    <href>http://chart.apis.google.com/chart?chst=d_bubble_icon_text_small&amp;chld=location|bbT|1948|FFFFFF|000000</href>
  </Icon>
</Style><description><![CDATA[]]></description><visibility>1</visibility></Placemark><Placemark><name>GCB1J6Q</name><Point><coordinates>5.6271,51.5611,100 
</coordinates></Point><Style>
  <Icon>
    <href>http://chart.apis.google.com/chart?chst=d_bubble_icon_text_small&amp;chld=location|bbT|1949|FFFFFF|000000</href>
  </Icon>
</Style><description><![CDATA[]]></description><visibility>1</visibility></Placemark><Placemark><name>GC7B8Z3</name><Point><coordinates>5.5398,51.6153,100 
</coordinates></Point><Style>
  <Icon>
    <href>http://chart.apis.google.com/chart?chst=d_bubble_icon_text_small&amp;chld=location|bbT|1950|FFFFFF|000000</href>
  </Icon>
</Style><description><![CDATA[]]></description><visibility>1</visibility></Placemark><Placemark><name>GC8Z9J4</name><Point><coordinates>5.4398,51.6518,100 
</coordinates></Point><Style>
  <Icon>
    <href>http://chart.apis.google.com/chart?chst=d_bubble_icon_text_small&amp;chld=location|bbT|1951|FFFFFF|000000</href>
  </Icon>
</Style><description><![CDATA[]]></description><visibility>1</visibility></Placemark><Placemark><name>GC8Z87X</name><Point><coordinates>5.4375,51.6532,100 
</coordinates></Point><Style>
  <Icon>
    <href>http://chart.apis.google.com/chart?chst=d_bubble_icon_text_small&amp;chld=location|bbT|1952|FFFFFF|000000</href>
  </Icon>
</Style><description><![CDATA[]]></description><visibility>1</visibility></Placemark><Placemark><name>GC8Z9MF</name><Point><coordinates>5.4374,51.6553,100 
</coordinates></Point><Style>
  <Icon>
    <href>http://chart.apis.google.com/chart?chst=d_bubble_icon_text_small&amp;chld=location|bbT|1953|FFFFFF|000000</href>
  </Icon>
</Style><description><![CDATA[]]></description><visibility>1</visibility></Placemark><Placemark><name>GC80JXQ</name><Point><coordinates>5.4394,51.6565,100 
</coordinates></Point><Style>
  <Icon>
    <href>http://chart.apis.google.com/chart?chst=d_bubble_icon_text_small&amp;chld=location|bbT|1954|FFFFFF|000000</href>
  </Icon>
</Style><description><![CDATA[]]></description><visibility>1</visibility></Placemark><Placemark><name>GC80KHA</name><Point><coordinates>5.437,51.6585,100 
</coordinates></Point><Style>
  <Icon>
    <href>http://chart.apis.google.com/chart?chst=d_bubble_icon_text_small&amp;chld=location|bbT|1955|FFFFFF|000000</href>
  </Icon>
</Style><description><![CDATA[]]></description><visibility>1</visibility></Placemark><Placemark><name>GC89ZT1</name><Point><coordinates>5.438,51.6608,100 
</coordinates></Point><Style>
  <Icon>
    <href>http://chart.apis.google.com/chart?chst=d_bubble_icon_text_small&amp;chld=location|bbT|1956|FFFFFF|000000</href>
  </Icon>
</Style><description><![CDATA[]]></description><visibility>1</visibility></Placemark><Placemark><name>GC60ZT2</name><Point><coordinates>6.6438,46.5275,100 
</coordinates></Point><Style>
  <Icon>
    <href>http://chart.apis.google.com/chart?chst=d_bubble_icon_text_small&amp;chld=location|bbT|1957|FFFFFF|000000</href>
  </Icon>
</Style><description><![CDATA[]]></description><visibility>1</visibility></Placemark><Placemark><name>GCAXR7R</name><Point><coordinates>6.6395,46.5339,100 
</coordinates></Point><Style>
  <Icon>
    <href>http://chart.apis.google.com/chart?chst=d_bubble_icon_text_small&amp;chld=location|bbT|1958|FFFFFF|000000</href>
  </Icon>
</Style><description><![CDATA[]]></description><visibility>1</visibility></Placemark><Placemark><name>GCA0TW8</name><Point><coordinates>6.6382,46.5374,100 
</coordinates></Point><Style>
  <Icon>
    <href>http://chart.apis.google.com/chart?chst=d_bubble_icon_text_small&amp;chld=location|bbT|1959|FFFFFF|000000</href>
  </Icon>
</Style><description><![CDATA[]]></description><visibility>1</visibility></Placemark><Placemark><name>GCA43EP</name><Point><coordinates>6.6279,46.5241,100 
</coordinates></Point><Style>
  <Icon>
    <href>http://chart.apis.google.com/chart?chst=d_bubble_icon_text_small&amp;chld=location|bbT|1960|FFFFFF|000000</href>
  </Icon>
</Style><description><![CDATA[]]></description><visibility>1</visibility></Placemark><Placemark><name>GCAAK53</name><Point><coordinates>6.638,46.521,100 
</coordinates></Point><Style>
  <Icon>
    <href>http://chart.apis.google.com/chart?chst=d_bubble_icon_text_small&amp;chld=location|bbT|1961|FFFFFF|000000</href>
  </Icon>
</Style><description><![CDATA[]]></description><visibility>1</visibility></Placemark><Placemark><name>GC9KXDR</name><Point><coordinates>6.5896,46.5232,100 
</coordinates></Point><Style>
  <Icon>
    <href>http://chart.apis.google.com/chart?chst=d_bubble_icon_text_small&amp;chld=location|bbT|1962|FFFFFF|000000</href>
  </Icon>
</Style><description><![CDATA[]]></description><visibility>1</visibility></Placemark><Placemark><name>GCAEQZP</name><Point><coordinates>6.5671,46.5129,100 
</coordinates></Point><Style>
  <Icon>
    <href>http://chart.apis.google.com/chart?chst=d_bubble_icon_text_small&amp;chld=location|bbT|1963|FFFFFF|000000</href>
  </Icon>
</Style><description><![CDATA[]]></description><visibility>1</visibility></Placemark><Placemark><name>GCKC2D</name><Point><coordinates>6.9474,46.2526,100 
</coordinates></Point><Style>
  <Icon>
    <href>http://chart.apis.google.com/chart?chst=d_bubble_icon_text_small&amp;chld=location|bbT|1964|FFFFFF|000000</href>
  </Icon>
</Style><description><![CDATA[]]></description><visibility>1</visibility></Placemark><Placemark><name>GC4YYHP</name><Point><coordinates>6.9478,46.2502,100 
</coordinates></Point><Style>
  <Icon>
    <href>http://chart.apis.google.com/chart?chst=d_bubble_icon_text_small&amp;chld=location|bbT|1965|FFFFFF|000000</href>
  </Icon>
</Style><description><![CDATA[]]></description><visibility>1</visibility></Placemark><Placemark><name>GCB3BJQ</name><Point><coordinates>6.9095,46.4348,100 
</coordinates></Point><Style>
  <Icon>
    <href>http://chart.apis.google.com/chart?chst=d_bubble_icon_text_small&amp;chld=location|bbT|1966|FFFFFF|000000</href>
  </Icon>
</Style><description><![CDATA[]]></description><visibility>1</visibility></Placemark><Placemark><name>GCAJHZM</name><Point><coordinates>6.9091,46.4322,100 
</coordinates></Point><Style>
  <Icon>
    <href>http://chart.apis.google.com/chart?chst=d_bubble_icon_text_small&amp;chld=location|bbT|1967|FFFFFF|000000</href>
  </Icon>
</Style><description><![CDATA[]]></description><visibility>1</visibility></Placemark><Placemark><name>GC5KT3N</name><Point><coordinates>6.8488,46.4581,100 
</coordinates></Point><Style>
  <Icon>
    <href>http://chart.apis.google.com/chart?chst=d_bubble_icon_text_small&amp;chld=location|bbT|1968|FFFFFF|000000</href>
  </Icon>
</Style><description><![CDATA[]]></description><visibility>1</visibility></Placemark><Placemark><name>GC84BD1</name><Point><coordinates>6.8436,46.4595,100 
</coordinates></Point><Style>
  <Icon>
    <href>http://chart.apis.google.com/chart?chst=d_bubble_icon_text_small&amp;chld=location|bbT|1969|FFFFFF|000000</href>
  </Icon>
</Style><description><![CDATA[]]></description><visibility>1</visibility></Placemark><Placemark><name>GC43Z76</name><Point><coordinates>7.1605,46.8072,100 
</coordinates></Point><Style>
  <Icon>
    <href>http://chart.apis.google.com/chart?chst=d_bubble_icon_text_small&amp;chld=location|bbT|1970|FFFFFF|000000</href>
  </Icon>
</Style><description><![CDATA[]]></description><visibility>1</visibility></Placemark><Placemark><name>GCAJHGQ</name><Point><coordinates>7.1633,46.8062,100 
</coordinates></Point><Style>
  <Icon>
    <href>http://chart.apis.google.com/chart?chst=d_bubble_icon_text_small&amp;chld=location|bbT|1971|FFFFFF|000000</href>
  </Icon>
</Style><description><![CDATA[]]></description><visibility>1</visibility></Placemark><Placemark><name>GCAJFGB</name><Point><coordinates>7.4529,46.9489,100 
</coordinates></Point><Style>
  <Icon>
    <href>http://chart.apis.google.com/chart?chst=d_bubble_icon_text_small&amp;chld=location|bbT|1972|FFFFFF|000000</href>
  </Icon>
</Style><description><![CDATA[]]></description><visibility>1</visibility></Placemark><Placemark><name>GC81AXD</name><Point><coordinates>7.4358,46.9485,100 
</coordinates></Point><Style>
  <Icon>
    <href>http://chart.apis.google.com/chart?chst=d_bubble_icon_text_small&amp;chld=location|bbT|1973|FFFFFF|000000</href>
  </Icon>
</Style><description><![CDATA[]]></description><visibility>1</visibility></Placemark><Placemark><name>GC621QY</name><Point><coordinates>6.9341,46.9938,100 
</coordinates></Point><Style>
  <Icon>
    <href>http://chart.apis.google.com/chart?chst=d_bubble_icon_text_small&amp;chld=location|bbT|1974|FFFFFF|000000</href>
  </Icon>
</Style><description><![CDATA[]]></description><visibility>1</visibility></Placemark><Placemark><name>GCAJHXT</name><Point><coordinates>6.9304,46.9887,100 
</coordinates></Point><Style>
  <Icon>
    <href>http://chart.apis.google.com/chart?chst=d_bubble_icon_text_small&amp;chld=location|bbT|1975|FFFFFF|000000</href>
  </Icon>
</Style><description><![CDATA[]]></description><visibility>1</visibility></Placemark><Placemark><name>GCAEYWT</name><Point><coordinates>6.5632,46.5131,100 
</coordinates></Point><Style>
  <Icon>
    <href>http://chart.apis.google.com/chart?chst=d_bubble_icon_text_small&amp;chld=location|bbT|1976|FFFFFF|000000</href>
  </Icon>
</Style><description><![CDATA[]]></description><visibility>1</visibility></Placemark><Placemark><name>GC892R2</name><Point><coordinates>6.1083,46.2305,100 
</coordinates></Point><Style>
  <Icon>
    <href>http://chart.apis.google.com/chart?chst=d_bubble_icon_text_small&amp;chld=location|bbT|1977|FFFFFF|000000</href>
  </Icon>
</Style><description><![CDATA[]]></description><visibility>1</visibility></Placemark><Placemark><name>GC9P4PQ</name><Point><coordinates>-122.5936,45.5891,100 
</coordinates></Point><Style>
  <Icon>
    <href>http://chart.apis.google.com/chart?chst=d_bubble_icon_text_small&amp;chld=location|bbT|1978|FFFFFF|000000</href>
  </Icon>
</Style><description><![CDATA[]]></description><visibility>1</visibility></Placemark><Placemark><name>GCA10XK</name><Point><coordinates>-122.6199,45.5089,100 
</coordinates></Point><Style>
  <Icon>
    <href>http://chart.apis.google.com/chart?chst=d_bubble_icon_text_small&amp;chld=location|bbT|1979|FFFFFF|000000</href>
  </Icon>
</Style><description><![CDATA[]]></description><visibility>1</visibility></Placemark><Placemark><name>GCA4JH1</name><Point><coordinates>-122.6174,45.5172,100 
</coordinates></Point><Style>
  <Icon>
    <href>http://chart.apis.google.com/chart?chst=d_bubble_icon_text_small&amp;chld=location|bbT|1980|FFFFFF|000000</href>
  </Icon>
</Style><description><![CDATA[]]></description><visibility>1</visibility></Placemark><Placemark><name>GC5QP1H</name><Point><coordinates>-122.5516,45.4685,100 
</coordinates></Point><Style>
  <Icon>
    <href>http://chart.apis.google.com/chart?chst=d_bubble_icon_text_small&amp;chld=location|bbT|1981|FFFFFF|000000</href>
  </Icon>
</Style><description><![CDATA[]]></description><visibility>1</visibility></Placemark><Placemark><name>GC9CHZA</name><Point><coordinates>-121.6313,47.4848,100 
</coordinates></Point><Style>
  <Icon>
    <href>http://chart.apis.google.com/chart?chst=d_bubble_icon_text_small&amp;chld=location|bbT|1982|FFFFFF|000000</href>
  </Icon>
</Style><description><![CDATA[]]></description><visibility>1</visibility></Placemark><Placemark><name>GC9CJ5Z</name><Point><coordinates>-121.6329,47.488,100 
</coordinates></Point><Style>
  <Icon>
    <href>http://chart.apis.google.com/chart?chst=d_bubble_icon_text_small&amp;chld=location|bbT|1983|FFFFFF|000000</href>
  </Icon>
</Style><description><![CDATA[]]></description><visibility>1</visibility></Placemark><Placemark><name>GCB537T</name><Point><coordinates>-122.3486,47.6491,100 
</coordinates></Point><Style>
  <Icon>
    <href>http://chart.apis.google.com/chart?chst=d_bubble_icon_text_small&amp;chld=location|bbT|1984|FFFFFF|000000</href>
  </Icon>
</Style><description><![CDATA[]]></description><visibility>1</visibility></Placemark><Placemark><name>GCB2R86</name><Point><coordinates>-122.3489,47.6494,100 
</coordinates></Point><Style>
  <Icon>
    <href>http://chart.apis.google.com/chart?chst=d_bubble_icon_text_small&amp;chld=location|bbT|1985|FFFFFF|000000</href>
  </Icon>
</Style><description><![CDATA[]]></description><visibility>1</visibility></Placemark><Placemark><name>GCAJFEQ</name><Point><coordinates>-122.3473,47.6516,100 
</coordinates></Point><Style>
  <Icon>
    <href>http://chart.apis.google.com/chart?chst=d_bubble_icon_text_small&amp;chld=location|bbT|1986|FFFFFF|000000</href>
  </Icon>
</Style><description><![CDATA[]]></description><visibility>1</visibility></Placemark><Placemark><name>GC8585</name><Point><coordinates>-120.6645,47.5893,100 
</coordinates></Point><Style>
  <Icon>
    <href>http://chart.apis.google.com/chart?chst=d_bubble_icon_text_small&amp;chld=location|bbT|1987|FFFFFF|000000</href>
  </Icon>
</Style><description><![CDATA[]]></description><visibility>1</visibility></Placemark><Placemark><name>GCB1XH2</name><Point><coordinates>-122.3275,47.6804,100 
</coordinates></Point><Style>
  <Icon>
    <href>http://chart.apis.google.com/chart?chst=d_bubble_icon_text_small&amp;chld=location|bbT|1988|FFFFFF|000000</href>
  </Icon>
</Style><description><![CDATA[]]></description><visibility>1</visibility></Placemark><Placemark><name>GCB4WAQ</name><Point><coordinates>-122.3325,47.6462,100 
</coordinates></Point><Style>
  <Icon>
    <href>http://chart.apis.google.com/chart?chst=d_bubble_icon_text_small&amp;chld=location|bbT|1989|FFFFFF|000000</href>
  </Icon>
</Style><description><![CDATA[]]></description><visibility>1</visibility></Placemark><Placemark><name>GCB1XH2</name><Point><coordinates>-122.3276,47.6803,100 
</coordinates></Point><Style>
  <Icon>
    <href>http://chart.apis.google.com/chart?chst=d_bubble_icon_text_small&amp;chld=location|bbT|1990|FFFFFF|000000</href>
  </Icon>
</Style><description><![CDATA[]]></description><visibility>1</visibility></Placemark><Placemark><name>GC1Z2AV</name><Point><coordinates>-123.1322,49.272,100 
</coordinates></Point><Style>
  <Icon>
    <href>http://chart.apis.google.com/chart?chst=d_bubble_icon_text_small&amp;chld=location|bbT|1991|FFFFFF|000000</href>
  </Icon>
</Style><description><![CDATA[]]></description><visibility>1</visibility></Placemark><Placemark><name>GC3WQYC</name><Point><coordinates>-123.1115,49.2888,100 
</coordinates></Point><Style>
  <Icon>
    <href>http://chart.apis.google.com/chart?chst=d_bubble_icon_text_small&amp;chld=location|bbT|1992|FFFFFF|000000</href>
  </Icon>
</Style><description><![CDATA[]]></description><visibility>1</visibility></Placemark><Placemark><name>GCAZ1X9</name><Point><coordinates>-122.3437,47.6477,100 
</coordinates></Point><Style>
  <Icon>
    <href>http://chart.apis.google.com/chart?chst=d_bubble_icon_text_small&amp;chld=location|bbT|1993|FFFFFF|000000</href>
  </Icon>
</Style><description><![CDATA[]]></description><visibility>1</visibility></Placemark><Placemark><name>GCAZ1RK</name><Point><coordinates>-122.3481,47.6476,100 
</coordinates></Point><Style>
  <Icon>
    <href>http://chart.apis.google.com/chart?chst=d_bubble_icon_text_small&amp;chld=location|bbT|1994|FFFFFF|000000</href>
  </Icon>
</Style><description><![CDATA[]]></description><visibility>1</visibility></Placemark><Placemark><name>GCB785G</name><Point><coordinates>-122.3486,47.6493,100 
</coordinates></Point><Style>
  <Icon>
    <href>http://chart.apis.google.com/chart?chst=d_bubble_icon_text_small&amp;chld=location|bbT|1995|FFFFFF|000000</href>
  </Icon>
</Style><description><![CDATA[]]></description><visibility>1</visibility></Placemark><Placemark><name>GCAKV51</name><Point><coordinates>-122.3182,47.5501,100 
</coordinates></Point><Style>
  <Icon>
    <href>http://chart.apis.google.com/chart?chst=d_bubble_icon_text_small&amp;chld=location|bbT|1996|FFFFFF|000000</href>
  </Icon>
</Style><description><![CDATA[]]></description><visibility>1</visibility></Placemark><Placemark><name>GCB7W3F</name><Point><coordinates>-122.2648,47.5272,100 
</coordinates></Point><Style>
  <Icon>
    <href>http://chart.apis.google.com/chart?chst=d_bubble_icon_text_small&amp;chld=location|bbT|1997|FFFFFF|000000</href>
  </Icon>
</Style><description><![CDATA[]]></description><visibility>1</visibility></Placemark><Placemark><name>GCB7TEC</name><Point><coordinates>-122.2674,47.5321,100 
</coordinates></Point><Style>
  <Icon>
    <href>http://chart.apis.google.com/chart?chst=d_bubble_icon_text_small&amp;chld=location|bbT|1998|FFFFFF|000000</href>
  </Icon>
</Style><description><![CDATA[]]></description><visibility>1</visibility></Placemark><Placemark><name>GC9GEE2</name><Point><coordinates>-122.3386,47.6613,100 
</coordinates></Point><Style>
  <Icon>
    <href>http://chart.apis.google.com/chart?chst=d_bubble_icon_text_small&amp;chld=location|bbT|1999|FFFFFF|000000</href>
  </Icon>
</Style><description><![CDATA[]]></description><visibility>1</visibility></Placemark><Placemark><name>GCB7QNT</name><Point><coordinates>-122.3036,47.6585,100 
</coordinates></Point><Style>
  <Icon>
    <href>http://chart.apis.google.com/chart?chst=d_bubble_icon_text_small&amp;chld=location|bbT|2000|FFFFFF|000000</href>
  </Icon>
</Style><description><![CDATA[]]></description><visibility>1</visibility></Placemark><Placemark><name>GCB7YPG</name><Point><coordinates>-122.3056,47.657,100 
</coordinates></Point><Style>
  <Icon>
    <href>http://chart.apis.google.com/chart?chst=d_bubble_icon_text_small&amp;chld=location|bbT|2001|FFFFFF|000000</href>
  </Icon>
</Style><description><![CDATA[]]></description><visibility>1</visibility></Placemark><Placemark><name>GC9GEE2</name><Point><coordinates>-122.3382,47.6613,100 
</coordinates></Point><Style>
  <Icon>
    <href>http://chart.apis.google.com/chart?chst=d_bubble_icon_text_small&amp;chld=location|bbT|2002|FFFFFF|000000</href>
  </Icon>
</Style><description><![CDATA[]]></description><visibility>1</visibility></Placemark><Placemark><name>GC8C1B2</name><Point><coordinates>-122.3129,47.6143,100 
</coordinates></Point><Style>
  <Icon>
    <href>http://chart.apis.google.com/chart?chst=d_bubble_icon_text_small&amp;chld=location|bbT|2003|FFFFFF|000000</href>
  </Icon>
</Style><description><![CDATA[]]></description><visibility>1</visibility></Placemark><Placemark><name>GCA2025</name><Point><coordinates>-122.3533,47.6223,100 
</coordinates></Point><Style>
  <Icon>
    <href>http://chart.apis.google.com/chart?chst=d_bubble_icon_text_small&amp;chld=location|bbT|2004|FFFFFF|000000</href>
  </Icon>
</Style><description><![CDATA[]]></description><visibility>1</visibility></Placemark><Placemark><name>GCAXH6V</name><Point><coordinates>-122.3444,47.6489,100 
</coordinates></Point><Style>
  <Icon>
    <href>http://chart.apis.google.com/chart?chst=d_bubble_icon_text_small&amp;chld=location|bbT|2005|FFFFFF|000000</href>
  </Icon>
</Style><description><![CDATA[]]></description><visibility>1</visibility></Placemark><Placemark><name>GC89219</name><Point><coordinates>7.4277,43.7396,100 
</coordinates></Point><Style>
  <Icon>
    <href>http://chart.apis.google.com/chart?chst=d_bubble_icon_text_small&amp;chld=location|bbT|2006|FFFFFF|000000</href>
  </Icon>
</Style><description><![CDATA[]]></description><visibility>1</visibility></Placemark><Placemark><name>GCAE1BB</name><Point><coordinates>7.4241,43.7379,100 
</coordinates></Point><Style>
  <Icon>
    <href>http://chart.apis.google.com/chart?chst=d_bubble_icon_text_small&amp;chld=location|bbT|2007|FFFFFF|000000</href>
  </Icon>
</Style><description><![CDATA[]]></description><visibility>1</visibility></Placemark><Placemark><name>GC7B83N</name><Point><coordinates>7.4208,43.7311,100 
</coordinates></Point><Style>
  <Icon>
    <href>http://chart.apis.google.com/chart?chst=d_bubble_icon_text_small&amp;chld=location|bbT|2008|FFFFFF|000000</href>
  </Icon>
</Style><description><![CDATA[]]></description><visibility>1</visibility></Placemark><Placemark><name>GCAZMNA</name><Point><coordinates>7.4216,43.7319,100 
</coordinates></Point><Style>
  <Icon>
    <href>http://chart.apis.google.com/chart?chst=d_bubble_icon_text_small&amp;chld=location|bbT|2009|FFFFFF|000000</href>
  </Icon>
</Style><description><![CDATA[]]></description><visibility>1</visibility></Placemark><Placemark><name>GC7NCWZ</name><Point><coordinates>7.4239,43.73,100 
</coordinates></Point><Style>
  <Icon>
    <href>http://chart.apis.google.com/chart?chst=d_bubble_icon_text_small&amp;chld=location|bbT|2010|FFFFFF|000000</href>
  </Icon>
</Style><description><![CDATA[]]></description><visibility>1</visibility></Placemark><Placemark><name>GCB09H2</name><Point><coordinates>7.4243,43.7305,100 
</coordinates></Point><Style>
  <Icon>
    <href>http://chart.apis.google.com/chart?chst=d_bubble_icon_text_small&amp;chld=location|bbT|2011|FFFFFF|000000</href>
  </Icon>
</Style><description><![CDATA[]]></description><visibility>1</visibility></Placemark><Placemark><name>GC86MEY</name><Point><coordinates>6.9519,43.5057,100 
</coordinates></Point><Style>
  <Icon>
    <href>http://chart.apis.google.com/chart?chst=d_bubble_icon_text_small&amp;chld=location|bbT|2012|FFFFFF|000000</href>
  </Icon>
</Style><description><![CDATA[]]></description><visibility>1</visibility></Placemark><Placemark><name>GCAH9DW</name><Point><coordinates>5.4462,43.5285,100 
</coordinates></Point><Style>
  <Icon>
    <href>http://chart.apis.google.com/chart?chst=d_bubble_icon_text_small&amp;chld=location|bbT|2013|FFFFFF|000000</href>
  </Icon>
</Style><description><![CDATA[]]></description><visibility>1</visibility></Placemark><Placemark><name>GCAQPNV</name><Point><coordinates>5.7317,45.1929,100 
</coordinates></Point><Style>
  <Icon>
    <href>http://chart.apis.google.com/chart?chst=d_bubble_icon_text_small&amp;chld=location|bbT|2014|FFFFFF|000000</href>
  </Icon>
</Style><description><![CDATA[]]></description><visibility>1</visibility></Placemark><Placemark><name>GCAJH3N</name><Point><coordinates>6.0565,46.2338,100 
</coordinates></Point><Style>
  <Icon>
    <href>http://chart.apis.google.com/chart?chst=d_bubble_icon_text_small&amp;chld=location|bbT|2015|FFFFFF|000000</href>
  </Icon>
</Style><description><![CDATA[]]></description><visibility>1</visibility></Placemark><Placemark><name>GC88ZRD</name><Point><coordinates>6.1448,46.2039,100 
</coordinates></Point><Style>
  <Icon>
    <href>http://chart.apis.google.com/chart?chst=d_bubble_icon_text_small&amp;chld=location|bbT|2016|FFFFFF|000000</href>
  </Icon>
</Style><description><![CDATA[]]></description><visibility>1</visibility></Placemark><Placemark><name>GCAJGK9</name><Point><coordinates>6.1471,46.2013,100 
</coordinates></Point><Style>
  <Icon>
    <href>http://chart.apis.google.com/chart?chst=d_bubble_icon_text_small&amp;chld=location|bbT|2017|FFFFFF|000000</href>
  </Icon>
</Style><description><![CDATA[]]></description><visibility>1</visibility></Placemark><Placemark><name>GC5H12T</name><Point><coordinates>6.1532,46.202,100 
</coordinates></Point><Style>
  <Icon>
    <href>http://chart.apis.google.com/chart?chst=d_bubble_icon_text_small&amp;chld=location|bbT|2018|FFFFFF|000000</href>
  </Icon>
</Style><description><![CDATA[]]></description><visibility>1</visibility></Placemark><Placemark><name>GC4F8VH</name><Point><coordinates>6.9791,46.4342,100 
</coordinates></Point><Style>
  <Icon>
    <href>http://chart.apis.google.com/chart?chst=d_bubble_icon_text_small&amp;chld=location|bbT|2019|FFFFFF|000000</href>
  </Icon>
</Style><description><![CDATA[]]></description><visibility>1</visibility></Placemark><Placemark><name>GC94VQW</name><Point><coordinates>7.3584,46.2288,100 
</coordinates></Point><Style>
  <Icon>
    <href>http://chart.apis.google.com/chart?chst=d_bubble_icon_text_small&amp;chld=location|bbT|2020|FFFFFF|000000</href>
  </Icon>
</Style><description><![CDATA[]]></description><visibility>1</visibility></Placemark><Placemark><name>GCAEYWT</name><Point><coordinates>6.5631,46.5133,100 
</coordinates></Point><Style>
  <Icon>
    <href>http://chart.apis.google.com/chart?chst=d_bubble_icon_text_small&amp;chld=location|bbT|2021|FFFFFF|000000</href>
  </Icon>
</Style><description><![CDATA[]]></description><visibility>1</visibility></Placemark><Placemark><name>GC8919D</name><Point><coordinates>6.6259,46.5064,100 
</coordinates></Point><Style>
  <Icon>
    <href>http://chart.apis.google.com/chart?chst=d_bubble_icon_text_small&amp;chld=location|bbT|2022|FFFFFF|000000</href>
  </Icon>
</Style><description><![CDATA[]]></description><visibility>1</visibility></Placemark><Placemark><name>GCA12BP</name><Point><coordinates>-122.3198,47.6195,100 
</coordinates></Point><Style>
  <Icon>
    <href>http://chart.apis.google.com/chart?chst=d_bubble_icon_text_small&amp;chld=location|bbT|2023|FFFFFF|000000</href>
  </Icon>
</Style><description><![CDATA[]]></description><visibility>1</visibility></Placemark><Placemark><name>GCAM8HM</name><Point><coordinates>-122.0596,47.5465,100 
</coordinates></Point><Style>
  <Icon>
    <href>http://chart.apis.google.com/chart?chst=d_bubble_icon_text_small&amp;chld=location|bbT|2024|FFFFFF|000000</href>
  </Icon>
</Style><description><![CDATA[]]></description><visibility>1</visibility></Placemark><Placemark><name>GC9FQWR</name><Point><coordinates>-122.3599,47.5542,100 
</coordinates></Point><Style>
  <Icon>
    <href>http://chart.apis.google.com/chart?chst=d_bubble_icon_text_small&amp;chld=location|bbT|2025|FFFFFF|000000</href>
  </Icon>
</Style><description><![CDATA[]]></description><visibility>1</visibility></Placemark><Placemark><name>GCBA7WR</name><Point><coordinates>-122.3292,47.6555,100 
</coordinates></Point><Style>
  <Icon>
    <href>http://chart.apis.google.com/chart?chst=d_bubble_icon_text_small&amp;chld=location|bbT|2026|FFFFFF|000000</href>
  </Icon>
</Style><description><![CDATA[]]></description><visibility>1</visibility></Placemark><Placemark><name>GCB3MA9</name><Point><coordinates>-122.3191,47.6749,100 
</coordinates></Point><Style>
  <Icon>
    <href>http://chart.apis.google.com/chart?chst=d_bubble_icon_text_small&amp;chld=location|bbT|2027|FFFFFF|000000</href>
  </Icon>
</Style><description><![CDATA[]]></description><visibility>1</visibility></Placemark><Placemark><name>GCAMQD4</name><Point><coordinates>-122.34,47.6087,100 
</coordinates></Point><Style>
  <Icon>
    <href>http://chart.apis.google.com/chart?chst=d_bubble_icon_text_small&amp;chld=location|bbT|2028|FFFFFF|000000</href>
  </Icon>
</Style><description><![CDATA[]]></description><visibility>1</visibility></Placemark><Placemark><name>GCBAWC7</name><Point><coordinates>-122.3832,47.5941,100 
</coordinates></Point><Style>
  <Icon>
    <href>http://chart.apis.google.com/chart?chst=d_bubble_icon_text_small&amp;chld=location|bbT|2029|FFFFFF|000000</href>
  </Icon>
</Style><description><![CDATA[]]></description><visibility>1</visibility></Placemark><Placemark><name>GCAD5ZJ</name><Point><coordinates>-122.2907,47.678,100 
</coordinates></Point><Style>
  <Icon>
    <href>http://chart.apis.google.com/chart?chst=d_bubble_icon_text_small&amp;chld=location|bbT|2030|FFFFFF|000000</href>
  </Icon>
</Style><description><![CDATA[]]></description><visibility>1</visibility></Placemark><Placemark><name>GCAJJBM</name><Point><coordinates>-77.0156,38.8853,100 
</coordinates></Point><Style>
  <Icon>
    <href>http://chart.apis.google.com/chart?chst=d_bubble_icon_text_small&amp;chld=location|bbT|2031|FFFFFF|000000</href>
  </Icon>
</Style><description><![CDATA[]]></description><visibility>1</visibility></Placemark><Placemark><name>GCA6R21</name><Point><coordinates>-77.0235,38.8847,100 
</coordinates></Point><Style>
  <Icon>
    <href>http://chart.apis.google.com/chart?chst=d_bubble_icon_text_small&amp;chld=location|bbT|2032|FFFFFF|000000</href>
  </Icon>
</Style><description><![CDATA[]]></description><visibility>1</visibility></Placemark><Placemark><name>GC5R67G</name><Point><coordinates>-77.7298,39.3238,100 
</coordinates></Point><Style>
  <Icon>
    <href>http://chart.apis.google.com/chart?chst=d_bubble_icon_text_small&amp;chld=location|bbT|2033|FFFFFF|000000</href>
  </Icon>
</Style><description><![CDATA[]]></description><visibility>1</visibility></Placemark><Placemark><name>GC5RHJW</name><Point><coordinates>-77.7283,39.3234,100 
</coordinates></Point><Style>
  <Icon>
    <href>http://chart.apis.google.com/chart?chst=d_bubble_icon_text_small&amp;chld=location|bbT|2034|FFFFFF|000000</href>
  </Icon>
</Style><description><![CDATA[]]></description><visibility>1</visibility></Placemark><Placemark><name>GC1WNNE</name><Point><coordinates>-77.7334,39.3237,100 
</coordinates></Point><Style>
  <Icon>
    <href>http://chart.apis.google.com/chart?chst=d_bubble_icon_text_small&amp;chld=location|bbT|2035|FFFFFF|000000</href>
  </Icon>
</Style><description><![CDATA[]]></description><visibility>1</visibility></Placemark><Placemark><name>GC9P5X5</name><Point><coordinates>-77.7357,39.326,100 
</coordinates></Point><Style>
  <Icon>
    <href>http://chart.apis.google.com/chart?chst=d_bubble_icon_text_small&amp;chld=location|bbT|2036|FFFFFF|000000</href>
  </Icon>
</Style><description><![CDATA[]]></description><visibility>1</visibility></Placemark><Placemark><name>GCAKBKX</name><Point><coordinates>-77.7401,39.3266,100 
</coordinates></Point><Style>
  <Icon>
    <href>http://chart.apis.google.com/chart?chst=d_bubble_icon_text_small&amp;chld=location|bbT|2037|FFFFFF|000000</href>
  </Icon>
</Style><description><![CDATA[]]></description><visibility>1</visibility></Placemark><Placemark><name>GC1H9T3</name><Point><coordinates>-77.737,39.3252,100 
</coordinates></Point><Style>
  <Icon>
    <href>http://chart.apis.google.com/chart?chst=d_bubble_icon_text_small&amp;chld=location|bbT|2038|FFFFFF|000000</href>
  </Icon>
</Style><description><![CDATA[]]></description><visibility>1</visibility></Placemark><Placemark><name>GC1WNR6</name><Point><coordinates>-77.7339,39.325,100 
</coordinates></Point><Style>
  <Icon>
    <href>http://chart.apis.google.com/chart?chst=d_bubble_icon_text_small&amp;chld=location|bbT|2039|FFFFFF|000000</href>
  </Icon>
</Style><description><![CDATA[]]></description><visibility>1</visibility></Placemark><Placemark><name>GC6D57N</name><Point><coordinates>-77.713,39.3191,100 
</coordinates></Point><Style>
  <Icon>
    <href>http://chart.apis.google.com/chart?chst=d_bubble_icon_text_small&amp;chld=location|bbT|2040|FFFFFF|000000</href>
  </Icon>
</Style><description><![CDATA[]]></description><visibility>1</visibility></Placemark><Placemark><name>GCA00GY</name><Point><coordinates>-77.6856,39.3356,100 
</coordinates></Point><Style>
  <Icon>
    <href>http://chart.apis.google.com/chart?chst=d_bubble_icon_text_small&amp;chld=location|bbT|2041|FFFFFF|000000</href>
  </Icon>
</Style><description><![CDATA[]]></description><visibility>1</visibility></Placemark><Placemark><name>GCA00KT</name><Point><coordinates>-77.682,39.3441,100 
</coordinates></Point><Style>
  <Icon>
    <href>http://chart.apis.google.com/chart?chst=d_bubble_icon_text_small&amp;chld=location|bbT|2042|FFFFFF|000000</href>
  </Icon>
</Style><description><![CDATA[]]></description><visibility>1</visibility></Placemark><Placemark><name>GCA00M5</name><Point><coordinates>-77.6794,39.3456,100 
</coordinates></Point><Style>
  <Icon>
    <href>http://chart.apis.google.com/chart?chst=d_bubble_icon_text_small&amp;chld=location|bbT|2043|FFFFFF|000000</href>
  </Icon>
</Style><description><![CDATA[]]></description><visibility>1</visibility></Placemark><Placemark><name>GC822WZ</name><Point><coordinates>-77.6793,39.3508,100 
</coordinates></Point><Style>
  <Icon>
    <href>http://chart.apis.google.com/chart?chst=d_bubble_icon_text_small&amp;chld=location|bbT|2044|FFFFFF|000000</href>
  </Icon>
</Style><description><![CDATA[]]></description><visibility>1</visibility></Placemark><Placemark><name>GCA00P9</name><Point><coordinates>-77.6795,39.3525,100 
</coordinates></Point><Style>
  <Icon>
    <href>http://chart.apis.google.com/chart?chst=d_bubble_icon_text_small&amp;chld=location|bbT|2045|FFFFFF|000000</href>
  </Icon>
</Style><description><![CDATA[]]></description><visibility>1</visibility></Placemark><Placemark><name>GCA00MQ</name><Point><coordinates>-77.6768,39.3576,100 
</coordinates></Point><Style>
  <Icon>
    <href>http://chart.apis.google.com/chart?chst=d_bubble_icon_text_small&amp;chld=location|bbT|2046|FFFFFF|000000</href>
  </Icon>
</Style><description><![CDATA[]]></description><visibility>1</visibility></Placemark><Placemark><name>GCA00N5</name><Point><coordinates>-77.6743,39.3592,100 
</coordinates></Point><Style>
  <Icon>
    <href>http://chart.apis.google.com/chart?chst=d_bubble_icon_text_small&amp;chld=location|bbT|2047|FFFFFF|000000</href>
  </Icon>
</Style><description><![CDATA[]]></description><visibility>1</visibility></Placemark><Placemark><name>GCA00NG</name><Point><coordinates>-77.6751,39.3616,100 
</coordinates></Point><Style>
  <Icon>
    <href>http://chart.apis.google.com/chart?chst=d_bubble_icon_text_small&amp;chld=location|bbT|2048|FFFFFF|000000</href>
  </Icon>
</Style><description><![CDATA[]]></description><visibility>1</visibility></Placemark><Placemark><name>GCAZMW2</name><Point><coordinates>-77.6543,39.3949,100 
</coordinates></Point><Style>
  <Icon>
    <href>http://chart.apis.google.com/chart?chst=d_bubble_icon_text_small&amp;chld=location|bbT|2049|FFFFFF|000000</href>
  </Icon>
</Style><description><![CDATA[]]></description><visibility>1</visibility></Placemark><Placemark><name>GCAZMVV</name><Point><coordinates>-77.6592,39.4061,100 
</coordinates></Point><Style>
  <Icon>
    <href>http://chart.apis.google.com/chart?chst=d_bubble_icon_text_small&amp;chld=location|bbT|2050|FFFFFF|000000</href>
  </Icon>
</Style><description><![CDATA[]]></description><visibility>1</visibility></Placemark><Placemark><name>GC822Z7</name><Point><coordinates>-77.653,39.3967,100 
</coordinates></Point><Style>
  <Icon>
    <href>http://chart.apis.google.com/chart?chst=d_bubble_icon_text_small&amp;chld=location|bbT|2051|FFFFFF|000000</href>
  </Icon>
</Style><description><![CDATA[]]></description><visibility>1</visibility></Placemark><Placemark><name>GCAZMRH</name><Point><coordinates>-77.6609,39.4099,100 
</coordinates></Point><Style>
  <Icon>
    <href>http://chart.apis.google.com/chart?chst=d_bubble_icon_text_small&amp;chld=location|bbT|2052|FFFFFF|000000</href>
  </Icon>
</Style><description><![CDATA[]]></description><visibility>1</visibility></Placemark><Placemark><name>GCAZMWJ</name><Point><coordinates>-77.6578,39.4022,100 
</coordinates></Point><Style>
  <Icon>
    <href>http://chart.apis.google.com/chart?chst=d_bubble_icon_text_small&amp;chld=location|bbT|2053|FFFFFF|000000</href>
  </Icon>
</Style><description><![CDATA[]]></description><visibility>1</visibility></Placemark><Placemark><name>GCAZMW7</name><Point><coordinates>-77.6587,39.3851,100 
</coordinates></Point><Style>
  <Icon>
    <href>http://chart.apis.google.com/chart?chst=d_bubble_icon_text_small&amp;chld=location|bbT|2054|FFFFFF|000000</href>
  </Icon>
</Style><description><![CDATA[]]></description><visibility>1</visibility></Placemark><Placemark><name>GCAZMWA</name><Point><coordinates>-77.6618,39.379,100 
</coordinates></Point><Style>
  <Icon>
    <href>http://chart.apis.google.com/chart?chst=d_bubble_icon_text_small&amp;chld=location|bbT|2055|FFFFFF|000000</href>
  </Icon>
</Style><description><![CDATA[]]></description><visibility>1</visibility></Placemark><Placemark><name>GCA04N9</name><Point><coordinates>-77.6624,39.3773,100 
</coordinates></Point><Style>
  <Icon>
    <href>http://chart.apis.google.com/chart?chst=d_bubble_icon_text_small&amp;chld=location|bbT|2056|FFFFFF|000000</href>
  </Icon>
</Style><description><![CDATA[]]></description><visibility>1</visibility></Placemark><Placemark><name>GCA04NC</name><Point><coordinates>-77.6694,39.3718,100 
</coordinates></Point><Style>
  <Icon>
    <href>http://chart.apis.google.com/chart?chst=d_bubble_icon_text_small&amp;chld=location|bbT|2057|FFFFFF|000000</href>
  </Icon>
</Style><description><![CDATA[]]></description><visibility>1</visibility></Placemark><Placemark><name>GCA04NP</name><Point><coordinates>-77.6697,39.3702,100 
</coordinates></Point><Style>
  <Icon>
    <href>http://chart.apis.google.com/chart?chst=d_bubble_icon_text_small&amp;chld=location|bbT|2058|FFFFFF|000000</href>
  </Icon>
</Style><description><![CDATA[]]></description><visibility>1</visibility></Placemark><Placemark><name>GCA04NY</name><Point><coordinates>-77.6671,39.3665,100 
</coordinates></Point><Style>
  <Icon>
    <href>http://chart.apis.google.com/chart?chst=d_bubble_icon_text_small&amp;chld=location|bbT|2059|FFFFFF|000000</href>
  </Icon>
</Style><description><![CDATA[]]></description><visibility>1</visibility></Placemark><Placemark><name>GCA04P3</name><Point><coordinates>-77.6722,39.3647,100 
</coordinates></Point><Style>
  <Icon>
    <href>http://chart.apis.google.com/chart?chst=d_bubble_icon_text_small&amp;chld=location|bbT|2060|FFFFFF|000000</href>
  </Icon>
</Style><description><![CDATA[]]></description><visibility>1</visibility></Placemark><Placemark><name>GCA04P7</name><Point><coordinates>-77.6824,39.3515,100 
</coordinates></Point><Style>
  <Icon>
    <href>http://chart.apis.google.com/chart?chst=d_bubble_icon_text_small&amp;chld=location|bbT|2061|FFFFFF|000000</href>
  </Icon>
</Style><description><![CDATA[]]></description><visibility>1</visibility></Placemark><Placemark><name>GCA04PB</name><Point><coordinates>-77.6859,39.3372,100 
</coordinates></Point><Style>
  <Icon>
    <href>http://chart.apis.google.com/chart?chst=d_bubble_icon_text_small&amp;chld=location|bbT|2062|FFFFFF|000000</href>
  </Icon>
</Style><description><![CDATA[]]></description><visibility>1</visibility></Placemark><Placemark><name>GCA71M9</name><Point><coordinates>-76.4865,38.9768,100 
</coordinates></Point><Style>
  <Icon>
    <href>http://chart.apis.google.com/chart?chst=d_bubble_icon_text_small&amp;chld=location|bbT|2063|FFFFFF|000000</href>
  </Icon>
</Style><description><![CDATA[]]></description><visibility>1</visibility></Placemark><Placemark><name>GCAJG3A</name><Point><coordinates>-76.4829,38.9765,100 
</coordinates></Point><Style>
  <Icon>
    <href>http://chart.apis.google.com/chart?chst=d_bubble_icon_text_small&amp;chld=location|bbT|2064|FFFFFF|000000</href>
  </Icon>
</Style><description><![CDATA[]]></description><visibility>1</visibility></Placemark><Placemark><name>GCA331P</name><Point><coordinates>-76.4911,38.9816,100 
</coordinates></Point><Style>
  <Icon>
    <href>http://chart.apis.google.com/chart?chst=d_bubble_icon_text_small&amp;chld=location|bbT|2065|FFFFFF|000000</href>
  </Icon>
</Style><description><![CDATA[]]></description><visibility>1</visibility></Placemark><Placemark><name>GCAJJ46</name><Point><coordinates>-76.482,38.9779,100 
</coordinates></Point><Style>
  <Icon>
    <href>http://chart.apis.google.com/chart?chst=d_bubble_icon_text_small&amp;chld=location|bbT|2066|FFFFFF|000000</href>
  </Icon>
</Style><description><![CDATA[]]></description><visibility>1</visibility></Placemark><Placemark><name>GCABVB5</name><Point><coordinates>-76.4865,38.9799,100 
</coordinates></Point><Style>
  <Icon>
    <href>http://chart.apis.google.com/chart?chst=d_bubble_icon_text_small&amp;chld=location|bbT|2067|FFFFFF|000000</href>
  </Icon>
</Style><description><![CDATA[]]></description><visibility>1</visibility></Placemark><Placemark><name>GC93DVQ</name><Point><coordinates>-76.5398,38.9778,100 
</coordinates></Point><Style>
  <Icon>
    <href>http://chart.apis.google.com/chart?chst=d_bubble_icon_text_small&amp;chld=location|bbT|2068|FFFFFF|000000</href>
  </Icon>
</Style><description><![CDATA[]]></description><visibility>1</visibility></Placemark><Placemark><name>GC86YM0</name><Point><coordinates>-76.9137,38.9342,100 
</coordinates></Point><Style>
  <Icon>
    <href>http://chart.apis.google.com/chart?chst=d_bubble_icon_text_small&amp;chld=location|bbT|2069|FFFFFF|000000</href>
  </Icon>
</Style><description><![CDATA[]]></description><visibility>1</visibility></Placemark><Placemark><name>GCAEB0M</name><Point><coordinates>-119.7828,38.6949,100 
</coordinates></Point><Style>
  <Icon>
    <href>http://chart.apis.google.com/chart?chst=d_bubble_icon_text_small&amp;chld=location|bbT|2070|FFFFFF|000000</href>
  </Icon>
</Style><description><![CDATA[]]></description><visibility>1</visibility></Placemark><Placemark><name>GCB5Q12</name><Point><coordinates>-119.7634,39.1642,100 
</coordinates></Point><Style>
  <Icon>
    <href>http://chart.apis.google.com/chart?chst=d_bubble_icon_text_small&amp;chld=location|bbT|2071|FFFFFF|000000</href>
  </Icon>
</Style><description><![CDATA[]]></description><visibility>1</visibility></Placemark><Placemark><name>GCAJJJ2</name><Point><coordinates>-119.7654,39.1633,100 
</coordinates></Point><Style>
  <Icon>
    <href>http://chart.apis.google.com/chart?chst=d_bubble_icon_text_small&amp;chld=location|bbT|2072|FFFFFF|000000</href>
  </Icon>
</Style><description><![CDATA[]]></description><visibility>1</visibility></Placemark><Placemark><name>GCB1Y3H</name><Point><coordinates>-122.3317,47.6639,100 
</coordinates></Point><Style>
  <Icon>
    <href>http://chart.apis.google.com/chart?chst=d_bubble_icon_text_small&amp;chld=location|bbT|2073|FFFFFF|000000</href>
  </Icon>
</Style><description><![CDATA[]]></description><visibility>1</visibility></Placemark><Placemark><name>GCB7Q9H</name><Point><coordinates>-122.345,47.6494,100 
</coordinates></Point><Style>
  <Icon>
    <href>http://chart.apis.google.com/chart?chst=d_bubble_icon_text_small&amp;chld=location|bbT|2074|FFFFFF|000000</href>
  </Icon>
</Style><description><![CDATA[]]></description><visibility>1</visibility></Placemark><Placemark><name>GCBCDAT</name><Point><coordinates>-122.3485,47.6498,100 
</coordinates></Point><Style>
  <Icon>
    <href>http://chart.apis.google.com/chart?chst=d_bubble_icon_text_small&amp;chld=location|bbT|2075|FFFFFF|000000</href>
  </Icon>
</Style><description><![CDATA[]]></description><visibility>1</visibility></Placemark><Placemark><name>GCBBFJQ</name><Point><coordinates>-122.3486,47.6507,100 
</coordinates></Point><Style>
  <Icon>
    <href>http://chart.apis.google.com/chart?chst=d_bubble_icon_text_small&amp;chld=location|bbT|2076|FFFFFF|000000</href>
  </Icon>
</Style><description><![CDATA[]]></description><visibility>1</visibility></Placemark><Placemark><name>GCBBFMQ</name><Point><coordinates>-122.3421,47.6493,100 
</coordinates></Point><Style>
  <Icon>
    <href>http://chart.apis.google.com/chart?chst=d_bubble_icon_text_small&amp;chld=location|bbT|2077|FFFFFF|000000</href>
  </Icon>
</Style><description><![CDATA[]]></description><visibility>1</visibility></Placemark><Placemark><name>GC97PZ4</name><Point><coordinates>-122.1477,47.6291,100 
</coordinates></Point><Style>
  <Icon>
    <href>http://chart.apis.google.com/chart?chst=d_bubble_icon_text_small&amp;chld=location|bbT|2078|FFFFFF|000000</href>
  </Icon>
</Style><description><![CDATA[]]></description><visibility>1</visibility></Placemark><Placemark><name>GCAZVYY</name><Point><coordinates>-122.1501,47.6278,100 
</coordinates></Point><Style>
  <Icon>
    <href>http://chart.apis.google.com/chart?chst=d_bubble_icon_text_small&amp;chld=location|bbT|2079|FFFFFF|000000</href>
  </Icon>
</Style><description><![CDATA[]]></description><visibility>1</visibility></Placemark><Placemark><name>GCP7H7</name><Point><coordinates>-122.1385,47.6543,100 
</coordinates></Point><Style>
  <Icon>
    <href>http://chart.apis.google.com/chart?chst=d_bubble_icon_text_small&amp;chld=location|bbT|2080|FFFFFF|000000</href>
  </Icon>
</Style><description><![CDATA[]]></description><visibility>1</visibility></Placemark><Placemark><name>GC74ZYK</name><Point><coordinates>-122.145,47.6573,100 
</coordinates></Point><Style>
  <Icon>
    <href>http://chart.apis.google.com/chart?chst=d_bubble_icon_text_small&amp;chld=location|bbT|2081|FFFFFF|000000</href>
  </Icon>
</Style><description><![CDATA[]]></description><visibility>1</visibility></Placemark><Placemark><name>GC759H4</name><Point><coordinates>-122.1539,47.6662,100 
</coordinates></Point><Style>
  <Icon>
    <href>http://chart.apis.google.com/chart?chst=d_bubble_icon_text_small&amp;chld=location|bbT|2082|FFFFFF|000000</href>
  </Icon>
</Style><description><![CDATA[]]></description><visibility>1</visibility></Placemark><Placemark><name>GC16P4Y</name><Point><coordinates>-122.1491,47.661,100 
</coordinates></Point><Style>
  <Icon>
    <href>http://chart.apis.google.com/chart?chst=d_bubble_icon_text_small&amp;chld=location|bbT|2083|FFFFFF|000000</href>
  </Icon>
</Style><description><![CDATA[]]></description><visibility>1</visibility></Placemark><Placemark><name>GC75FRF</name><Point><coordinates>-122.1534,47.6628,100 
</coordinates></Point><Style>
  <Icon>
    <href>http://chart.apis.google.com/chart?chst=d_bubble_icon_text_small&amp;chld=location|bbT|2084|FFFFFF|000000</href>
  </Icon>
</Style><description><![CDATA[]]></description><visibility>1</visibility></Placemark><Placemark><name>GCZ3H7</name><Point><coordinates>-122.2047,47.678,100 
</coordinates></Point><Style>
  <Icon>
    <href>http://chart.apis.google.com/chart?chst=d_bubble_icon_text_small&amp;chld=location|bbT|2085|FFFFFF|000000</href>
  </Icon>
</Style><description><![CDATA[]]></description><visibility>1</visibility></Placemark><Placemark><name>GC8B1GE</name><Point><coordinates>-122.2031,47.6806,100 
</coordinates></Point><Style>
  <Icon>
    <href>http://chart.apis.google.com/chart?chst=d_bubble_icon_text_small&amp;chld=location|bbT|2086|FFFFFF|000000</href>
  </Icon>
</Style><description><![CDATA[]]></description><visibility>1</visibility></Placemark><Placemark><name>GC4WJ9R</name><Point><coordinates>-122.2076,47.6759,100 
</coordinates></Point><Style>
  <Icon>
    <href>http://chart.apis.google.com/chart?chst=d_bubble_icon_text_small&amp;chld=location|bbT|2087|FFFFFF|000000</href>
  </Icon>
</Style><description><![CDATA[]]></description><visibility>1</visibility></Placemark><Placemark><name>GCAHQDE</name><Point><coordinates>-122.1914,47.6788,100 
</coordinates></Point><Style>
  <Icon>
    <href>http://chart.apis.google.com/chart?chst=d_bubble_icon_text_small&amp;chld=location|bbT|2088|FFFFFF|000000</href>
  </Icon>
</Style><description><![CDATA[]]></description><visibility>1</visibility></Placemark><Placemark><name>GCBAZZG</name><Point><coordinates>-122.3487,47.6495,100 
</coordinates></Point><Style>
  <Icon>
    <href>http://chart.apis.google.com/chart?chst=d_bubble_icon_text_small&amp;chld=location|bbT|2089|FFFFFF|000000</href>
  </Icon>
</Style><description><![CDATA[]]></description><visibility>1</visibility></Placemark><Placemark><name>GCBCTNE</name><Point><coordinates>-122.3467,47.6497,100 
</coordinates></Point><Style>
  <Icon>
    <href>http://chart.apis.google.com/chart?chst=d_bubble_icon_text_small&amp;chld=location|bbT|2090|FFFFFF|000000</href>
  </Icon>
</Style><description><![CDATA[]]></description><visibility>1</visibility></Placemark><Placemark><name>GCBDEYN</name><Point><coordinates>-122.351,47.6517,100 
</coordinates></Point><Style>
  <Icon>
    <href>http://chart.apis.google.com/chart?chst=d_bubble_icon_text_small&amp;chld=location|bbT|2091|FFFFFF|000000</href>
  </Icon>
</Style><description><![CDATA[]]></description><visibility>1</visibility></Placemark><Placemark><name>GC9P7DD</name><Point><coordinates>-122.3903,37.6166,100 
</coordinates></Point><Style>
  <Icon>
    <href>http://chart.apis.google.com/chart?chst=d_bubble_icon_text_small&amp;chld=location|bbT|2092|FFFFFF|000000</href>
  </Icon>
</Style><description><![CDATA[]]></description><visibility>1</visibility></Placemark><Placemark><name>GCB5VJG</name><Point><coordinates>-119.7675,38.9512,100 
</coordinates></Point><Style>
  <Icon>
    <href>http://chart.apis.google.com/chart?chst=d_bubble_icon_text_small&amp;chld=location|bbT|2093|FFFFFF|000000</href>
  </Icon>
</Style><description><![CDATA[]]></description><visibility>1</visibility></Placemark><Placemark><name>GCARRPY</name><Point><coordinates>-119.9493,38.9509,100 
</coordinates></Point><Style>
  <Icon>
    <href>http://chart.apis.google.com/chart?chst=d_bubble_icon_text_small&amp;chld=location|bbT|2094|FFFFFF|000000</href>
  </Icon>
</Style><description><![CDATA[]]></description><visibility>1</visibility></Placemark><Placemark><name>GCBDC2V</name><Point><coordinates>-122.3049,47.6135,100 
</coordinates></Point><Style>
  <Icon>
    <href>http://chart.apis.google.com/chart?chst=d_bubble_icon_text_small&amp;chld=location|bbT|2095|FFFFFF|000000</href>
  </Icon>
</Style><description><![CDATA[]]></description><visibility>1</visibility></Placemark><Placemark><name>GCAJ86N</name><Point><coordinates>-122.1953,47.761,100 
</coordinates></Point><Style>
  <Icon>
    <href>http://chart.apis.google.com/chart?chst=d_bubble_icon_text_small&amp;chld=location|bbT|2096|FFFFFF|000000</href>
  </Icon>
</Style><description><![CDATA[]]></description><visibility>1</visibility></Placemark><Placemark><name>GCB9EF0</name><Point><coordinates>-122.3037,47.6445,100 
</coordinates></Point><Style>
  <Icon>
    <href>http://chart.apis.google.com/chart?chst=d_bubble_icon_text_small&amp;chld=location|bbT|2097|FFFFFF|000000</href>
  </Icon>
</Style><description><![CDATA[]]></description><visibility>1</visibility></Placemark><Placemark><name>GCB88M9</name><Point><coordinates>-122.3051,47.6465,100 
</coordinates></Point><Style>
  <Icon>
    <href>http://chart.apis.google.com/chart?chst=d_bubble_icon_text_small&amp;chld=location|bbT|2098|FFFFFF|000000</href>
  </Icon>
</Style><description><![CDATA[]]></description><visibility>1</visibility></Placemark><Placemark><name>GCAY244</name><Point><coordinates>-122.3087,47.6458,100 
</coordinates></Point><Style>
  <Icon>
    <href>http://chart.apis.google.com/chart?chst=d_bubble_icon_text_small&amp;chld=location|bbT|2099|FFFFFF|000000</href>
  </Icon>
</Style><description><![CDATA[]]></description><visibility>1</visibility></Placemark><Placemark><name>GC9TYJ4</name><Point><coordinates>-122.1592,47.7514,100 
</coordinates></Point><Style>
  <Icon>
    <href>http://chart.apis.google.com/chart?chst=d_bubble_icon_text_small&amp;chld=location|bbT|2100|FFFFFF|000000</href>
  </Icon>
</Style><description><![CDATA[]]></description><visibility>1</visibility></Placemark><Placemark><name>GC9Z7QV</name><Point><coordinates>-119.7659,39.1578,100 
</coordinates></Point><Style>
  <Icon>
    <href>http://chart.apis.google.com/chart?chst=d_bubble_icon_text_small&amp;chld=location|bbT|2101|FFFFFF|000000</href>
  </Icon>
</Style><description><![CDATA[]]></description><visibility>1</visibility></Placemark><Placemark><name>GCBF0HW</name><Point><coordinates>-122.3443,47.6491,100 
</coordinates></Point><Style>
  <Icon>
    <href>http://chart.apis.google.com/chart?chst=d_bubble_icon_text_small&amp;chld=location|bbT|2102|FFFFFF|000000</href>
  </Icon>
</Style><description><![CDATA[]]></description><visibility>1</visibility></Placemark><Placemark><name>GCBA7XH</name><Point><coordinates>-122.3334,47.6546,100 
</coordinates></Point><Style>
  <Icon>
    <href>http://chart.apis.google.com/chart?chst=d_bubble_icon_text_small&amp;chld=location|bbT|2103|FFFFFF|000000</href>
  </Icon>
</Style><description><![CDATA[]]></description><visibility>1</visibility></Placemark><Placemark><name>GCAZWB6</name><Point><coordinates>-122.3431,47.649,100 
</coordinates></Point><Style>
  <Icon>
    <href>http://chart.apis.google.com/chart?chst=d_bubble_icon_text_small&amp;chld=location|bbT|2104|FFFFFF|000000</href>
  </Icon>
</Style><description><![CDATA[]]></description><visibility>1</visibility></Placemark><Placemark><name>GCAZW5G</name><Point><coordinates>-122.3441,47.6493,100 
</coordinates></Point><Style>
  <Icon>
    <href>http://chart.apis.google.com/chart?chst=d_bubble_icon_text_small&amp;chld=location|bbT|2105|FFFFFF|000000</href>
  </Icon>
</Style><description><![CDATA[]]></description><visibility>1</visibility></Placemark><Placemark><name>GCB6B39</name><Point><coordinates>-122.3394,47.6701,100 
</coordinates></Point><Style>
  <Icon>
    <href>http://chart.apis.google.com/chart?chst=d_bubble_icon_text_small&amp;chld=location|bbT|2106|FFFFFF|000000</href>
  </Icon>
</Style><description><![CDATA[]]></description><visibility>1</visibility></Placemark><Placemark><name>GCAH2T8</name><Point><coordinates>-122.3471,47.67,100 
</coordinates></Point><Style>
  <Icon>
    <href>http://chart.apis.google.com/chart?chst=d_bubble_icon_text_small&amp;chld=location|bbT|2107|FFFFFF|000000</href>
  </Icon>
</Style><description><![CDATA[]]></description><visibility>1</visibility></Placemark><Placemark><name>GCB0RTN</name><Point><coordinates>-122.3455,47.6682,100 
</coordinates></Point><Style>
  <Icon>
    <href>http://chart.apis.google.com/chart?chst=d_bubble_icon_text_small&amp;chld=location|bbT|2108|FFFFFF|000000</href>
  </Icon>
</Style><description><![CDATA[]]></description><visibility>1</visibility></Placemark><Placemark><name>GCAWQQQ</name><Point><coordinates>-119.7667,39.1335,100 
</coordinates></Point><Style>
  <Icon>
    <href>http://chart.apis.google.com/chart?chst=d_bubble_icon_text_small&amp;chld=location|bbT|2109|FFFFFF|000000</href>
  </Icon>
</Style><description><![CDATA[]]></description><visibility>1</visibility></Placemark><Placemark><name>GCBFQE4</name><Point><coordinates>-122.3417,47.6492,100 
</coordinates></Point><Style>
  <Icon>
    <href>http://chart.apis.google.com/chart?chst=d_bubble_icon_text_small&amp;chld=location|bbT|2110|FFFFFF|000000</href>
  </Icon>
</Style><description><![CDATA[]]></description><visibility>1</visibility></Placemark><Placemark><name>GC2ZFJD</name><Point><coordinates>-122.9351,46.983,100 
</coordinates></Point><Style>
  <Icon>
    <href>http://chart.apis.google.com/chart?chst=d_bubble_icon_text_small&amp;chld=location|bbT|2111|FFFFFF|000000</href>
  </Icon>
</Style><description><![CDATA[]]></description><visibility>1</visibility></Placemark><Placemark><name>GC21JZP</name><Point><coordinates>-122.8324,47.0506,100 
</coordinates></Point><Style>
  <Icon>
    <href>http://chart.apis.google.com/chart?chst=d_bubble_icon_text_small&amp;chld=location|bbT|2112|FFFFFF|000000</href>
  </Icon>
</Style><description><![CDATA[]]></description><visibility>1</visibility></Placemark><Placemark><name>GC9JNT7</name><Point><coordinates>-122.304,47.2919,100 
</coordinates></Point><Style>
  <Icon>
    <href>http://chart.apis.google.com/chart?chst=d_bubble_icon_text_small&amp;chld=location|bbT|2113|FFFFFF|000000</href>
  </Icon>
</Style><description><![CDATA[]]></description><visibility>1</visibility></Placemark><Placemark><name>GCB9HZW</name><Point><coordinates>-122.6519,45.5081,100 
</coordinates></Point><Style>
  <Icon>
    <href>http://chart.apis.google.com/chart?chst=d_bubble_icon_text_small&amp;chld=location|bbT|2114|FFFFFF|000000</href>
  </Icon>
</Style><description><![CDATA[]]></description><visibility>1</visibility></Placemark><Placemark><name>GCB0CDY</name><Point><coordinates>-119.8464,39.0042,100 
</coordinates></Point><Style>
  <Icon>
    <href>http://chart.apis.google.com/chart?chst=d_bubble_icon_text_small&amp;chld=location|bbT|2115|FFFFFF|000000</href>
  </Icon>
</Style><description><![CDATA[]]></description><visibility>1</visibility></Placemark><Placemark><name>GCA4YXB</name><Point><coordinates>-119.7872,39.1073,100 
</coordinates></Point><Style>
  <Icon>
    <href>http://chart.apis.google.com/chart?chst=d_bubble_icon_text_small&amp;chld=location|bbT|2116|FFFFFF|000000</href>
  </Icon>
</Style><description><![CDATA[]]></description><visibility>1</visibility></Placemark><Placemark><name>GC9MEDG</name><Point><coordinates>-122.2924,38.275,100 
</coordinates></Point><Style>
  <Icon>
    <href>http://chart.apis.google.com/chart?chst=d_bubble_icon_text_small&amp;chld=location|bbT|2117|FFFFFF|000000</href>
  </Icon>
</Style><description><![CDATA[]]></description><visibility>1</visibility></Placemark><Placemark><name>GCBBZ6H</name><Point><coordinates>-122.2637,38.2358,100 
</coordinates></Point><Style>
  <Icon>
    <href>http://chart.apis.google.com/chart?chst=d_bubble_icon_text_small&amp;chld=location|bbT|2118|FFFFFF|000000</href>
  </Icon>
</Style><description><![CDATA[]]></description><visibility>1</visibility></Placemark><Placemark><name>GCAHMK7</name><Point><coordinates>-122.3462,47.743,100 
</coordinates></Point><Style>
  <Icon>
    <href>http://chart.apis.google.com/chart?chst=d_bubble_icon_text_small&amp;chld=location|bbT|2119|FFFFFF|000000</href>
  </Icon>
</Style><description><![CDATA[]]></description><visibility>1</visibility></Placemark><Placemark><name>GCBH73E</name><Point><coordinates>-122.3357,47.6612,100 
</coordinates></Point><Style>
  <Icon>
    <href>http://chart.apis.google.com/chart?chst=d_bubble_icon_text_small&amp;chld=location|bbT|2120|FFFFFF|000000</href>
  </Icon>
</Style><description><![CDATA[]]></description><visibility>1</visibility></Placemark><Placemark><name>GCJQM2</name><Point><coordinates>-122.3252,47.6632,100 
</coordinates></Point><Style>
  <Icon>
    <href>http://chart.apis.google.com/chart?chst=d_bubble_icon_text_small&amp;chld=location|bbT|2121|FFFFFF|000000</href>
  </Icon>
</Style><description><![CDATA[]]></description><visibility>1</visibility></Placemark><Placemark><name>GC4XAK7</name><Point><coordinates>-122.3355,47.6562,100 
</coordinates></Point><Style>
  <Icon>
    <href>http://chart.apis.google.com/chart?chst=d_bubble_icon_text_small&amp;chld=location|bbT|2122|FFFFFF|000000</href>
  </Icon>
</Style><description><![CDATA[]]></description><visibility>1</visibility></Placemark><Placemark><name>GCAJA1X</name><Point><coordinates>-122.3254,47.667,100 
</coordinates></Point><Style>
  <Icon>
    <href>http://chart.apis.google.com/chart?chst=d_bubble_icon_text_small&amp;chld=location|bbT|2123|FFFFFF|000000</href>
  </Icon>
</Style><description><![CDATA[]]></description><visibility>1</visibility></Placemark><Placemark><name>GCA9T7Y</name><Point><coordinates>-122.3376,47.6726,100 
</coordinates></Point><Style>
  <Icon>
    <href>http://chart.apis.google.com/chart?chst=d_bubble_icon_text_small&amp;chld=location|bbT|2124|FFFFFF|000000</href>
  </Icon>
</Style><description><![CDATA[]]></description><visibility>1</visibility></Placemark><Placemark><name>GCB88MB</name><Point><coordinates>-122.2961,47.6063,100 
</coordinates></Point><Style>
  <Icon>
    <href>http://chart.apis.google.com/chart?chst=d_bubble_icon_text_small&amp;chld=location|bbT|2125|FFFFFF|000000</href>
  </Icon>
</Style><description><![CDATA[]]></description><visibility>1</visibility></Placemark><Placemark><name>GCAPZEV</name><Point><coordinates>-122.294,47.609,100 
</coordinates></Point><Style>
  <Icon>
    <href>http://chart.apis.google.com/chart?chst=d_bubble_icon_text_small&amp;chld=location|bbT|2126|FFFFFF|000000</href>
  </Icon>
</Style><description><![CDATA[]]></description><visibility>1</visibility></Placemark><Placemark><name>GCAPNW8</name><Point><coordinates>-122.2886,47.6144,100 
</coordinates></Point><Style>
  <Icon>
    <href>http://chart.apis.google.com/chart?chst=d_bubble_icon_text_small&amp;chld=location|bbT|2127|FFFFFF|000000</href>
  </Icon>
</Style><description><![CDATA[]]></description><visibility>1</visibility></Placemark><Placemark><name>GC9V29N</name><Point><coordinates>-122.2884,47.6062,100 
</coordinates></Point><Style>
  <Icon>
    <href>http://chart.apis.google.com/chart?chst=d_bubble_icon_text_small&amp;chld=location|bbT|2128|FFFFFF|000000</href>
  </Icon>
</Style><description><![CDATA[]]></description><visibility>1</visibility></Placemark><Placemark><name>GC9C71J</name><Point><coordinates>-122.5147,47.6324,100 
</coordinates></Point><Style>
  <Icon>
    <href>http://chart.apis.google.com/chart?chst=d_bubble_icon_text_small&amp;chld=location|bbT|2129|FFFFFF|000000</href>
  </Icon>
</Style><description><![CDATA[]]></description><visibility>1</visibility></Placemark><Placemark><name>GCB68Q4</name><Point><coordinates>-122.0791,47.7365,100 
</coordinates></Point><Style>
  <Icon>
    <href>http://chart.apis.google.com/chart?chst=d_bubble_icon_text_small&amp;chld=location|bbT|2130|FFFFFF|000000</href>
  </Icon>
</Style><description><![CDATA[]]></description><visibility>1</visibility></Placemark><Placemark><name>GCBEGAY</name><Point><coordinates>-122.0856,47.7307,100 
</coordinates></Point><Style>
  <Icon>
    <href>http://chart.apis.google.com/chart?chst=d_bubble_icon_text_small&amp;chld=location|bbT|2131|FFFFFF|000000</href>
  </Icon>
</Style><description><![CDATA[]]></description><visibility>1</visibility></Placemark><Placemark><name>GCBENJT</name><Point><coordinates>-122.0848,47.7333,100 
</coordinates></Point><Style>
  <Icon>
    <href>http://chart.apis.google.com/chart?chst=d_bubble_icon_text_small&amp;chld=location|bbT|2132|FFFFFF|000000</href>
  </Icon>
</Style><description><![CDATA[]]></description><visibility>1</visibility></Placemark><Placemark><name>GCBHM9X</name><Point><coordinates>-122.3128,47.6557,100 
</coordinates></Point><Style>
  <Icon>
    <href>http://chart.apis.google.com/chart?chst=d_bubble_icon_text_small&amp;chld=location|bbT|2133|FFFFFF|000000</href>
  </Icon>
</Style><description><![CDATA[]]></description><visibility>1</visibility></Placemark><Placemark><name>GCBFDWY</name><Point><coordinates>-122.3443,47.6489,100 
</coordinates></Point><Style>
  <Icon>
    <href>http://chart.apis.google.com/chart?chst=d_bubble_icon_text_small&amp;chld=location|bbT|2134|FFFFFF|000000</href>
  </Icon>
</Style><description><![CDATA[]]></description><visibility>1</visibility></Placemark><Placemark><name>GC9VNV9</name><Point><coordinates>-122.2502,47.7601,100 
</coordinates></Point><Style>
  <Icon>
    <href>http://chart.apis.google.com/chart?chst=d_bubble_icon_text_small&amp;chld=location|bbT|2135|FFFFFF|000000</href>
  </Icon>
</Style><description><![CDATA[]]></description><visibility>1</visibility></Placemark><Placemark><name>GCBHPX2</name><Point><coordinates>-122.3261,47.7006,100 
</coordinates></Point><Style>
  <Icon>
    <href>http://chart.apis.google.com/chart?chst=d_bubble_icon_text_small&amp;chld=location|bbT|2136|FFFFFF|000000</href>
  </Icon>
</Style><description><![CDATA[]]></description><visibility>1</visibility></Placemark><Placemark><name>GCA4PJV</name><Point><coordinates>-122.1908,47.9546,100 
</coordinates></Point><Style>
  <Icon>
    <href>http://chart.apis.google.com/chart?chst=d_bubble_icon_text_small&amp;chld=location|bbT|2137|FFFFFF|000000</href>
  </Icon>
</Style><description><![CDATA[]]></description><visibility>1</visibility></Placemark><Placemark><name>GCB6TT4</name><Point><coordinates>-122.1848,47.956,100 
</coordinates></Point><Style>
  <Icon>
    <href>http://chart.apis.google.com/chart?chst=d_bubble_icon_text_small&amp;chld=location|bbT|2138|FFFFFF|000000</href>
  </Icon>
</Style><description><![CDATA[]]></description><visibility>1</visibility></Placemark><Placemark><name>GC59BK1</name><Point><coordinates>-122.4961,48.805,100 
</coordinates></Point><Style>
  <Icon>
    <href>http://chart.apis.google.com/chart?chst=d_bubble_icon_text_small&amp;chld=location|bbT|2139|FFFFFF|000000</href>
  </Icon>
</Style><description><![CDATA[]]></description><visibility>1</visibility></Placemark><Placemark><name>GC8TFJV</name><Point><coordinates>-122.4914,48.8027,100 
</coordinates></Point><Style>
  <Icon>
    <href>http://chart.apis.google.com/chart?chst=d_bubble_icon_text_small&amp;chld=location|bbT|2140|FFFFFF|000000</href>
  </Icon>
</Style><description><![CDATA[]]></description><visibility>1</visibility></Placemark><Placemark><name>GCAN81V</name><Point><coordinates>-122.4947,48.8024,100 
</coordinates></Point><Style>
  <Icon>
    <href>http://chart.apis.google.com/chart?chst=d_bubble_icon_text_small&amp;chld=location|bbT|2141|FFFFFF|000000</href>
  </Icon>
</Style><description><![CDATA[]]></description><visibility>1</visibility></Placemark><Placemark><name>GCAKJJ7</name><Point><coordinates>-122.4934,48.8053,100 
</coordinates></Point><Style>
  <Icon>
    <href>http://chart.apis.google.com/chart?chst=d_bubble_icon_text_small&amp;chld=location|bbT|2142|FFFFFF|000000</href>
  </Icon>
</Style><description><![CDATA[]]></description><visibility>1</visibility></Placemark><Placemark><name>GCQEX9</name><Point><coordinates>-122.424,48.7746,100 
</coordinates></Point><Style>
  <Icon>
    <href>http://chart.apis.google.com/chart?chst=d_bubble_icon_text_small&amp;chld=location|bbT|2143|FFFFFF|000000</href>
  </Icon>
</Style><description><![CDATA[]]></description><visibility>1</visibility></Placemark><Placemark><name>GCAE99N</name><Point><coordinates>-122.4226,48.7759,100 
</coordinates></Point><Style>
  <Icon>
    <href>http://chart.apis.google.com/chart?chst=d_bubble_icon_text_small&amp;chld=location|bbT|2144|FFFFFF|000000</href>
  </Icon>
</Style><description><![CDATA[]]></description><visibility>1</visibility></Placemark><Placemark><name>GCBC9EG</name><Point><coordinates>-122.4174,48.7785,100 
</coordinates></Point><Style>
  <Icon>
    <href>http://chart.apis.google.com/chart?chst=d_bubble_icon_text_small&amp;chld=location|bbT|2145|FFFFFF|000000</href>
  </Icon>
</Style><description><![CDATA[]]></description><visibility>1</visibility></Placemark><Placemark><name>GC9R0XQ</name><Point><coordinates>-122.4237,48.7775,100 
</coordinates></Point><Style>
  <Icon>
    <href>http://chart.apis.google.com/chart?chst=d_bubble_icon_text_small&amp;chld=location|bbT|2146|FFFFFF|000000</href>
  </Icon>
</Style><description><![CDATA[]]></description><visibility>1</visibility></Placemark><Placemark><name>GC2J2NG</name><Point><coordinates>-122.4245,48.7737,100 
</coordinates></Point><Style>
  <Icon>
    <href>http://chart.apis.google.com/chart?chst=d_bubble_icon_text_small&amp;chld=location|bbT|2147|FFFFFF|000000</href>
  </Icon>
</Style><description><![CDATA[]]></description><visibility>1</visibility></Placemark><Placemark><name>GCAD8XK</name><Point><coordinates>-122.4231,48.7725,100 
</coordinates></Point><Style>
  <Icon>
    <href>http://chart.apis.google.com/chart?chst=d_bubble_icon_text_small&amp;chld=location|bbT|2148|FFFFFF|000000</href>
  </Icon>
</Style><description><![CDATA[]]></description><visibility>1</visibility></Placemark><Placemark><name>GC24Q3K</name><Point><coordinates>-122.1988,48.1876,100 
</coordinates></Point><Style>
  <Icon>
    <href>http://chart.apis.google.com/chart?chst=d_bubble_icon_text_small&amp;chld=location|bbT|2149|FFFFFF|000000</href>
  </Icon>
</Style><description><![CDATA[]]></description><visibility>1</visibility></Placemark><Placemark><name>GCAJH23</name><Point><coordinates>-122.264,49.0017,100 
</coordinates></Point><Style>
  <Icon>
    <href>http://chart.apis.google.com/chart?chst=d_bubble_icon_text_small&amp;chld=location|bbT|2150|FFFFFF|000000</href>
  </Icon>
</Style><description><![CDATA[]]></description><visibility>1</visibility></Placemark><Placemark><name>GC9930F</name><Point><coordinates>-122.2262,49.0649,100 
</coordinates></Point><Style>
  <Icon>
    <href>http://chart.apis.google.com/chart?chst=d_bubble_icon_text_small&amp;chld=location|bbT|2151|FFFFFF|000000</href>
  </Icon>
</Style><description><![CDATA[]]></description><visibility>1</visibility></Placemark><Placemark><name>GC9930C</name><Point><coordinates>-122.226,49.0635,100 
</coordinates></Point><Style>
  <Icon>
    <href>http://chart.apis.google.com/chart?chst=d_bubble_icon_text_small&amp;chld=location|bbT|2152|FFFFFF|000000</href>
  </Icon>
</Style><description><![CDATA[]]></description><visibility>1</visibility></Placemark><Placemark><name>GC99304</name><Point><coordinates>-122.2222,49.0629,100 
</coordinates></Point><Style>
  <Icon>
    <href>http://chart.apis.google.com/chart?chst=d_bubble_icon_text_small&amp;chld=location|bbT|2153|FFFFFF|000000</href>
  </Icon>
</Style><description><![CDATA[]]></description><visibility>1</visibility></Placemark><Placemark><name>GC99303</name><Point><coordinates>-122.2202,49.0635,100 
</coordinates></Point><Style>
  <Icon>
    <href>http://chart.apis.google.com/chart?chst=d_bubble_icon_text_small&amp;chld=location|bbT|2154|FFFFFF|000000</href>
  </Icon>
</Style><description><![CDATA[]]></description><visibility>1</visibility></Placemark><Placemark><name>GCARK5A</name><Point><coordinates>-122.3491,47.6223,100 
</coordinates></Point><Style>
  <Icon>
    <href>http://chart.apis.google.com/chart?chst=d_bubble_icon_text_small&amp;chld=location|bbT|2155|FFFFFF|000000</href>
  </Icon>
</Style><description><![CDATA[]]></description><visibility>1</visibility></Placemark><Placemark><name>GCBJGGC</name><Point><coordinates>-122.3455,47.648,100 
</coordinates></Point><Style>
  <Icon>
    <href>http://chart.apis.google.com/chart?chst=d_bubble_icon_text_small&amp;chld=location|bbT|2156|FFFFFF|000000</href>
  </Icon>
</Style><description><![CDATA[]]></description><visibility>1</visibility></Placemark><Placemark><name>GCBJ0D5</name><Point><coordinates>-122.3444,47.6491,100 
</coordinates></Point><Style>
  <Icon>
    <href>http://chart.apis.google.com/chart?chst=d_bubble_icon_text_small&amp;chld=location|bbT|2157|FFFFFF|000000</href>
  </Icon>
</Style><description><![CDATA[]]></description><visibility>1</visibility></Placemark><Placemark><name>GCB0RTN</name><Point><coordinates>-122.3457,47.6684,100 
</coordinates></Point><Style>
  <Icon>
    <href>http://chart.apis.google.com/chart?chst=d_bubble_icon_text_small&amp;chld=location|bbT|2158|FFFFFF|000000</href>
  </Icon>
</Style><description><![CDATA[]]></description><visibility>1</visibility></Placemark><Placemark><name>GCB6B39</name><Point><coordinates>-122.344,47.6698,100 
</coordinates></Point><Style>
  <Icon>
    <href>http://chart.apis.google.com/chart?chst=d_bubble_icon_text_small&amp;chld=location|bbT|2159|FFFFFF|000000</href>
  </Icon>
</Style><description><![CDATA[]]></description><visibility>1</visibility></Placemark><Placemark><name>GC2B1X8</name><Point><coordinates>-122.3395,47.6797,100 
</coordinates></Point><Style>
  <Icon>
    <href>http://chart.apis.google.com/chart?chst=d_bubble_icon_text_small&amp;chld=location|bbT|2160|FFFFFF|000000</href>
  </Icon>
</Style><description><![CDATA[]]></description><visibility>1</visibility></Placemark><Placemark><name>GCBGZKP</name><Point><coordinates>-122.3433,47.6676,100 
</coordinates></Point><Style>
  <Icon>
    <href>http://chart.apis.google.com/chart?chst=d_bubble_icon_text_small&amp;chld=location|bbT|2161|FFFFFF|000000</href>
  </Icon>
</Style><description><![CDATA[]]></description><visibility>1</visibility></Placemark><Placemark><name>GCB68TC</name><Point><coordinates>-122.3451,47.6715,100 
</coordinates></Point><Style>
  <Icon>
    <href>http://chart.apis.google.com/chart?chst=d_bubble_icon_text_small&amp;chld=location|bbT|2162|FFFFFF|000000</href>
  </Icon>
</Style><description><![CDATA[]]></description><visibility>1</visibility></Placemark><Placemark><name>GCBJF4K</name><Point><coordinates>-122.3486,47.6493,100 
</coordinates></Point><Style>
  <Icon>
    <href>http://chart.apis.google.com/chart?chst=d_bubble_icon_text_small&amp;chld=location|bbT|2163|FFFFFF|000000</href>
  </Icon>
</Style><description><![CDATA[]]></description><visibility>1</visibility></Placemark><Placemark><name>GCBH662</name><Point><coordinates>-122.3467,47.6486,100 
</coordinates></Point><Style>
  <Icon>
    <href>http://chart.apis.google.com/chart?chst=d_bubble_icon_text_small&amp;chld=location|bbT|2164|FFFFFF|000000</href>
  </Icon>
</Style><description><![CDATA[]]></description><visibility>1</visibility></Placemark><Placemark><name>GC7R7Z4</name><Point><coordinates>-122.2792,47.6691,100 
</coordinates></Point><Style>
  <Icon>
    <href>http://chart.apis.google.com/chart?chst=d_bubble_icon_text_small&amp;chld=location|bbT|2165|FFFFFF|000000</href>
  </Icon>
</Style><description><![CDATA[]]></description><visibility>1</visibility></Placemark><Placemark><name>GCBGW3X</name><Point><coordinates>-122.3502,47.6516,100 
</coordinates></Point><Style>
  <Icon>
    <href>http://chart.apis.google.com/chart?chst=d_bubble_icon_text_small&amp;chld=location|bbT|2166|FFFFFF|000000</href>
  </Icon>
</Style><description><![CDATA[]]></description><visibility>1</visibility></Placemark><Placemark><name>GCBK8Y0</name><Point><coordinates>-122.3474,47.6479,100 
</coordinates></Point><Style>
  <Icon>
    <href>http://chart.apis.google.com/chart?chst=d_bubble_icon_text_small&amp;chld=location|bbT|2167|FFFFFF|000000</href>
  </Icon>
</Style><description><![CDATA[]]></description><visibility>1</visibility></Placemark><Placemark><name>GCA4F4Q</name><Point><coordinates>-122.3472,47.6898,100 
</coordinates></Point><Style>
  <Icon>
    <href>http://chart.apis.google.com/chart?chst=d_bubble_icon_text_small&amp;chld=location|bbT|2168|FFFFFF|000000</href>
  </Icon>
</Style><description><![CDATA[]]></description><visibility>1</visibility></Placemark><Placemark><name>GCAV5BT</name><Point><coordinates>-122.1187,47.7003,100 
</coordinates></Point><Style>
  <Icon>
    <href>http://chart.apis.google.com/chart?chst=d_bubble_icon_text_small&amp;chld=location|bbT|2169|FFFFFF|000000</href>
  </Icon>
</Style><description><![CDATA[]]></description><visibility>1</visibility></Placemark><Placemark><name>GCBJRB4</name><Point><coordinates>-122.3488,47.6495,100 
</coordinates></Point><Style>
  <Icon>
    <href>http://chart.apis.google.com/chart?chst=d_bubble_icon_text_small&amp;chld=location|bbT|2170|FFFFFF|000000</href>
  </Icon>
</Style><description><![CDATA[]]></description><visibility>1</visibility></Placemark><Placemark><name>GC9V29N</name><Point><coordinates>-122.2884,47.6064,100 
</coordinates></Point><Style>
  <Icon>
    <href>http://chart.apis.google.com/chart?chst=d_bubble_icon_text_small&amp;chld=location|bbT|2171|FFFFFF|000000</href>
  </Icon>
</Style><description><![CDATA[]]></description><visibility>1</visibility></Placemark><Placemark><name>GCBET50</name><Point><coordinates>-122.2524,47.5601,100 
</coordinates></Point><Style>
  <Icon>
    <href>http://chart.apis.google.com/chart?chst=d_bubble_icon_text_small&amp;chld=location|bbT|2172|FFFFFF|000000</href>
  </Icon>
</Style><description><![CDATA[]]></description><visibility>1</visibility></Placemark><Placemark><name>GCBET79</name><Point><coordinates>-122.2541,47.5616,100 
</coordinates></Point><Style>
  <Icon>
    <href>http://chart.apis.google.com/chart?chst=d_bubble_icon_text_small&amp;chld=location|bbT|2173|FFFFFF|000000</href>
  </Icon>
</Style><description><![CDATA[]]></description><visibility>1</visibility></Placemark><Placemark><name>GCM682</name><Point><coordinates>-122.2535,47.5512,100 
</coordinates></Point><Style>
  <Icon>
    <href>http://chart.apis.google.com/chart?chst=d_bubble_icon_text_small&amp;chld=location|bbT|2174|FFFFFF|000000</href>
  </Icon>
</Style><description><![CDATA[]]></description><visibility>1</visibility></Placemark><Placemark><name>GCAVR9N</name><Point><coordinates>-122.3126,47.6569,100 
</coordinates></Point><Style>
  <Icon>
    <href>http://chart.apis.google.com/chart?chst=d_bubble_icon_text_small&amp;chld=location|bbT|2175|FFFFFF|000000</href>
  </Icon>
</Style><description><![CDATA[]]></description><visibility>1</visibility></Placemark><Placemark><name>GCBKY1H</name><Point><coordinates>-122.3439,47.6493,100 
</coordinates></Point><Style>
  <Icon>
    <href>http://chart.apis.google.com/chart?chst=d_bubble_icon_text_small&amp;chld=location|bbT|2176|FFFFFF|000000</href>
  </Icon>
</Style><description><![CDATA[]]></description><visibility>1</visibility></Placemark><Placemark><name>GC8418B</name><Point><coordinates>-122.3413,47.6193,100 
</coordinates></Point><Style>
  <Icon>
    <href>http://chart.apis.google.com/chart?chst=d_bubble_icon_text_small&amp;chld=location|bbT|2177|FFFFFF|000000</href>
  </Icon>
</Style><description><![CDATA[]]></description><visibility>1</visibility></Placemark><Placemark><name>GCBKXVJ</name><Point><coordinates>-122.3465,47.6483,100 
</coordinates></Point><Style>
  <Icon>
    <href>http://chart.apis.google.com/chart?chst=d_bubble_icon_text_small&amp;chld=location|bbT|2178|FFFFFF|000000</href>
  </Icon>
</Style><description><![CDATA[]]></description><visibility>1</visibility></Placemark><Placemark><name>GCBKX90</name><Point><coordinates>-122.3441,47.6497,100 
</coordinates></Point><Style>
  <Icon>
    <href>http://chart.apis.google.com/chart?chst=d_bubble_icon_text_small&amp;chld=location|bbT|2179|FFFFFF|000000</href>
  </Icon>
</Style><description><![CDATA[]]></description><visibility>1</visibility></Placemark><Placemark><name>GCBDYZQ</name><Point><coordinates>-122.1755,47.713,100 
</coordinates></Point><Style>
  <Icon>
    <href>http://chart.apis.google.com/chart?chst=d_bubble_icon_text_small&amp;chld=location|bbT|2180|FFFFFF|000000</href>
  </Icon>
</Style><description><![CDATA[]]></description><visibility>1</visibility></Placemark><Placemark><name>GCAZNNV</name><Point><coordinates>-122.2929,47.6281,100 
</coordinates></Point><Style>
  <Icon>
    <href>http://chart.apis.google.com/chart?chst=d_bubble_icon_text_small&amp;chld=location|bbT|2181|FFFFFF|000000</href>
  </Icon>
</Style><description><![CDATA[]]></description><visibility>1</visibility></Placemark><Placemark><name>GCAZB49</name><Point><coordinates>-122.2948,47.6296,100 
</coordinates></Point><Style>
  <Icon>
    <href>http://chart.apis.google.com/chart?chst=d_bubble_icon_text_small&amp;chld=location|bbT|2182|FFFFFF|000000</href>
  </Icon>
</Style><description><![CDATA[]]></description><visibility>1</visibility></Placemark><Placemark><name>GCAZNPJ</name><Point><coordinates>-122.2936,47.6312,100 
</coordinates></Point><Style>
  <Icon>
    <href>http://chart.apis.google.com/chart?chst=d_bubble_icon_text_small&amp;chld=location|bbT|2183|FFFFFF|000000</href>
  </Icon>
</Style><description><![CDATA[]]></description><visibility>1</visibility></Placemark><Placemark><name>GCAZNQ5</name><Point><coordinates>-122.2885,47.6337,100 
</coordinates></Point><Style>
  <Icon>
    <href>http://chart.apis.google.com/chart?chst=d_bubble_icon_text_small&amp;chld=location|bbT|2184|FFFFFF|000000</href>
  </Icon>
</Style><description><![CDATA[]]></description><visibility>1</visibility></Placemark><Placemark><name>GC9P7NQ</name><Point><coordinates>121.2312,25.0788,100 
</coordinates></Point><Style>
  <Icon>
    <href>http://chart.apis.google.com/chart?chst=d_bubble_icon_text_small&amp;chld=location|bbT|2185|FFFFFF|000000</href>
  </Icon>
</Style><description><![CDATA[]]></description><visibility>1</visibility></Placemark><Placemark><name>GC8910Y</name><Point><coordinates>114.1599,22.2806,100 
</coordinates></Point><Style>
  <Icon>
    <href>http://chart.apis.google.com/chart?chst=d_bubble_icon_text_small&amp;chld=location|bbT|2186|FFFFFF|000000</href>
  </Icon>
</Style><description><![CDATA[]]></description><visibility>1</visibility></Placemark><Placemark><name>GC88YWD</name><Point><coordinates>114.1594,22.2809,100 
</coordinates></Point><Style>
  <Icon>
    <href>http://chart.apis.google.com/chart?chst=d_bubble_icon_text_small&amp;chld=location|bbT|2187|FFFFFF|000000</href>
  </Icon>
</Style><description><![CDATA[]]></description><visibility>1</visibility></Placemark><Placemark><name>GCA836Y</name><Point><coordinates>114.2222,22.2824,100 
</coordinates></Point><Style>
  <Icon>
    <href>http://chart.apis.google.com/chart?chst=d_bubble_icon_text_small&amp;chld=location|bbT|2188|FFFFFF|000000</href>
  </Icon>
</Style><description><![CDATA[]]></description><visibility>1</visibility></Placemark><Placemark><name>GC2WWBV</name><Point><coordinates>114.2247,22.2826,100 
</coordinates></Point><Style>
  <Icon>
    <href>http://chart.apis.google.com/chart?chst=d_bubble_icon_text_small&amp;chld=location|bbT|2189|FFFFFF|000000</href>
  </Icon>
</Style><description><![CDATA[]]></description><visibility>1</visibility></Placemark><Placemark><name>GCAHYPV</name><Point><coordinates>114.1917,22.332,100 
</coordinates></Point><Style>
  <Icon>
    <href>http://chart.apis.google.com/chart?chst=d_bubble_icon_text_small&amp;chld=location|bbT|2190|FFFFFF|000000</href>
  </Icon>
</Style><description><![CDATA[]]></description><visibility>1</visibility></Placemark><Placemark><name>GC4CJZW</name><Point><coordinates>114.1506,22.2878,100 
</coordinates></Point><Style>
  <Icon>
    <href>http://chart.apis.google.com/chart?chst=d_bubble_icon_text_small&amp;chld=location|bbT|2191|FFFFFF|000000</href>
  </Icon>
</Style><description><![CDATA[]]></description><visibility>1</visibility></Placemark><Placemark><name>GCB8FMW</name><Point><coordinates>113.5515,22.1934,100 
</coordinates></Point><Style>
  <Icon>
    <href>http://chart.apis.google.com/chart?chst=d_bubble_icon_text_small&amp;chld=location|bbT|2192|FFFFFF|000000</href>
  </Icon>
</Style><description><![CDATA[]]></description><visibility>1</visibility></Placemark><Placemark><name>GCAJFF1</name><Point><coordinates>113.5408,22.1978,100 
</coordinates></Point><Style>
  <Icon>
    <href>http://chart.apis.google.com/chart?chst=d_bubble_icon_text_small&amp;chld=location|bbT|2193|FFFFFF|000000</href>
  </Icon>
</Style><description><![CDATA[]]></description><visibility>1</visibility></Placemark><Placemark><name>GCBG0GG</name><Point><coordinates>113.5407,22.1971,100 
</coordinates></Point><Style>
  <Icon>
    <href>http://chart.apis.google.com/chart?chst=d_bubble_icon_text_small&amp;chld=location|bbT|2194|FFFFFF|000000</href>
  </Icon>
</Style><description><![CDATA[]]></description><visibility>1</visibility></Placemark><Placemark><name>GC63XED</name><Point><coordinates>113.5422,22.2001,100 
</coordinates></Point><Style>
  <Icon>
    <href>http://chart.apis.google.com/chart?chst=d_bubble_icon_text_small&amp;chld=location|bbT|2195|FFFFFF|000000</href>
  </Icon>
</Style><description><![CDATA[]]></description><visibility>1</visibility></Placemark><Placemark><name>GC5Z5ZC</name><Point><coordinates>113.5394,22.2008,100 
</coordinates></Point><Style>
  <Icon>
    <href>http://chart.apis.google.com/chart?chst=d_bubble_icon_text_small&amp;chld=location|bbT|2196|FFFFFF|000000</href>
  </Icon>
</Style><description><![CDATA[]]></description><visibility>1</visibility></Placemark><Placemark><name>GC2AKXZ</name><Point><coordinates>113.5518,22.1984,100 
</coordinates></Point><Style>
  <Icon>
    <href>http://chart.apis.google.com/chart?chst=d_bubble_icon_text_small&amp;chld=location|bbT|2197|FFFFFF|000000</href>
  </Icon>
</Style><description><![CDATA[]]></description><visibility>1</visibility></Placemark><Placemark><name>GC5MN7J</name><Point><coordinates>114.1269,22.2816,100 
</coordinates></Point><Style>
  <Icon>
    <href>http://chart.apis.google.com/chart?chst=d_bubble_icon_text_small&amp;chld=location|bbT|2198|FFFFFF|000000</href>
  </Icon>
</Style><description><![CDATA[]]></description><visibility>1</visibility></Placemark><Placemark><name>GCARR53</name><Point><coordinates>114.1614,22.2868,100 
</coordinates></Point><Style>
  <Icon>
    <href>http://chart.apis.google.com/chart?chst=d_bubble_icon_text_small&amp;chld=location|bbT|2199|FFFFFF|000000</href>
  </Icon>
</Style><description><![CDATA[]]></description><visibility>1</visibility></Placemark><Placemark><name>GC9P5GM</name><Point><coordinates>114.1612,22.2791,100 
</coordinates></Point><Style>
  <Icon>
    <href>http://chart.apis.google.com/chart?chst=d_bubble_icon_text_small&amp;chld=location|bbT|2200|FFFFFF|000000</href>
  </Icon>
</Style><description><![CDATA[]]></description><visibility>1</visibility></Placemark><Placemark><name>GCAJJ96</name><Point><coordinates>113.9329,22.3161,100 
</coordinates></Point><Style>
  <Icon>
    <href>http://chart.apis.google.com/chart?chst=d_bubble_icon_text_small&amp;chld=location|bbT|2201|FFFFFF|000000</href>
  </Icon>
</Style><description><![CDATA[]]></description><visibility>1</visibility></Placemark><Placemark><name>GC18W8W</name><Point><coordinates>121.5511,25.1014,100 
</coordinates></Point><Style>
  <Icon>
    <href>http://chart.apis.google.com/chart?chst=d_bubble_icon_text_small&amp;chld=location|bbT|2202|FFFFFF|000000</href>
  </Icon>
</Style><description><![CDATA[]]></description><visibility>1</visibility></Placemark><Placemark><name>GC8EHGZ</name><Point><coordinates>121.5284,25.0451,100 
</coordinates></Point><Style>
  <Icon>
    <href>http://chart.apis.google.com/chart?chst=d_bubble_icon_text_small&amp;chld=location|bbT|2203|FFFFFF|000000</href>
  </Icon>
</Style><description><![CDATA[]]></description><visibility>1</visibility></Placemark><Placemark><name>GC38XMN</name><Point><coordinates>121.5301,25.0319,100 
</coordinates></Point><Style>
  <Icon>
    <href>http://chart.apis.google.com/chart?chst=d_bubble_icon_text_small&amp;chld=location|bbT|2204|FFFFFF|000000</href>
  </Icon>
</Style><description><![CDATA[]]></description><visibility>1</visibility></Placemark><Placemark><name>GC7CCWE</name><Point><coordinates>121.5091,25.0426,100 
</coordinates></Point><Style>
  <Icon>
    <href>http://chart.apis.google.com/chart?chst=d_bubble_icon_text_small&amp;chld=location|bbT|2205|FFFFFF|000000</href>
  </Icon>
</Style><description><![CDATA[]]></description><visibility>1</visibility></Placemark><Placemark><name>GC966NQ</name><Point><coordinates>121.5134,25.0421,100 
</coordinates></Point><Style>
  <Icon>
    <href>http://chart.apis.google.com/chart?chst=d_bubble_icon_text_small&amp;chld=location|bbT|2206|FFFFFF|000000</href>
  </Icon>
</Style><description><![CDATA[]]></description><visibility>1</visibility></Placemark><Placemark><name>GCA3NFA</name><Point><coordinates>121.4995,25.0375,100 
</coordinates></Point><Style>
  <Icon>
    <href>http://chart.apis.google.com/chart?chst=d_bubble_icon_text_small&amp;chld=location|bbT|2207|FFFFFF|000000</href>
  </Icon>
</Style><description><![CDATA[]]></description><visibility>1</visibility></Placemark><Placemark><name>GC2DVZ3</name><Point><coordinates>121.8431,24.8802,100 
</coordinates></Point><Style>
  <Icon>
    <href>http://chart.apis.google.com/chart?chst=d_bubble_icon_text_small&amp;chld=location|bbT|2208|FFFFFF|000000</href>
  </Icon>
</Style><description><![CDATA[]]></description><visibility>1</visibility></Placemark><Placemark><name>GCBB5EN</name><Point><coordinates>121.7419,24.8361,100 
</coordinates></Point><Style>
  <Icon>
    <href>http://chart.apis.google.com/chart?chst=d_bubble_icon_text_small&amp;chld=location|bbT|2209|FFFFFF|000000</href>
  </Icon>
</Style><description><![CDATA[]]></description><visibility>1</visibility></Placemark><Placemark><name>GC6ZV95</name><Point><coordinates>121.7302,24.8554,100 
</coordinates></Point><Style>
  <Icon>
    <href>http://chart.apis.google.com/chart?chst=d_bubble_icon_text_small&amp;chld=location|bbT|2210|FFFFFF|000000</href>
  </Icon>
</Style><description><![CDATA[]]></description><visibility>1</visibility></Placemark><Placemark><name>GCAMHB6</name><Point><coordinates>121.7333,24.8506,100 
</coordinates></Point><Style>
  <Icon>
    <href>http://chart.apis.google.com/chart?chst=d_bubble_icon_text_small&amp;chld=location|bbT|2211|FFFFFF|000000</href>
  </Icon>
</Style><description><![CDATA[]]></description><visibility>1</visibility></Placemark><Placemark><name>GC96NKR</name><Point><coordinates>121.7352,24.8474,100 
</coordinates></Point><Style>
  <Icon>
    <href>http://chart.apis.google.com/chart?chst=d_bubble_icon_text_small&amp;chld=location|bbT|2212|FFFFFF|000000</href>
  </Icon>
</Style><description><![CDATA[]]></description><visibility>1</visibility></Placemark><Placemark><name>GC912XZ</name><Point><coordinates>121.825,24.859,100 
</coordinates></Point><Style>
  <Icon>
    <href>http://chart.apis.google.com/chart?chst=d_bubble_icon_text_small&amp;chld=location|bbT|2213|FFFFFF|000000</href>
  </Icon>
</Style><description><![CDATA[]]></description><visibility>1</visibility></Placemark><Placemark><name>GCA3ERZ</name><Point><coordinates>121.8276,25.0869,100 
</coordinates></Point><Style>
  <Icon>
    <href>http://chart.apis.google.com/chart?chst=d_bubble_icon_text_small&amp;chld=location|bbT|2214|FFFFFF|000000</href>
  </Icon>
</Style><description><![CDATA[]]></description><visibility>1</visibility></Placemark><Placemark><name>GCA3XKF</name><Point><coordinates>121.8244,25.0808,100 
</coordinates></Point><Style>
  <Icon>
    <href>http://chart.apis.google.com/chart?chst=d_bubble_icon_text_small&amp;chld=location|bbT|2215|FFFFFF|000000</href>
  </Icon>
</Style><description><![CDATA[]]></description><visibility>1</visibility></Placemark><Placemark><name>GC9H7NB</name><Point><coordinates>121.8452,25.1094,100 
</coordinates></Point><Style>
  <Icon>
    <href>http://chart.apis.google.com/chart?chst=d_bubble_icon_text_small&amp;chld=location|bbT|2216|FFFFFF|000000</href>
  </Icon>
</Style><description><![CDATA[]]></description><visibility>1</visibility></Placemark><Placemark><name>GCBAVJ4</name><Point><coordinates>121.8466,25.1079,100 
</coordinates></Point><Style>
  <Icon>
    <href>http://chart.apis.google.com/chart?chst=d_bubble_icon_text_small&amp;chld=location|bbT|2217|FFFFFF|000000</href>
  </Icon>
</Style><description><![CDATA[]]></description><visibility>1</visibility></Placemark><Placemark><name>GC92MY0</name><Point><coordinates>121.7573,24.7544,100 
</coordinates></Point><Style>
  <Icon>
    <href>http://chart.apis.google.com/chart?chst=d_bubble_icon_text_small&amp;chld=location|bbT|2218|FFFFFF|000000</href>
  </Icon>
</Style><description><![CDATA[]]></description><visibility>1</visibility></Placemark><Placemark><name>GC891D8</name><Point><coordinates>121.5188,25.0364,100 
</coordinates></Point><Style>
  <Icon>
    <href>http://chart.apis.google.com/chart?chst=d_bubble_icon_text_small&amp;chld=location|bbT|2219|FFFFFF|000000</href>
  </Icon>
</Style><description><![CDATA[]]></description><visibility>1</visibility></Placemark><Placemark><name>GCBJ12R</name><Point><coordinates>121.5193,25.028,100 
</coordinates></Point><Style>
  <Icon>
    <href>http://chart.apis.google.com/chart?chst=d_bubble_icon_text_small&amp;chld=location|bbT|2220|FFFFFF|000000</href>
  </Icon>
</Style><description><![CDATA[]]></description><visibility>1</visibility></Placemark><Placemark><name>GC9512N</name><Point><coordinates>121.5175,25.0277,100 
</coordinates></Point><Style>
  <Icon>
    <href>http://chart.apis.google.com/chart?chst=d_bubble_icon_text_small&amp;chld=location|bbT|2221|FFFFFF|000000</href>
  </Icon>
</Style><description><![CDATA[]]></description><visibility>1</visibility></Placemark><Placemark><name>GC81VQ1</name><Point><coordinates>121.5156,25.0336,100 
</coordinates></Point><Style>
  <Icon>
    <href>http://chart.apis.google.com/chart?chst=d_bubble_icon_text_small&amp;chld=location|bbT|2222|FFFFFF|000000</href>
  </Icon>
</Style><description><![CDATA[]]></description><visibility>1</visibility></Placemark><Placemark><name>GC8KXKD</name><Point><coordinates>121.5709,25.0328,100 
</coordinates></Point><Style>
  <Icon>
    <href>http://chart.apis.google.com/chart?chst=d_bubble_icon_text_small&amp;chld=location|bbT|2223|FFFFFF|000000</href>
  </Icon>
</Style><description><![CDATA[]]></description><visibility>1</visibility></Placemark><Placemark><name>GCBKY2E</name><Point><coordinates>-122.3485,47.6503,100 
</coordinates></Point><Style>
  <Icon>
    <href>http://chart.apis.google.com/chart?chst=d_bubble_icon_text_small&amp;chld=location|bbT|2224|FFFFFF|000000</href>
  </Icon>
</Style><description><![CDATA[]]></description><visibility>1</visibility></Placemark><Placemark><name>GCBFD9E</name><Point><coordinates>-122.291,47.6425,100 
</coordinates></Point><Style>
  <Icon>
    <href>http://chart.apis.google.com/chart?chst=d_bubble_icon_text_small&amp;chld=location|bbT|2225|FFFFFF|000000</href>
  </Icon>
</Style><description><![CDATA[]]></description><visibility>1</visibility></Placemark><Placemark><name>GCAZNR9</name><Point><coordinates>-122.2895,47.6454,100 
</coordinates></Point><Style>
  <Icon>
    <href>http://chart.apis.google.com/chart?chst=d_bubble_icon_text_small&amp;chld=location|bbT|2226|FFFFFF|000000</href>
  </Icon>
</Style><description><![CDATA[]]></description><visibility>1</visibility></Placemark><Placemark><name>GCAZB4Y</name><Point><coordinates>-122.2937,47.6402,100 
</coordinates></Point><Style>
  <Icon>
    <href>http://chart.apis.google.com/chart?chst=d_bubble_icon_text_small&amp;chld=location|bbT|2227|FFFFFF|000000</href>
  </Icon>
</Style><description><![CDATA[]]></description><visibility>1</visibility></Placemark><Placemark><name>GCTJ51</name><Point><coordinates>-122.2894,47.6411,100 
</coordinates></Point><Style>
  <Icon>
    <href>http://chart.apis.google.com/chart?chst=d_bubble_icon_text_small&amp;chld=location|bbT|2228|FFFFFF|000000</href>
  </Icon>
</Style><description><![CDATA[]]></description><visibility>1</visibility></Placemark><Placemark><name>GCBETV8</name><Point><coordinates>-122.246,47.5557,100 
</coordinates></Point><Style>
  <Icon>
    <href>http://chart.apis.google.com/chart?chst=d_bubble_icon_text_small&amp;chld=location|bbT|2229|FFFFFF|000000</href>
  </Icon>
</Style><description><![CDATA[]]></description><visibility>1</visibility></Placemark><Placemark><name>GC83PYC</name><Point><coordinates>-122.3248,47.6201,100 
</coordinates></Point><Style>
  <Icon>
    <href>http://chart.apis.google.com/chart?chst=d_bubble_icon_text_small&amp;chld=location|bbT|2230|FFFFFF|000000</href>
  </Icon>
</Style><description><![CDATA[]]></description><visibility>1</visibility></Placemark><Placemark><name>GCBKY4C</name><Point><coordinates>-122.3469,47.6484,100 
</coordinates></Point><Style>
  <Icon>
    <href>http://chart.apis.google.com/chart?chst=d_bubble_icon_text_small&amp;chld=location|bbT|2231|FFFFFF|000000</href>
  </Icon>
</Style><description><![CDATA[]]></description><visibility>1</visibility></Placemark><Placemark><name>GC118PK</name><Point><coordinates>-96.9094,32.9805,100 
</coordinates></Point><Style>
  <Icon>
    <href>http://chart.apis.google.com/chart?chst=d_bubble_icon_text_small&amp;chld=location|bbT|2232|FFFFFF|000000</href>
  </Icon>
</Style><description><![CDATA[]]></description><visibility>1</visibility></Placemark><Placemark><name>GC5GN8B</name><Point><coordinates>-96.7971,32.7828,100 
</coordinates></Point><Style>
  <Icon>
    <href>http://chart.apis.google.com/chart?chst=d_bubble_icon_text_small&amp;chld=location|bbT|2233|FFFFFF|000000</href>
  </Icon>
</Style><description><![CDATA[]]></description><visibility>1</visibility></Placemark><Placemark><name>GC13789</name><Point><coordinates>-96.7991,32.7871,100 
</coordinates></Point><Style>
  <Icon>
    <href>http://chart.apis.google.com/chart?chst=d_bubble_icon_text_small&amp;chld=location|bbT|2234|FFFFFF|000000</href>
  </Icon>
</Style><description><![CDATA[]]></description><visibility>1</visibility></Placemark><Placemark><name>GC9P6BD</name><Point><coordinates>-96.99,32.483,100 
</coordinates></Point><Style>
  <Icon>
    <href>http://chart.apis.google.com/chart?chst=d_bubble_icon_text_small&amp;chld=location|bbT|2235|FFFFFF|000000</href>
  </Icon>
</Style><description><![CDATA[]]></description><visibility>1</visibility></Placemark><Placemark><name>GCAJHNG</name><Point><coordinates>-97.0928,32.047,100 
</coordinates></Point><Style>
  <Icon>
    <href>http://chart.apis.google.com/chart?chst=d_bubble_icon_text_small&amp;chld=location|bbT|2236|FFFFFF|000000</href>
  </Icon>
</Style><description><![CDATA[]]></description><visibility>1</visibility></Placemark><Placemark><name>GC2TR0Z</name><Point><coordinates>-97.5516,30.9144,100 
</coordinates></Point><Style>
  <Icon>
    <href>http://chart.apis.google.com/chart?chst=d_bubble_icon_text_small&amp;chld=location|bbT|2237|FFFFFF|000000</href>
  </Icon>
</Style><description><![CDATA[]]></description><visibility>1</visibility></Placemark><Placemark><name>GC142C</name><Point><coordinates>-97.7392,30.2839,100 
</coordinates></Point><Style>
  <Icon>
    <href>http://chart.apis.google.com/chart?chst=d_bubble_icon_text_small&amp;chld=location|bbT|2238|FFFFFF|000000</href>
  </Icon>
</Style><description><![CDATA[]]></description><visibility>1</visibility></Placemark><Placemark><name>GCA3VRH</name><Point><coordinates>-97.7423,30.2843,100 
</coordinates></Point><Style>
  <Icon>
    <href>http://chart.apis.google.com/chart?chst=d_bubble_icon_text_small&amp;chld=location|bbT|2239|FFFFFF|000000</href>
  </Icon>
</Style><description><![CDATA[]]></description><visibility>1</visibility></Placemark><Placemark><name>GCB1NP5</name><Point><coordinates>-97.738,30.2801,100 
</coordinates></Point><Style>
  <Icon>
    <href>http://chart.apis.google.com/chart?chst=d_bubble_icon_text_small&amp;chld=location|bbT|2240|FFFFFF|000000</href>
  </Icon>
</Style><description><![CDATA[]]></description><visibility>1</visibility></Placemark><Placemark><name>GCA810</name><Point><coordinates>-97.7423,30.2734,100 
</coordinates></Point><Style>
  <Icon>
    <href>http://chart.apis.google.com/chart?chst=d_bubble_icon_text_small&amp;chld=location|bbT|2241|FFFFFF|000000</href>
  </Icon>
</Style><description><![CDATA[]]></description><visibility>1</visibility></Placemark><Placemark><name>GC31BKD</name><Point><coordinates>-122.3113,47.6033,100 
</coordinates></Point><Style>
  <Icon>
    <href>http://chart.apis.google.com/chart?chst=d_bubble_icon_text_small&amp;chld=location|bbT|2242|FFFFFF|000000</href>
  </Icon>
</Style><description><![CDATA[]]></description><visibility>1</visibility></Placemark><Placemark><name>GCADVWW</name><Point><coordinates>-122.0323,47.5242,100 
</coordinates></Point><Style>
  <Icon>
    <href>http://chart.apis.google.com/chart?chst=d_bubble_icon_text_small&amp;chld=location|bbT|2243|FFFFFF|000000</href>
  </Icon>
</Style><description><![CDATA[]]></description><visibility>1</visibility></Placemark><Placemark><name>GCAEHPD</name><Point><coordinates>-122.035,47.5269,100 
</coordinates></Point><Style>
  <Icon>
    <href>http://chart.apis.google.com/chart?chst=d_bubble_icon_text_small&amp;chld=location|bbT|2244|FFFFFF|000000</href>
  </Icon>
</Style><description><![CDATA[]]></description><visibility>1</visibility></Placemark><Placemark><name>GCBP0G3</name><Point><coordinates>-122.3449,47.6507,100 
</coordinates></Point><Style>
  <Icon>
    <href>http://chart.apis.google.com/chart?chst=d_bubble_icon_text_small&amp;chld=location|bbT|2245|FFFFFF|000000</href>
  </Icon>
</Style><description><![CDATA[]]></description><visibility>1</visibility></Placemark><Placemark><name>GCAZHTQ</name><Point><coordinates>-122.3174,47.6782,100 
</coordinates></Point><Style>
  <Icon>
    <href>http://chart.apis.google.com/chart?chst=d_bubble_icon_text_small&amp;chld=location|bbT|2246|FFFFFF|000000</href>
  </Icon>
</Style><description><![CDATA[]]></description><visibility>1</visibility></Placemark><Placemark><name>GCAZ112</name><Point><coordinates>-122.3493,47.647,100 
</coordinates></Point><Style>
  <Icon>
    <href>http://chart.apis.google.com/chart?chst=d_bubble_icon_text_small&amp;chld=location|bbT|2247|FFFFFF|000000</href>
  </Icon>
</Style><description><![CDATA[]]></description><visibility>1</visibility></Placemark><Placemark><name>GCQADB</name><Point><coordinates>-122.358,47.6345,100 
</coordinates></Point><Style>
  <Icon>
    <href>http://chart.apis.google.com/chart?chst=d_bubble_icon_text_small&amp;chld=location|bbT|2248|FFFFFF|000000</href>
  </Icon>
</Style><description><![CDATA[]]></description><visibility>1</visibility></Placemark><Placemark><name>GCBE981</name><Point><coordinates>-122.3582,47.6297,100 
</coordinates></Point><Style>
  <Icon>
    <href>http://chart.apis.google.com/chart?chst=d_bubble_icon_text_small&amp;chld=location|bbT|2249|FFFFFF|000000</href>
  </Icon>
</Style><description><![CDATA[]]></description><visibility>1</visibility></Placemark><Placemark><name>GCAJY1P</name><Point><coordinates>-122.2985,47.5646,100 
</coordinates></Point><Style>
  <Icon>
    <href>http://chart.apis.google.com/chart?chst=d_bubble_icon_text_small&amp;chld=location|bbT|2250|FFFFFF|000000</href>
  </Icon>
</Style><description><![CDATA[]]></description><visibility>1</visibility></Placemark><Placemark><name>GCBFFEK</name><Point><coordinates>-122.3435,47.6491,100 
</coordinates></Point><Style>
  <Icon>
    <href>http://chart.apis.google.com/chart?chst=d_bubble_icon_text_small&amp;chld=location|bbT|2251|FFFFFF|000000</href>
  </Icon>
</Style><description><![CDATA[]]></description><visibility>1</visibility></Placemark><Placemark><name>GCBP2DZ</name><Point><coordinates>-122.3485,47.6497,100 
</coordinates></Point><Style>
  <Icon>
    <href>http://chart.apis.google.com/chart?chst=d_bubble_icon_text_small&amp;chld=location|bbT|2252|FFFFFF|000000</href>
  </Icon>
</Style><description><![CDATA[]]></description><visibility>1</visibility></Placemark><Placemark><name>GCBPEBC</name><Point><coordinates>-122.3493,47.6498,100 
</coordinates></Point><Style>
  <Icon>
    <href>http://chart.apis.google.com/chart?chst=d_bubble_icon_text_small&amp;chld=location|bbT|2253|FFFFFF|000000</href>
  </Icon>
</Style><description><![CDATA[]]></description><visibility>1</visibility></Placemark><Placemark><name>GCBPCQX</name><Point><coordinates>-122.349,47.6494,100 
</coordinates></Point><Style>
  <Icon>
    <href>http://chart.apis.google.com/chart?chst=d_bubble_icon_text_small&amp;chld=location|bbT|2254|FFFFFF|000000</href>
  </Icon>
</Style><description><![CDATA[]]></description><visibility>1</visibility></Placemark><Placemark><name>GCP5N5</name><Point><coordinates>-122.1204,47.7603,100 
</coordinates></Point><Style>
  <Icon>
    <href>http://chart.apis.google.com/chart?chst=d_bubble_icon_text_small&amp;chld=location|bbT|2255|FFFFFF|000000</href>
  </Icon>
</Style><description><![CDATA[]]></description><visibility>1</visibility></Placemark><Placemark><name>GCAJ86Q</name><Point><coordinates>-122.1597,47.757,100 
</coordinates></Point><Style>
  <Icon>
    <href>http://chart.apis.google.com/chart?chst=d_bubble_icon_text_small&amp;chld=location|bbT|2256|FFFFFF|000000</href>
  </Icon>
</Style><description><![CDATA[]]></description><visibility>1</visibility></Placemark><Placemark><name>GCBFT56</name><Point><coordinates>-122.2824,47.6112,100 
</coordinates></Point><Style>
  <Icon>
    <href>http://chart.apis.google.com/chart?chst=d_bubble_icon_text_small&amp;chld=location|bbT|2257|FFFFFF|000000</href>
  </Icon>
</Style><description><![CDATA[]]></description><visibility>1</visibility></Placemark><Placemark><name>GCBQAFN</name><Point><coordinates>-122.3491,47.6498,100 
</coordinates></Point><Style>
  <Icon>
    <href>http://chart.apis.google.com/chart?chst=d_bubble_icon_text_small&amp;chld=location|bbT|2258|FFFFFF|000000</href>
  </Icon>
</Style><description><![CDATA[]]></description><visibility>1</visibility></Placemark><Placemark><name>GCBQN0V</name><Point><coordinates>-122.347,47.6482,100 
</coordinates></Point><Style>
  <Icon>
    <href>http://chart.apis.google.com/chart?chst=d_bubble_icon_text_small&amp;chld=location|bbT|2259|FFFFFF|000000</href>
  </Icon>
</Style><description><![CDATA[]]></description><visibility>1</visibility></Placemark><Placemark><name>GC7YB9Q</name><Point><coordinates>-122.6685,48.5665,100 
</coordinates></Point><Style>
  <Icon>
    <href>http://chart.apis.google.com/chart?chst=d_bubble_icon_text_small&amp;chld=location|bbT|2260|FFFFFF|000000</href>
  </Icon>
</Style><description><![CDATA[]]></description><visibility>1</visibility></Placemark><Placemark><name>GCA23PC</name><Point><coordinates>-122.7742,48.5111,100 
</coordinates></Point><Style>
  <Icon>
    <href>http://chart.apis.google.com/chart?chst=d_bubble_icon_text_small&amp;chld=location|bbT|2261|FFFFFF|000000</href>
  </Icon>
</Style><description><![CDATA[]]></description><visibility>1</visibility></Placemark><Placemark><name>GCB9MPN</name><Point><coordinates>-122.8386,48.5023,100 
</coordinates></Point><Style>
  <Icon>
    <href>http://chart.apis.google.com/chart?chst=d_bubble_icon_text_small&amp;chld=location|bbT|2262|FFFFFF|000000</href>
  </Icon>
</Style><description><![CDATA[]]></description><visibility>1</visibility></Placemark><Placemark><name>GCK0BB</name><Point><coordinates>-122.8307,48.4766,100 
</coordinates></Point><Style>
  <Icon>
    <href>http://chart.apis.google.com/chart?chst=d_bubble_icon_text_small&amp;chld=location|bbT|2263|FFFFFF|000000</href>
  </Icon>
</Style><description><![CDATA[]]></description><visibility>1</visibility></Placemark><Placemark><name>GCA32</name><Point><coordinates>-122.7109,48.4767,100 
</coordinates></Point><Style>
  <Icon>
    <href>http://chart.apis.google.com/chart?chst=d_bubble_icon_text_small&amp;chld=location|bbT|2264|FFFFFF|000000</href>
  </Icon>
</Style><description><![CDATA[]]></description><visibility>1</visibility></Placemark><Placemark><name>GC8HF4Q</name><Point><coordinates>-122.7029,48.477,100 
</coordinates></Point><Style>
  <Icon>
    <href>http://chart.apis.google.com/chart?chst=d_bubble_icon_text_small&amp;chld=location|bbT|2265|FFFFFF|000000</href>
  </Icon>
</Style><description><![CDATA[]]></description><visibility>1</visibility></Placemark><Placemark><name>GC8V3FD</name><Point><coordinates>-122.6896,48.4805,100 
</coordinates></Point><Style>
  <Icon>
    <href>http://chart.apis.google.com/chart?chst=d_bubble_icon_text_small&amp;chld=location|bbT|2266|FFFFFF|000000</href>
  </Icon>
</Style><description><![CDATA[]]></description><visibility>1</visibility></Placemark><Placemark><name>GC3B787</name><Point><coordinates>-122.6135,48.5194,100 
</coordinates></Point><Style>
  <Icon>
    <href>http://chart.apis.google.com/chart?chst=d_bubble_icon_text_small&amp;chld=location|bbT|2267|FFFFFF|000000</href>
  </Icon>
</Style><description><![CDATA[]]></description><visibility>1</visibility></Placemark><Placemark><name>GCB7XTB</name><Point><coordinates>-122.7162,48.1967,100 
</coordinates></Point><Style>
  <Icon>
    <href>http://chart.apis.google.com/chart?chst=d_bubble_icon_text_small&amp;chld=location|bbT|2268|FFFFFF|000000</href>
  </Icon>
</Style><description><![CDATA[]]></description><visibility>1</visibility></Placemark><Placemark><name>GC13DA</name><Point><coordinates>-122.7074,48.192,100 
</coordinates></Point><Style>
  <Icon>
    <href>http://chart.apis.google.com/chart?chst=d_bubble_icon_text_small&amp;chld=location|bbT|2269|FFFFFF|000000</href>
  </Icon>
</Style><description><![CDATA[]]></description><visibility>1</visibility></Placemark><Placemark><name>GC9K5DB</name><Point><coordinates>-122.5411,47.9929,100 
</coordinates></Point><Style>
  <Icon>
    <href>http://chart.apis.google.com/chart?chst=d_bubble_icon_text_small&amp;chld=location|bbT|2270|FFFFFF|000000</href>
  </Icon>
</Style><description><![CDATA[]]></description><visibility>1</visibility></Placemark><Placemark><name>GC3VBNR</name><Point><coordinates>-122.4039,48.0383,100 
</coordinates></Point><Style>
  <Icon>
    <href>http://chart.apis.google.com/chart?chst=d_bubble_icon_text_small&amp;chld=location|bbT|2271|FFFFFF|000000</href>
  </Icon>
</Style><description><![CDATA[]]></description><visibility>1</visibility></Placemark><Placemark><name>GCBR03R</name><Point><coordinates>-122.3231,47.6242,100 
</coordinates></Point><Style>
  <Icon>
    <href>http://chart.apis.google.com/chart?chst=d_bubble_icon_text_small&amp;chld=location|bbT|2272|FFFFFF|000000</href>
  </Icon>
</Style><description><![CDATA[]]></description><visibility>1</visibility></Placemark><Placemark><name>GCBG3N0</name><Point><coordinates>-122.3229,47.6246,100 
</coordinates></Point><Style>
  <Icon>
    <href>http://chart.apis.google.com/chart?chst=d_bubble_icon_text_small&amp;chld=location|bbT|2273|FFFFFF|000000</href>
  </Icon>
</Style><description><![CDATA[]]></description><visibility>1</visibility></Placemark><Placemark><name>GCB390A</name><Point><coordinates>-0.1695,51.467,100 
</coordinates></Point><Style>
  <Icon>
    <href>http://chart.apis.google.com/chart?chst=d_bubble_icon_text_small&amp;chld=location|bbT|2274|FFFFFF|000000</href>
  </Icon>
</Style><description><![CDATA[]]></description><visibility>1</visibility></Placemark><Placemark><name>GCB391X</name><Point><coordinates>-0.1656,51.4695,100 
</coordinates></Point><Style>
  <Icon>
    <href>http://chart.apis.google.com/chart?chst=d_bubble_icon_text_small&amp;chld=location|bbT|2275|FFFFFF|000000</href>
  </Icon>
</Style><description><![CDATA[]]></description><visibility>1</visibility></Placemark><Placemark><name>GC2X5GP</name><Point><coordinates>-0.1516,51.4833,100 
</coordinates></Point><Style>
  <Icon>
    <href>http://chart.apis.google.com/chart?chst=d_bubble_icon_text_small&amp;chld=location|bbT|2276|FFFFFF|000000</href>
  </Icon>
</Style><description><![CDATA[]]></description><visibility>1</visibility></Placemark><Placemark><name>GC8D84H</name><Point><coordinates>-0.1801,51.5017,100 
</coordinates></Point><Style>
  <Icon>
    <href>http://chart.apis.google.com/chart?chst=d_bubble_icon_text_small&amp;chld=location|bbT|2277|FFFFFF|000000</href>
  </Icon>
</Style><description><![CDATA[]]></description><visibility>1</visibility></Placemark><Placemark><name>GC7B7HM</name><Point><coordinates>-0.1771,51.5024,100 
</coordinates></Point><Style>
  <Icon>
    <href>http://chart.apis.google.com/chart?chst=d_bubble_icon_text_small&amp;chld=location|bbT|2278|FFFFFF|000000</href>
  </Icon>
</Style><description><![CDATA[]]></description><visibility>1</visibility></Placemark><Placemark><name>GCVQ2J</name><Point><coordinates>-0.199,51.4993,100 
</coordinates></Point><Style>
  <Icon>
    <href>http://chart.apis.google.com/chart?chst=d_bubble_icon_text_small&amp;chld=location|bbT|2279|FFFFFF|000000</href>
  </Icon>
</Style><description><![CDATA[]]></description><visibility>1</visibility></Placemark><Placemark><name>GC7B73B</name><Point><coordinates>-0.125,51.5084,100 
</coordinates></Point><Style>
  <Icon>
    <href>http://chart.apis.google.com/chart?chst=d_bubble_icon_text_small&amp;chld=location|bbT|2280|FFFFFF|000000</href>
  </Icon>
</Style><description><![CDATA[]]></description><visibility>1</visibility></Placemark><Placemark><name>GC9P505</name><Point><coordinates>-0.1296,51.5109,100 
</coordinates></Point><Style>
  <Icon>
    <href>http://chart.apis.google.com/chart?chst=d_bubble_icon_text_small&amp;chld=location|bbT|2281|FFFFFF|000000</href>
  </Icon>
</Style><description><![CDATA[]]></description><visibility>1</visibility></Placemark><Placemark><name>GC5KE43</name><Point><coordinates>-0.1283,51.5254,100 
</coordinates></Point><Style>
  <Icon>
    <href>http://chart.apis.google.com/chart?chst=d_bubble_icon_text_small&amp;chld=location|bbT|2282|FFFFFF|000000</href>
  </Icon>
</Style><description><![CDATA[]]></description><visibility>1</visibility></Placemark><Placemark><name>GCK7HH</name><Point><coordinates>0.0028,51.4782,100 
</coordinates></Point><Style>
  <Icon>
    <href>http://chart.apis.google.com/chart?chst=d_bubble_icon_text_small&amp;chld=location|bbT|2283|FFFFFF|000000</href>
  </Icon>
</Style><description><![CDATA[]]></description><visibility>1</visibility></Placemark><Placemark><name>GC3B8A</name><Point><coordinates>-0.0099,51.4833,100 
</coordinates></Point><Style>
  <Icon>
    <href>http://chart.apis.google.com/chart?chst=d_bubble_icon_text_small&amp;chld=location|bbT|2284|FFFFFF|000000</href>
  </Icon>
</Style><description><![CDATA[]]></description><visibility>1</visibility></Placemark><Placemark><name>GCJ3V8</name><Point><coordinates>-0.0092,51.4866,100 
</coordinates></Point><Style>
  <Icon>
    <href>http://chart.apis.google.com/chart?chst=d_bubble_icon_text_small&amp;chld=location|bbT|2285|FFFFFF|000000</href>
  </Icon>
</Style><description><![CDATA[]]></description><visibility>1</visibility></Placemark><Placemark><name>GC5CKP3</name><Point><coordinates>-0.0069,51.4876,100 
</coordinates></Point><Style>
  <Icon>
    <href>http://chart.apis.google.com/chart?chst=d_bubble_icon_text_small&amp;chld=location|bbT|2286|FFFFFF|000000</href>
  </Icon>
</Style><description><![CDATA[]]></description><visibility>1</visibility></Placemark><Placemark><name>GCJ84J</name><Point><coordinates>-1.8938,52.4789,100 
</coordinates></Point><Style>
  <Icon>
    <href>http://chart.apis.google.com/chart?chst=d_bubble_icon_text_small&amp;chld=location|bbT|2287|FFFFFF|000000</href>
  </Icon>
</Style><description><![CDATA[]]></description><visibility>1</visibility></Placemark><Placemark><name>GC4GP61</name><Point><coordinates>-2.9206,53.3849,100 
</coordinates></Point><Style>
  <Icon>
    <href>http://chart.apis.google.com/chart?chst=d_bubble_icon_text_small&amp;chld=location|bbT|2288|FFFFFF|000000</href>
  </Icon>
</Style><description><![CDATA[]]></description><visibility>1</visibility></Placemark><Placemark><name>GCBJ50X</name><Point><coordinates>-2.9859,53.4069,100 
</coordinates></Point><Style>
  <Icon>
    <href>http://chart.apis.google.com/chart?chst=d_bubble_icon_text_small&amp;chld=location|bbT|2289|FFFFFF|000000</href>
  </Icon>
</Style><description><![CDATA[]]></description><visibility>1</visibility></Placemark><Placemark><name>GC9747V</name><Point><coordinates>-2.9933,53.4014,100 
</coordinates></Point><Style>
  <Icon>
    <href>http://chart.apis.google.com/chart?chst=d_bubble_icon_text_small&amp;chld=location|bbT|2290|FFFFFF|000000</href>
  </Icon>
</Style><description><![CDATA[]]></description><visibility>1</visibility></Placemark><Placemark><name>GC8G46C</name><Point><coordinates>-2.9953,53.4037,100 
</coordinates></Point><Style>
  <Icon>
    <href>http://chart.apis.google.com/chart?chst=d_bubble_icon_text_small&amp;chld=location|bbT|2291|FFFFFF|000000</href>
  </Icon>
</Style><description><![CDATA[]]></description><visibility>1</visibility></Placemark><Placemark><name>GC8RM5D</name><Point><coordinates>-2.9897,53.3994,100 
</coordinates></Point><Style>
  <Icon>
    <href>http://chart.apis.google.com/chart?chst=d_bubble_icon_text_small&amp;chld=location|bbT|2292|FFFFFF|000000</href>
  </Icon>
</Style><description><![CDATA[]]></description><visibility>1</visibility></Placemark><Placemark><name>GC8FV4A</name><Point><coordinates>-2.9903,53.3938,100 
</coordinates></Point><Style>
  <Icon>
    <href>http://chart.apis.google.com/chart?chst=d_bubble_icon_text_small&amp;chld=location|bbT|2293|FFFFFF|000000</href>
  </Icon>
</Style><description><![CDATA[]]></description><visibility>1</visibility></Placemark><Placemark><name>GC8FV48</name><Point><coordinates>-2.9873,53.3954,100 
</coordinates></Point><Style>
  <Icon>
    <href>http://chart.apis.google.com/chart?chst=d_bubble_icon_text_small&amp;chld=location|bbT|2294|FFFFFF|000000</href>
  </Icon>
</Style><description><![CDATA[]]></description><visibility>1</visibility></Placemark><Placemark><name>GC8EQE8</name><Point><coordinates>-2.9925,53.398,100 
</coordinates></Point><Style>
  <Icon>
    <href>http://chart.apis.google.com/chart?chst=d_bubble_icon_text_small&amp;chld=location|bbT|2295|FFFFFF|000000</href>
  </Icon>
</Style><description><![CDATA[]]></description><visibility>1</visibility></Placemark><Placemark><name>GCB94RF</name><Point><coordinates>-2.9931,53.3994,100 
</coordinates></Point><Style>
  <Icon>
    <href>http://chart.apis.google.com/chart?chst=d_bubble_icon_text_small&amp;chld=location|bbT|2296|FFFFFF|000000</href>
  </Icon>
</Style><description><![CDATA[]]></description><visibility>1</visibility></Placemark><Placemark><name>GC8M252</name><Point><coordinates>-2.9959,53.4058,100 
</coordinates></Point><Style>
  <Icon>
    <href>http://chart.apis.google.com/chart?chst=d_bubble_icon_text_small&amp;chld=location|bbT|2297|FFFFFF|000000</href>
  </Icon>
</Style><description><![CDATA[]]></description><visibility>1</visibility></Placemark><Placemark><name>GC2E4D</name><Point><coordinates>-2.9955,53.4025,100 
</coordinates></Point><Style>
  <Icon>
    <href>http://chart.apis.google.com/chart?chst=d_bubble_icon_text_small&amp;chld=location|bbT|2298|FFFFFF|000000</href>
  </Icon>
</Style><description><![CDATA[]]></description><visibility>1</visibility></Placemark><Placemark><name>GCBJCDW</name><Point><coordinates>-3.0011,53.4098,100 
</coordinates></Point><Style>
  <Icon>
    <href>http://chart.apis.google.com/chart?chst=d_bubble_icon_text_small&amp;chld=location|bbT|2299|FFFFFF|000000</href>
  </Icon>
</Style><description><![CDATA[]]></description><visibility>1</visibility></Placemark><Placemark><name>GC8JD0G</name><Point><coordinates>-3.0004,53.4119,100 
</coordinates></Point><Style>
  <Icon>
    <href>http://chart.apis.google.com/chart?chst=d_bubble_icon_text_small&amp;chld=location|bbT|2300|FFFFFF|000000</href>
  </Icon>
</Style><description><![CDATA[]]></description><visibility>1</visibility></Placemark><Placemark><name>GC5A4C</name><Point><coordinates>-4.4727,54.1444,100 
</coordinates></Point><Style>
  <Icon>
    <href>http://chart.apis.google.com/chart?chst=d_bubble_icon_text_small&amp;chld=location|bbT|2301|FFFFFF|000000</href>
  </Icon>
</Style><description><![CDATA[]]></description><visibility>1</visibility></Placemark><Placemark><name>GC42C67</name><Point><coordinates>-4.4628,54.1672,100 
</coordinates></Point><Style>
  <Icon>
    <href>http://chart.apis.google.com/chart?chst=d_bubble_icon_text_small&amp;chld=location|bbT|2302|FFFFFF|000000</href>
  </Icon>
</Style><description><![CDATA[]]></description><visibility>1</visibility></Placemark><Placemark><name>GCK4J3</name><Point><coordinates>-4.4608,54.2647,100 
</coordinates></Point><Style>
  <Icon>
    <href>http://chart.apis.google.com/chart?chst=d_bubble_icon_text_small&amp;chld=location|bbT|2303|FFFFFF|000000</href>
  </Icon>
</Style><description><![CDATA[]]></description><visibility>1</visibility></Placemark><Placemark><name>GC5XX37</name><Point><coordinates>-4.4627,54.2625,100 
</coordinates></Point><Style>
  <Icon>
    <href>http://chart.apis.google.com/chart?chst=d_bubble_icon_text_small&amp;chld=location|bbT|2304|FFFFFF|000000</href>
  </Icon>
</Style><description><![CDATA[]]></description><visibility>1</visibility></Placemark><Placemark><name>GC890R1</name><Point><coordinates>-4.477,54.1508,100 
</coordinates></Point><Style>
  <Icon>
    <href>http://chart.apis.google.com/chart?chst=d_bubble_icon_text_small&amp;chld=location|bbT|2305|FFFFFF|000000</href>
  </Icon>
</Style><description><![CDATA[]]></description><visibility>1</visibility></Placemark><Placemark><name>GCH5ZN</name><Point><coordinates>-4.4797,54.1484,100 
</coordinates></Point><Style>
  <Icon>
    <href>http://chart.apis.google.com/chart?chst=d_bubble_icon_text_small&amp;chld=location|bbT|2306|FFFFFF|000000</href>
  </Icon>
</Style><description><![CDATA[]]></description><visibility>1</visibility></Placemark><Placemark><name>GC6ZJV8</name><Point><coordinates>-4.4779,54.1531,100 
</coordinates></Point><Style>
  <Icon>
    <href>http://chart.apis.google.com/chart?chst=d_bubble_icon_text_small&amp;chld=location|bbT|2307|FFFFFF|000000</href>
  </Icon>
</Style><description><![CDATA[]]></description><visibility>1</visibility></Placemark><Placemark><name>GC8917J</name><Point><coordinates>-4.635,54.0871,100 
</coordinates></Point><Style>
  <Icon>
    <href>http://chart.apis.google.com/chart?chst=d_bubble_icon_text_small&amp;chld=location|bbT|2308|FFFFFF|000000</href>
  </Icon>
</Style><description><![CDATA[]]></description><visibility>1</visibility></Placemark><Placemark><name>GC44C5</name><Point><coordinates>-6.3327,53.3535,100 
</coordinates></Point><Style>
  <Icon>
    <href>http://chart.apis.google.com/chart?chst=d_bubble_icon_text_small&amp;chld=location|bbT|2309|FFFFFF|000000</href>
  </Icon>
</Style><description><![CDATA[]]></description><visibility>1</visibility></Placemark><Placemark><name>GC41FKV</name><Point><coordinates>-6.3181,53.3528,100 
</coordinates></Point><Style>
  <Icon>
    <href>http://chart.apis.google.com/chart?chst=d_bubble_icon_text_small&amp;chld=location|bbT|2310|FFFFFF|000000</href>
  </Icon>
</Style><description><![CDATA[]]></description><visibility>1</visibility></Placemark><Placemark><name>GC3P2V8</name><Point><coordinates>-6.3387,53.3474,100 
</coordinates></Point><Style>
  <Icon>
    <href>http://chart.apis.google.com/chart?chst=d_bubble_icon_text_small&amp;chld=location|bbT|2311|FFFFFF|000000</href>
  </Icon>
</Style><description><![CDATA[]]></description><visibility>1</visibility></Placemark><Placemark><name>GC7B6DR</name><Point><coordinates>-6.257,53.3445,100 
</coordinates></Point><Style>
  <Icon>
    <href>http://chart.apis.google.com/chart?chst=d_bubble_icon_text_small&amp;chld=location|bbT|2312|FFFFFF|000000</href>
  </Icon>
</Style><description><![CDATA[]]></description><visibility>1</visibility></Placemark><Placemark><name>GC891AR</name><Point><coordinates>-6.2606,53.344,100 
</coordinates></Point><Style>
  <Icon>
    <href>http://chart.apis.google.com/chart?chst=d_bubble_icon_text_small&amp;chld=location|bbT|2313|FFFFFF|000000</href>
  </Icon>
</Style><description><![CDATA[]]></description><visibility>1</visibility></Placemark><Placemark><name>GC9P80H</name><Point><coordinates>-6.2645,53.3459,100 
</coordinates></Point><Style>
  <Icon>
    <href>http://chart.apis.google.com/chart?chst=d_bubble_icon_text_small&amp;chld=location|bbT|2314|FFFFFF|000000</href>
  </Icon>
</Style><description><![CDATA[]]></description><visibility>1</visibility></Placemark><Placemark><name>GCAJKC3</name><Point><coordinates>-6.2668,53.3431,100 
</coordinates></Point><Style>
  <Icon>
    <href>http://chart.apis.google.com/chart?chst=d_bubble_icon_text_small&amp;chld=location|bbT|2315|FFFFFF|000000</href>
  </Icon>
</Style><description><![CDATA[]]></description><visibility>1</visibility></Placemark><Placemark><name>GCAJGGR</name><Point><coordinates>-6.2676,53.3452,100 
</coordinates></Point><Style>
  <Icon>
    <href>http://chart.apis.google.com/chart?chst=d_bubble_icon_text_small&amp;chld=location|bbT|2316|FFFFFF|000000</href>
  </Icon>
</Style><description><![CDATA[]]></description><visibility>1</visibility></Placemark><Placemark><name>GC6DB6Y</name><Point><coordinates>-6.0883,53.1951,100 
</coordinates></Point><Style>
  <Icon>
    <href>http://chart.apis.google.com/chart?chst=d_bubble_icon_text_small&amp;chld=location|bbT|2317|FFFFFF|000000</href>
  </Icon>
</Style><description><![CDATA[]]></description><visibility>1</visibility></Placemark><Placemark><name>GC43</name><Point><coordinates>-6.084,53.1922,100 
</coordinates></Point><Style>
  <Icon>
    <href>http://chart.apis.google.com/chart?chst=d_bubble_icon_text_small&amp;chld=location|bbT|2318|FFFFFF|000000</href>
  </Icon>
</Style><description><![CDATA[]]></description><visibility>1</visibility></Placemark><Placemark><name>GC9NT21</name><Point><coordinates>-8.2768,52.1453,100 
</coordinates></Point><Style>
  <Icon>
    <href>http://chart.apis.google.com/chart?chst=d_bubble_icon_text_small&amp;chld=location|bbT|2319|FFFFFF|000000</href>
  </Icon>
</Style><description><![CDATA[]]></description><visibility>1</visibility></Placemark><Placemark><name>GC8927D</name><Point><coordinates>-8.4733,51.8985,100 
</coordinates></Point><Style>
  <Icon>
    <href>http://chart.apis.google.com/chart?chst=d_bubble_icon_text_small&amp;chld=location|bbT|2320|FFFFFF|000000</href>
  </Icon>
</Style><description><![CDATA[]]></description><visibility>1</visibility></Placemark><Placemark><name>GCAJHTA</name><Point><coordinates>-8.4703,51.9054,100 
</coordinates></Point><Style>
  <Icon>
    <href>http://chart.apis.google.com/chart?chst=d_bubble_icon_text_small&amp;chld=location|bbT|2321|FFFFFF|000000</href>
  </Icon>
</Style><description><![CDATA[]]></description><visibility>1</visibility></Placemark><Placemark><name>GCA82FB</name><Point><coordinates>-8.5283,51.9328,100 
</coordinates></Point><Style>
  <Icon>
    <href>http://chart.apis.google.com/chart?chst=d_bubble_icon_text_small&amp;chld=location|bbT|2322|FFFFFF|000000</href>
  </Icon>
</Style><description><![CDATA[]]></description><visibility>1</visibility></Placemark><Placemark><name>GCAVE3Z</name><Point><coordinates>-8.4737,51.9017,100 
</coordinates></Point><Style>
  <Icon>
    <href>http://chart.apis.google.com/chart?chst=d_bubble_icon_text_small&amp;chld=location|bbT|2323|FFFFFF|000000</href>
  </Icon>
</Style><description><![CDATA[]]></description><visibility>1</visibility></Placemark><Placemark><name>GCBPY4W</name><Point><coordinates>-8.4875,51.8992,100 
</coordinates></Point><Style>
  <Icon>
    <href>http://chart.apis.google.com/chart?chst=d_bubble_icon_text_small&amp;chld=location|bbT|2324|FFFFFF|000000</href>
  </Icon>
</Style><description><![CDATA[]]></description><visibility>1</visibility></Placemark><Placemark><name>GCAV9RG</name><Point><coordinates>-8.4747,51.8961,100 
</coordinates></Point><Style>
  <Icon>
    <href>http://chart.apis.google.com/chart?chst=d_bubble_icon_text_small&amp;chld=location|bbT|2325|FFFFFF|000000</href>
  </Icon>
</Style><description><![CDATA[]]></description><visibility>1</visibility></Placemark><Placemark><name>GC95JYQ</name><Point><coordinates>-8.4736,51.9003,100 
</coordinates></Point><Style>
  <Icon>
    <href>http://chart.apis.google.com/chart?chst=d_bubble_icon_text_small&amp;chld=location|bbT|2326|FFFFFF|000000</href>
  </Icon>
</Style><description><![CDATA[]]></description><visibility>1</visibility></Placemark><Placemark><name>GC8A11</name><Point><coordinates>-9.9507,53.7998,100 
</coordinates></Point><Style>
  <Icon>
    <href>http://chart.apis.google.com/chart?chst=d_bubble_icon_text_small&amp;chld=location|bbT|2327|FFFFFF|000000</href>
  </Icon>
</Style><description><![CDATA[]]></description><visibility>1</visibility></Placemark><Placemark><name>GC16CKN</name><Point><coordinates>-9.9494,53.8001,100 
</coordinates></Point><Style>
  <Icon>
    <href>http://chart.apis.google.com/chart?chst=d_bubble_icon_text_small&amp;chld=location|bbT|2328|FFFFFF|000000</href>
  </Icon>
</Style><description><![CDATA[]]></description><visibility>1</visibility></Placemark><Placemark><name>GC89F7</name><Point><coordinates>-10.0466,53.8005,100 
</coordinates></Point><Style>
  <Icon>
    <href>http://chart.apis.google.com/chart?chst=d_bubble_icon_text_small&amp;chld=location|bbT|2329|FFFFFF|000000</href>
  </Icon>
</Style><description><![CDATA[]]></description><visibility>1</visibility></Placemark><Placemark><name>GC891RP</name><Point><coordinates>-8.4737,54.2727,100 
</coordinates></Point><Style>
  <Icon>
    <href>http://chart.apis.google.com/chart?chst=d_bubble_icon_text_small&amp;chld=location|bbT|2330|FFFFFF|000000</href>
  </Icon>
</Style><description><![CDATA[]]></description><visibility>1</visibility></Placemark><Placemark><name>GC26FFM</name><Point><coordinates>-8.2941,55.1353,100 
</coordinates></Point><Style>
  <Icon>
    <href>http://chart.apis.google.com/chart?chst=d_bubble_icon_text_small&amp;chld=location|bbT|2331|FFFFFF|000000</href>
  </Icon>
</Style><description><![CDATA[]]></description><visibility>1</visibility></Placemark><Placemark><name>GC796QF</name><Point><coordinates>-7.7342,54.9522,100 
</coordinates></Point><Style>
  <Icon>
    <href>http://chart.apis.google.com/chart?chst=d_bubble_icon_text_small&amp;chld=location|bbT|2332|FFFFFF|000000</href>
  </Icon>
</Style><description><![CDATA[]]></description><visibility>1</visibility></Placemark><Placemark><name>GCQ8A7</name><Point><coordinates>-7.6043,54.8503,100 
</coordinates></Point><Style>
  <Icon>
    <href>http://chart.apis.google.com/chart?chst=d_bubble_icon_text_small&amp;chld=location|bbT|2333|FFFFFF|000000</href>
  </Icon>
</Style><description><![CDATA[]]></description><visibility>1</visibility></Placemark><Placemark><name>GCAJK7R</name><Point><coordinates>-7.3193,54.9948,100 
</coordinates></Point><Style>
  <Icon>
    <href>http://chart.apis.google.com/chart?chst=d_bubble_icon_text_small&amp;chld=location|bbT|2334|FFFFFF|000000</href>
  </Icon>
</Style><description><![CDATA[]]></description><visibility>1</visibility></Placemark><Placemark><name>GC62TBV</name><Point><coordinates>-7.3201,54.9974,100 
</coordinates></Point><Style>
  <Icon>
    <href>http://chart.apis.google.com/chart?chst=d_bubble_icon_text_small&amp;chld=location|bbT|2335|FFFFFF|000000</href>
  </Icon>
</Style><description><![CDATA[]]></description><visibility>1</visibility></Placemark><Placemark><name>GC75TW0</name><Point><coordinates>-7.3132,54.9988,100 
</coordinates></Point><Style>
  <Icon>
    <href>http://chart.apis.google.com/chart?chst=d_bubble_icon_text_small&amp;chld=location|bbT|2336|FFFFFF|000000</href>
  </Icon>
</Style><description><![CDATA[]]></description><visibility>1</visibility></Placemark><Placemark><name>GCB0HTA</name><Point><coordinates>-7.3098,55.0031,100 
</coordinates></Point><Style>
  <Icon>
    <href>http://chart.apis.google.com/chart?chst=d_bubble_icon_text_small&amp;chld=location|bbT|2337|FFFFFF|000000</href>
  </Icon>
</Style><description><![CDATA[]]></description><visibility>1</visibility></Placemark><Placemark><name>GC891AY</name><Point><coordinates>-6.2457,53.4294,100 
</coordinates></Point><Style>
  <Icon>
    <href>http://chart.apis.google.com/chart?chst=d_bubble_icon_text_small&amp;chld=location|bbT|2338|FFFFFF|000000</href>
  </Icon>
</Style><description><![CDATA[]]></description><visibility>1</visibility></Placemark><Placemark><name>GC83P6Y</name><Point><coordinates>-93.2362,44.8553,100 
</coordinates></Point><Style>
  <Icon>
    <href>http://chart.apis.google.com/chart?chst=d_bubble_icon_text_small&amp;chld=location|bbT|2339|FFFFFF|000000</href>
  </Icon>
</Style><description><![CDATA[]]></description><visibility>1</visibility></Placemark><Placemark><name>GC5165</name><Point><coordinates>-87.9069,41.9781,100 
</coordinates></Point><Style>
  <Icon>
    <href>http://chart.apis.google.com/chart?chst=d_bubble_icon_text_small&amp;chld=location|bbT|2340|FFFFFF|000000</href>
  </Icon>
</Style><description><![CDATA[]]></description><visibility>1</visibility></Placemark><Placemark><name>GC93MTN</name><Point><coordinates>-122.3902,47.5205,100 
</coordinates></Point><Style>
  <Icon>
    <href>http://chart.apis.google.com/chart?chst=d_bubble_icon_text_small&amp;chld=location|bbT|2341|FFFFFF|000000</href>
  </Icon>
</Style><description><![CDATA[]]></description><visibility>1</visibility></Placemark><Placemark><name>GCBNWAN</name><Point><coordinates>-122.1105,47.7366,100 
</coordinates></Point><Style>
  <Icon>
    <href>http://chart.apis.google.com/chart?chst=d_bubble_icon_text_small&amp;chld=location|bbT|2342|FFFFFF|000000</href>
  </Icon>
</Style><description><![CDATA[]]></description><visibility>1</visibility></Placemark><Placemark><name>GC4ZBBZ</name><Point><coordinates>-122.1047,47.7367,100 
</coordinates></Point><Style>
  <Icon>
    <href>http://chart.apis.google.com/chart?chst=d_bubble_icon_text_small&amp;chld=location|bbT|2343|FFFFFF|000000</href>
  </Icon>
</Style><description><![CDATA[]]></description><visibility>1</visibility></Placemark><Placemark><name>GC10NCZ</name><Point><coordinates>-122.1086,47.7368,100 
</coordinates></Point><Style>
  <Icon>
    <href>http://chart.apis.google.com/chart?chst=d_bubble_icon_text_small&amp;chld=location|bbT|2344|FFFFFF|000000</href>
  </Icon>
</Style><description><![CDATA[]]></description><visibility>1</visibility></Placemark><Placemark><name>GCBP8ZF</name><Point><coordinates>-122.1127,47.7362,100 
</coordinates></Point><Style>
  <Icon>
    <href>http://chart.apis.google.com/chart?chst=d_bubble_icon_text_small&amp;chld=location|bbT|2345|FFFFFF|000000</href>
  </Icon>
</Style><description><![CDATA[]]></description><visibility>1</visibility></Placemark><Placemark><name>GCBN51Y</name><Point><coordinates>-122.4144,47.6815,100 
</coordinates></Point><Style>
  <Icon>
    <href>http://chart.apis.google.com/chart?chst=d_bubble_icon_text_small&amp;chld=location|bbT|2346|FFFFFF|000000</href>
  </Icon>
</Style><description><![CDATA[]]></description><visibility>1</visibility></Placemark><Placemark><name>GCBDZTN</name><Point><coordinates>-122.4028,47.6799,100 
</coordinates></Point><Style>
  <Icon>
    <href>http://chart.apis.google.com/chart?chst=d_bubble_icon_text_small&amp;chld=location|bbT|2347|FFFFFF|000000</href>
  </Icon>
</Style><description><![CDATA[]]></description><visibility>1</visibility></Placemark><Placemark><name>GCBN4TC</name><Point><coordinates>-122.4129,47.6811,100 
</coordinates></Point><Style>
  <Icon>
    <href>http://chart.apis.google.com/chart?chst=d_bubble_icon_text_small&amp;chld=location|bbT|2348|FFFFFF|000000</href>
  </Icon>
</Style><description><![CDATA[]]></description><visibility>1</visibility></Placemark><Placemark><name>GCBN4P5</name><Point><coordinates>-122.4183,47.6809,100 
</coordinates></Point><Style>
  <Icon>
    <href>http://chart.apis.google.com/chart?chst=d_bubble_icon_text_small&amp;chld=location|bbT|2349|FFFFFF|000000</href>
  </Icon>
</Style><description><![CDATA[]]></description><visibility>1</visibility></Placemark><Placemark><name>GCBF9XQ</name><Point><coordinates>-122.401,47.675,100 
</coordinates></Point><Style>
  <Icon>
    <href>http://chart.apis.google.com/chart?chst=d_bubble_icon_text_small&amp;chld=location|bbT|2350|FFFFFF|000000</href>
  </Icon>
</Style><description><![CDATA[]]></description><visibility>1</visibility></Placemark><Placemark><name>GCBN4KP</name><Point><coordinates>-122.4171,47.6803,100 
</coordinates></Point><Style>
  <Icon>
    <href>http://chart.apis.google.com/chart?chst=d_bubble_icon_text_small&amp;chld=location|bbT|2351|FFFFFF|000000</href>
  </Icon>
</Style><description><![CDATA[]]></description><visibility>1</visibility></Placemark><Placemark><name>GCBN4MR</name><Point><coordinates>-122.4181,47.6799,100 
</coordinates></Point><Style>
  <Icon>
    <href>http://chart.apis.google.com/chart?chst=d_bubble_icon_text_small&amp;chld=location|bbT|2352|FFFFFF|000000</href>
  </Icon>
</Style><description><![CDATA[]]></description><visibility>1</visibility></Placemark><Placemark><name>GCBN591</name><Point><coordinates>-122.4146,47.6836,100 
</coordinates></Point><Style>
  <Icon>
    <href>http://chart.apis.google.com/chart?chst=d_bubble_icon_text_small&amp;chld=location|bbT|2353|FFFFFF|000000</href>
  </Icon>
</Style><description><![CDATA[]]></description><visibility>1</visibility></Placemark><Placemark><name>GCBN54J</name><Point><coordinates>-122.4147,47.6828,100 
</coordinates></Point><Style>
  <Icon>
    <href>http://chart.apis.google.com/chart?chst=d_bubble_icon_text_small&amp;chld=location|bbT|2354|FFFFFF|000000</href>
  </Icon>
</Style><description><![CDATA[]]></description><visibility>1</visibility></Placemark><Placemark><name>GCBN538</name><Point><coordinates>-122.4104,47.6823,100 
</coordinates></Point><Style>
  <Icon>
    <href>http://chart.apis.google.com/chart?chst=d_bubble_icon_text_small&amp;chld=location|bbT|2355|FFFFFF|000000</href>
  </Icon>
</Style><description><![CDATA[]]></description><visibility>1</visibility></Placemark><Placemark><name>GCBFMDV</name><Point><coordinates>-122.4131,47.6809,100 
</coordinates></Point><Style>
  <Icon>
    <href>http://chart.apis.google.com/chart?chst=d_bubble_icon_text_small&amp;chld=location|bbT|2356|FFFFFF|000000</href>
  </Icon>
</Style><description><![CDATA[]]></description><visibility>1</visibility></Placemark><Placemark><name>GCBN4VP</name><Point><coordinates>-122.4142,47.6812,100 
</coordinates></Point><Style>
  <Icon>
    <href>http://chart.apis.google.com/chart?chst=d_bubble_icon_text_small&amp;chld=location|bbT|2357|FFFFFF|000000</href>
  </Icon>
</Style><description><![CDATA[]]></description><visibility>1</visibility></Placemark><Placemark><name>GCBN59P</name><Point><coordinates>-122.4156,47.6823,100 
</coordinates></Point><Style>
  <Icon>
    <href>http://chart.apis.google.com/chart?chst=d_bubble_icon_text_small&amp;chld=location|bbT|2358|FFFFFF|000000</href>
  </Icon>
</Style><description><![CDATA[]]></description><visibility>1</visibility></Placemark><Placemark><name>GCBN5AN</name><Point><coordinates>-122.4163,47.6821,100 
</coordinates></Point><Style>
  <Icon>
    <href>http://chart.apis.google.com/chart?chst=d_bubble_icon_text_small&amp;chld=location|bbT|2359|FFFFFF|000000</href>
  </Icon>
</Style><description><![CDATA[]]></description><visibility>1</visibility></Placemark><Placemark><name>GCBN5CY</name><Point><coordinates>-122.4154,47.684,100 
</coordinates></Point><Style>
  <Icon>
    <href>http://chart.apis.google.com/chart?chst=d_bubble_icon_text_small&amp;chld=location|bbT|2360|FFFFFF|000000</href>
  </Icon>
</Style><description><![CDATA[]]></description><visibility>1</visibility></Placemark><Placemark><name>GCBN4GM</name><Point><coordinates>-122.4134,47.6801,100 
</coordinates></Point><Style>
  <Icon>
    <href>http://chart.apis.google.com/chart?chst=d_bubble_icon_text_small&amp;chld=location|bbT|2361|FFFFFF|000000</href>
  </Icon>
</Style><description><![CDATA[]]></description><visibility>1</visibility></Placemark><Placemark><name>GCBN5DB</name><Point><coordinates>-122.4146,47.6847,100 
</coordinates></Point><Style>
  <Icon>
    <href>http://chart.apis.google.com/chart?chst=d_bubble_icon_text_small&amp;chld=location|bbT|2362|FFFFFF|000000</href>
  </Icon>
</Style><description><![CDATA[]]></description><visibility>1</visibility></Placemark><Placemark><name>GCBN5BK</name><Point><coordinates>-122.4168,47.683,100 
</coordinates></Point><Style>
  <Icon>
    <href>http://chart.apis.google.com/chart?chst=d_bubble_icon_text_small&amp;chld=location|bbT|2363|FFFFFF|000000</href>
  </Icon>
</Style><description><![CDATA[]]></description><visibility>1</visibility></Placemark><Placemark><name>GCBN5C9</name><Point><coordinates>-122.4125,47.6837,100 
</coordinates></Point><Style>
  <Icon>
    <href>http://chart.apis.google.com/chart?chst=d_bubble_icon_text_small&amp;chld=location|bbT|2364|FFFFFF|000000</href>
  </Icon>
</Style><description><![CDATA[]]></description><visibility>1</visibility></Placemark><Placemark><name>GCBN5AW</name><Point><coordinates>-122.4174,47.6824,100 
</coordinates></Point><Style>
  <Icon>
    <href>http://chart.apis.google.com/chart?chst=d_bubble_icon_text_small&amp;chld=location|bbT|2365|FFFFFF|000000</href>
  </Icon>
</Style><description><![CDATA[]]></description><visibility>1</visibility></Placemark><Placemark><name>GCBN4QN</name><Point><coordinates>-122.4137,47.6808,100 
</coordinates></Point><Style>
  <Icon>
    <href>http://chart.apis.google.com/chart?chst=d_bubble_icon_text_small&amp;chld=location|bbT|2366|FFFFFF|000000</href>
  </Icon>
</Style><description><![CDATA[]]></description><visibility>1</visibility></Placemark><Placemark><name>GC82HGR</name><Point><coordinates>-122.4031,47.6706,100 
</coordinates></Point><Style>
  <Icon>
    <href>http://chart.apis.google.com/chart?chst=d_bubble_icon_text_small&amp;chld=location|bbT|2367|FFFFFF|000000</href>
  </Icon>
</Style><description><![CDATA[]]></description><visibility>1</visibility></Placemark><Placemark><name>GCBFMDY</name><Point><coordinates>-122.4146,47.68,100 
</coordinates></Point><Style>
  <Icon>
    <href>http://chart.apis.google.com/chart?chst=d_bubble_icon_text_small&amp;chld=location|bbT|2368|FFFFFF|000000</href>
  </Icon>
</Style><description><![CDATA[]]></description><visibility>1</visibility></Placemark><Placemark><name>GCBG7V2</name><Point><coordinates>-122.3398,47.6331,100 
</coordinates></Point><Style>
  <Icon>
    <href>http://chart.apis.google.com/chart?chst=d_bubble_icon_text_small&amp;chld=location|bbT|2369|FFFFFF|000000</href>
  </Icon>
</Style><description><![CDATA[]]></description><visibility>1</visibility></Placemark><Placemark><name>GC8J20D</name><Point><coordinates>-122.344,47.6308,100 
</coordinates></Point><Style>
  <Icon>
    <href>http://chart.apis.google.com/chart?chst=d_bubble_icon_text_small&amp;chld=location|bbT|2370|FFFFFF|000000</href>
  </Icon>
</Style><description><![CDATA[]]></description><visibility>1</visibility></Placemark><Placemark><name>GCBR1R6</name><Point><coordinates>-122.3482,47.6493,100 
</coordinates></Point><Style>
  <Icon>
    <href>http://chart.apis.google.com/chart?chst=d_bubble_icon_text_small&amp;chld=location|bbT|2371|FFFFFF|000000</href>
  </Icon>
</Style><description><![CDATA[]]></description><visibility>1</visibility></Placemark><Placemark><name>GCBRNA7</name><Point><coordinates>-122.3346,47.6055,100 
</coordinates></Point><Style>
  <Icon>
    <href>http://chart.apis.google.com/chart?chst=d_bubble_icon_text_small&amp;chld=location|bbT|2372|FFFFFF|000000</href>
  </Icon>
</Style><description><![CDATA[]]></description><visibility>1</visibility></Placemark><Placemark><name>GCBRN95</name><Point><coordinates>-122.3489,47.6496,100 
</coordinates></Point><Style>
  <Icon>
    <href>http://chart.apis.google.com/chart?chst=d_bubble_icon_text_small&amp;chld=location|bbT|2373|FFFFFF|000000</href>
  </Icon>
</Style><description><![CDATA[]]></description><visibility>1</visibility></Placemark><Placemark><name>GCBRNA4</name><Point><coordinates>-122.3486,47.65,100 
</coordinates></Point><Style>
  <Icon>
    <href>http://chart.apis.google.com/chart?chst=d_bubble_icon_text_small&amp;chld=location|bbT|2374|FFFFFF|000000</href>
  </Icon>
</Style><description><![CDATA[]]></description><visibility>1</visibility></Placemark><Placemark><name>GCBTHKN</name><Point><coordinates>-122.3497,47.6505,100 
</coordinates></Point><Style>
  <Icon>
    <href>http://chart.apis.google.com/chart?chst=d_bubble_icon_text_small&amp;chld=location|bbT|2375|FFFFFF|000000</href>
  </Icon>
</Style><description><![CDATA[]]></description><visibility>1</visibility></Placemark><Placemark><name>GC4ATFZ</name><Point><coordinates>-121.19,47.2453,100 
</coordinates></Point><Style>
  <Icon>
    <href>http://chart.apis.google.com/chart?chst=d_bubble_icon_text_small&amp;chld=location|bbT|2376|FFFFFF|000000</href>
  </Icon>
</Style><description><![CDATA[]]></description><visibility>1</visibility></Placemark><Placemark><name>GCBRNAW</name><Point><coordinates>-122.3466,47.6482,100 
</coordinates></Point><Style>
  <Icon>
    <href>http://chart.apis.google.com/chart?chst=d_bubble_icon_text_small&amp;chld=location|bbT|2377|FFFFFF|000000</href>
  </Icon>
</Style><description><![CDATA[]]></description><visibility>1</visibility></Placemark><Placemark><name>GCBFY8N</name><Point><coordinates>-122.3578,47.6857,100 
</coordinates></Point><Style>
  <Icon>
    <href>http://chart.apis.google.com/chart?chst=d_bubble_icon_text_small&amp;chld=location|bbT|2378|FFFFFF|000000</href>
  </Icon>
</Style><description><![CDATA[]]></description><visibility>1</visibility></Placemark><Placemark><name>GC2ANM5</name><Point><coordinates>-122.3558,47.6875,100 
</coordinates></Point><Style>
  <Icon>
    <href>http://chart.apis.google.com/chart?chst=d_bubble_icon_text_small&amp;chld=location|bbT|2379|FFFFFF|000000</href>
  </Icon>
</Style><description><![CDATA[]]></description><visibility>1</visibility></Placemark><Placemark><name>GCBTM2V</name><Point><coordinates>-122.3622,47.68,100 
</coordinates></Point><Style>
  <Icon>
    <href>http://chart.apis.google.com/chart?chst=d_bubble_icon_text_small&amp;chld=location|bbT|2380|FFFFFF|000000</href>
  </Icon>
</Style><description><![CDATA[]]></description><visibility>1</visibility></Placemark><Placemark><name>GCY67B</name><Point><coordinates>-122.3497,47.6835,100 
</coordinates></Point><Style>
  <Icon>
    <href>http://chart.apis.google.com/chart?chst=d_bubble_icon_text_small&amp;chld=location|bbT|2381|FFFFFF|000000</href>
  </Icon>
</Style><description><![CDATA[]]></description><visibility>1</visibility></Placemark><Placemark><name>GCA4F4Q</name><Point><coordinates>-122.3473,47.6894,100 
</coordinates></Point><Style>
  <Icon>
    <href>http://chart.apis.google.com/chart?chst=d_bubble_icon_text_small&amp;chld=location|bbT|2382|FFFFFF|000000</href>
  </Icon>
</Style><description><![CDATA[]]></description><visibility>1</visibility></Placemark><Placemark><name>GCBTG7K</name><Point><coordinates>-122.3441,47.6491,100 
</coordinates></Point><Style>
  <Icon>
    <href>http://chart.apis.google.com/chart?chst=d_bubble_icon_text_small&amp;chld=location|bbT|2383|FFFFFF|000000</href>
  </Icon>
</Style><description><![CDATA[]]></description><visibility>1</visibility></Placemark><Placemark><name>GCBRN95</name><Point><coordinates>-122.3482,47.6499,100 
</coordinates></Point><Style>
  <Icon>
    <href>http://chart.apis.google.com/chart?chst=d_bubble_icon_text_small&amp;chld=location|bbT|2384|FFFFFF|000000</href>
  </Icon>
</Style><description><![CDATA[]]></description><visibility>1</visibility></Placemark><Placemark><name>GCBRNA4</name><Point><coordinates>-122.3484,47.6505,100 
</coordinates></Point><Style>
  <Icon>
    <href>http://chart.apis.google.com/chart?chst=d_bubble_icon_text_small&amp;chld=location|bbT|2385|FFFFFF|000000</href>
  </Icon>
</Style><description><![CDATA[]]></description><visibility>1</visibility></Placemark><Placemark><name>GCBTC1J</name><Point><coordinates>-122.3297,47.5993,100 
</coordinates></Point><Style>
  <Icon>
    <href>http://chart.apis.google.com/chart?chst=d_bubble_icon_text_small&amp;chld=location|bbT|2386|FFFFFF|000000</href>
  </Icon>
</Style><description><![CDATA[]]></description><visibility>1</visibility></Placemark><Placemark><name>GCBV5WN</name><Point><coordinates>-122.3479,47.6489,100 
</coordinates></Point><Style>
  <Icon>
    <href>http://chart.apis.google.com/chart?chst=d_bubble_icon_text_small&amp;chld=location|bbT|2387|FFFFFF|000000</href>
  </Icon>
</Style><description><![CDATA[]]></description><visibility>1</visibility></Placemark><Placemark><name>GCBRQGH</name><Point><coordinates>-122.3318,47.6021,100 
</coordinates></Point><Style>
  <Icon>
    <href>http://chart.apis.google.com/chart?chst=d_bubble_icon_text_small&amp;chld=location|bbT|2388|FFFFFF|000000</href>
  </Icon>
</Style><description><![CDATA[]]></description><visibility>1</visibility></Placemark><Placemark><name>GCBJ7WR</name><Point><coordinates>-122.3342,47.6009,100 
</coordinates></Point><Style>
  <Icon>
    <href>http://chart.apis.google.com/chart?chst=d_bubble_icon_text_small&amp;chld=location|bbT|2389|FFFFFF|000000</href>
  </Icon>
</Style><description><![CDATA[]]></description><visibility>1</visibility></Placemark><Placemark><name>GC65RXN</name><Point><coordinates>-122.3339,47.6026,100 
</coordinates></Point><Style>
  <Icon>
    <href>http://chart.apis.google.com/chart?chst=d_bubble_icon_text_small&amp;chld=location|bbT|2390|FFFFFF|000000</href>
  </Icon>
</Style><description><![CDATA[]]></description><visibility>1</visibility></Placemark><Placemark><name>GCBRQGR</name><Point><coordinates>-122.3472,47.6488,100 
</coordinates></Point><Style>
  <Icon>
    <href>http://chart.apis.google.com/chart?chst=d_bubble_icon_text_small&amp;chld=location|bbT|2391|FFFFFF|000000</href>
  </Icon>
</Style><description><![CDATA[]]></description><visibility>1</visibility></Placemark><Placemark><name>GC7249J</name><Point><coordinates>-123.0932,49.1711,100 
</coordinates></Point><Style>
  <Icon>
    <href>http://chart.apis.google.com/chart?chst=d_bubble_icon_text_small&amp;chld=location|bbT|2392|FFFFFF|000000</href>
  </Icon>
</Style><description><![CDATA[]]></description><visibility>1</visibility></Placemark><Placemark><name>GC5DGNX</name><Point><coordinates>-123.0988,49.174,100 
</coordinates></Point><Style>
  <Icon>
    <href>http://chart.apis.google.com/chart?chst=d_bubble_icon_text_small&amp;chld=location|bbT|2393|FFFFFF|000000</href>
  </Icon>
</Style><description><![CDATA[]]></description><visibility>1</visibility></Placemark><Placemark><name>GC5DGNT</name><Point><coordinates>-123.0965,49.1732,100 
</coordinates></Point><Style>
  <Icon>
    <href>http://chart.apis.google.com/chart?chst=d_bubble_icon_text_small&amp;chld=location|bbT|2394|FFFFFF|000000</href>
  </Icon>
</Style><description><![CDATA[]]></description><visibility>1</visibility></Placemark><Placemark><name>GC6XB22</name><Point><coordinates>-123.1001,49.1716,100 
</coordinates></Point><Style>
  <Icon>
    <href>http://chart.apis.google.com/chart?chst=d_bubble_icon_text_small&amp;chld=location|bbT|2395|FFFFFF|000000</href>
  </Icon>
</Style><description><![CDATA[]]></description><visibility>1</visibility></Placemark><Placemark><name>GC6XB24</name><Point><coordinates>-123.0965,49.1719,100 
</coordinates></Point><Style>
  <Icon>
    <href>http://chart.apis.google.com/chart?chst=d_bubble_icon_text_small&amp;chld=location|bbT|2396|FFFFFF|000000</href>
  </Icon>
</Style><description><![CDATA[]]></description><visibility>1</visibility></Placemark><Placemark><name>GC5DGJA</name><Point><coordinates>-123.1215,49.1587,100 
</coordinates></Point><Style>
  <Icon>
    <href>http://chart.apis.google.com/chart?chst=d_bubble_icon_text_small&amp;chld=location|bbT|2397|FFFFFF|000000</href>
  </Icon>
</Style><description><![CDATA[]]></description><visibility>1</visibility></Placemark><Placemark><name>GC5DGHK</name><Point><coordinates>-123.1655,49.1645,100 
</coordinates></Point><Style>
  <Icon>
    <href>http://chart.apis.google.com/chart?chst=d_bubble_icon_text_small&amp;chld=location|bbT|2398|FFFFFF|000000</href>
  </Icon>
</Style><description><![CDATA[]]></description><visibility>1</visibility></Placemark><Placemark><name>GC4WYWZ</name><Point><coordinates>-123.1701,49.1604,100 
</coordinates></Point><Style>
  <Icon>
    <href>http://chart.apis.google.com/chart?chst=d_bubble_icon_text_small&amp;chld=location|bbT|2399|FFFFFF|000000</href>
  </Icon>
</Style><description><![CDATA[]]></description><visibility>1</visibility></Placemark><Placemark><name>GC4WYWY</name><Point><coordinates>-123.1659,49.1583,100 
</coordinates></Point><Style>
  <Icon>
    <href>http://chart.apis.google.com/chart?chst=d_bubble_icon_text_small&amp;chld=location|bbT|2400|FFFFFF|000000</href>
  </Icon>
</Style><description><![CDATA[]]></description><visibility>1</visibility></Placemark><Placemark><name>GC4TA5K</name><Point><coordinates>-123.1703,49.1485,100 
</coordinates></Point><Style>
  <Icon>
    <href>http://chart.apis.google.com/chart?chst=d_bubble_icon_text_small&amp;chld=location|bbT|2401|FFFFFF|000000</href>
  </Icon>
</Style><description><![CDATA[]]></description><visibility>1</visibility></Placemark><Placemark><name>GCD65A</name><Point><coordinates>-122.7563,49.0021,100 
</coordinates></Point><Style>
  <Icon>
    <href>http://chart.apis.google.com/chart?chst=d_bubble_icon_text_small&amp;chld=location|bbT|2402|FFFFFF|000000</href>
  </Icon>
</Style><description><![CDATA[]]></description><visibility>1</visibility></Placemark><Placemark><name>GC81E9Y</name><Point><coordinates>-122.4402,48.5624,100 
</coordinates></Point><Style>
  <Icon>
    <href>http://chart.apis.google.com/chart?chst=d_bubble_icon_text_small&amp;chld=location|bbT|2403|FFFFFF|000000</href>
  </Icon>
</Style><description><![CDATA[]]></description><visibility>1</visibility></Placemark><Placemark><name>GCAWRNW</name><Point><coordinates>-122.3374,48.4499,100 
</coordinates></Point><Style>
  <Icon>
    <href>http://chart.apis.google.com/chart?chst=d_bubble_icon_text_small&amp;chld=location|bbT|2404|FFFFFF|000000</href>
  </Icon>
</Style><description><![CDATA[]]></description><visibility>1</visibility></Placemark><Placemark><name>GC9BTQ2</name><Point><coordinates>-122.3284,48.4455,100 
</coordinates></Point><Style>
  <Icon>
    <href>http://chart.apis.google.com/chart?chst=d_bubble_icon_text_small&amp;chld=location|bbT|2405|FFFFFF|000000</href>
  </Icon>
</Style><description><![CDATA[]]></description><visibility>1</visibility></Placemark><Placemark><name>GCB7766</name><Point><coordinates>-122.1645,47.6284,100 
</coordinates></Point><Style>
  <Icon>
    <href>http://chart.apis.google.com/chart?chst=d_bubble_icon_text_small&amp;chld=location|bbT|2406|FFFFFF|000000</href>
  </Icon>
</Style><description><![CDATA[]]></description><visibility>1</visibility></Placemark><Placemark><name>GC9YVB9</name><Point><coordinates>-122.3473,47.6189,100 
</coordinates></Point><Style>
  <Icon>
    <href>http://chart.apis.google.com/chart?chst=d_bubble_icon_text_small&amp;chld=location|bbT|2407|FFFFFF|000000</href>
  </Icon>
</Style><description><![CDATA[]]></description><visibility>1</visibility></Placemark><Placemark><name>GCBVCY8</name><Point><coordinates>-122.3326,47.6558,100 
</coordinates></Point><Style>
  <Icon>
    <href>http://chart.apis.google.com/chart?chst=d_bubble_icon_text_small&amp;chld=location|bbT|2408|FFFFFF|000000</href>
  </Icon>
</Style><description><![CDATA[]]></description><visibility>1</visibility></Placemark><Placemark><name>GCBTC36</name><Point><coordinates>-122.3506,47.6513,100 
</coordinates></Point><Style>
  <Icon>
    <href>http://chart.apis.google.com/chart?chst=d_bubble_icon_text_small&amp;chld=location|bbT|2409|FFFFFF|000000</href>
  </Icon>
</Style><description><![CDATA[]]></description><visibility>1</visibility></Placemark><Placemark><name>GCBTZWG</name><Point><coordinates>-122.3422,47.656,100 
</coordinates></Point><Style>
  <Icon>
    <href>http://chart.apis.google.com/chart?chst=d_bubble_icon_text_small&amp;chld=location|bbT|2410|FFFFFF|000000</href>
  </Icon>
</Style><description><![CDATA[]]></description><visibility>1</visibility></Placemark><Placemark><name>GCBV80Z</name><Point><coordinates>-122.3551,47.6234,100 
</coordinates></Point><Style>
  <Icon>
    <href>http://chart.apis.google.com/chart?chst=d_bubble_icon_text_small&amp;chld=location|bbT|2411|FFFFFF|000000</href>
  </Icon>
</Style><description><![CDATA[]]></description><visibility>1</visibility></Placemark><Placemark><name>GCBTEKX</name><Point><coordinates>-122.3454,47.6492,100 
</coordinates></Point><Style>
  <Icon>
    <href>http://chart.apis.google.com/chart?chst=d_bubble_icon_text_small&amp;chld=location|bbT|2412|FFFFFF|000000</href>
  </Icon>
</Style><description><![CDATA[]]></description><visibility>1</visibility></Placemark><Placemark><name>GC9R2D8</name><Point><coordinates>-121.8309,47.8625,100 
</coordinates></Point><Style>
  <Icon>
    <href>http://chart.apis.google.com/chart?chst=d_bubble_icon_text_small&amp;chld=location|bbT|2413|FFFFFF|000000</href>
  </Icon>
</Style><description><![CDATA[]]></description><visibility>1</visibility></Placemark><Placemark><name>GC22399</name><Point><coordinates>-120.6532,47.7675,100 
</coordinates></Point><Style>
  <Icon>
    <href>http://chart.apis.google.com/chart?chst=d_bubble_icon_text_small&amp;chld=location|bbT|2414|FFFFFF|000000</href>
  </Icon>
</Style><description><![CDATA[]]></description><visibility>1</visibility></Placemark><Placemark><name>GC8DN7R</name><Point><coordinates>-120.6638,47.7965,100 
</coordinates></Point><Style>
  <Icon>
    <href>http://chart.apis.google.com/chart?chst=d_bubble_icon_text_small&amp;chld=location|bbT|2415|FFFFFF|000000</href>
  </Icon>
</Style><description><![CDATA[]]></description><visibility>1</visibility></Placemark><Placemark><name>GC7PP2X</name><Point><coordinates>-120.6643,47.7675,100 
</coordinates></Point><Style>
  <Icon>
    <href>http://chart.apis.google.com/chart?chst=d_bubble_icon_text_small&amp;chld=location|bbT|2416|FFFFFF|000000</href>
  </Icon>
</Style><description><![CDATA[]]></description><visibility>1</visibility></Placemark><Placemark><name>GCBVCMZ</name><Point><coordinates>-120.6569,47.763,100 
</coordinates></Point><Style>
  <Icon>
    <href>http://chart.apis.google.com/chart?chst=d_bubble_icon_text_small&amp;chld=location|bbT|2417|FFFFFF|000000</href>
  </Icon>
</Style><description><![CDATA[]]></description><visibility>1</visibility></Placemark><Placemark><name>GC37VF6</name><Point><coordinates>-120.6523,47.7594,100 
</coordinates></Point><Style>
  <Icon>
    <href>http://chart.apis.google.com/chart?chst=d_bubble_icon_text_small&amp;chld=location|bbT|2418|FFFFFF|000000</href>
  </Icon>
</Style><description><![CDATA[]]></description><visibility>1</visibility></Placemark><Placemark><name>GC838QD</name><Point><coordinates>-120.6571,47.7558,100 
</coordinates></Point><Style>
  <Icon>
    <href>http://chart.apis.google.com/chart?chst=d_bubble_icon_text_small&amp;chld=location|bbT|2419|FFFFFF|000000</href>
  </Icon>
</Style><description><![CDATA[]]></description><visibility>1</visibility></Placemark><Placemark><name>GC7NAR7</name><Point><coordinates>-120.6604,47.7593,100 
</coordinates></Point><Style>
  <Icon>
    <href>http://chart.apis.google.com/chart?chst=d_bubble_icon_text_small&amp;chld=location|bbT|2420|FFFFFF|000000</href>
  </Icon>
</Style><description><![CDATA[]]></description><visibility>1</visibility></Placemark><Placemark><name>GC2AQ18</name><Point><coordinates>-120.6744,47.7489,100 
</coordinates></Point><Style>
  <Icon>
    <href>http://chart.apis.google.com/chart?chst=d_bubble_icon_text_small&amp;chld=location|bbT|2421|FFFFFF|000000</href>
  </Icon>
</Style><description><![CDATA[]]></description><visibility>1</visibility></Placemark><Placemark><name>GCBVBVD</name><Point><coordinates>-120.7128,47.8037,100 
</coordinates></Point><Style>
  <Icon>
    <href>http://chart.apis.google.com/chart?chst=d_bubble_icon_text_small&amp;chld=location|bbT|2422|FFFFFF|000000</href>
  </Icon>
</Style><description><![CDATA[]]></description><visibility>1</visibility></Placemark><Placemark><name>GC9X60X</name><Point><coordinates>-120.7864,47.7659,100 
</coordinates></Point><Style>
  <Icon>
    <href>http://chart.apis.google.com/chart?chst=d_bubble_icon_text_small&amp;chld=location|bbT|2423|FFFFFF|000000</href>
  </Icon>
</Style><description><![CDATA[]]></description><visibility>1</visibility></Placemark><Placemark><name>GC92TVD</name><Point><coordinates>-120.7985,47.77,100 
</coordinates></Point><Style>
  <Icon>
    <href>http://chart.apis.google.com/chart?chst=d_bubble_icon_text_small&amp;chld=location|bbT|2424|FFFFFF|000000</href>
  </Icon>
</Style><description><![CDATA[]]></description><visibility>1</visibility></Placemark><Placemark><name>GCBF2P3</name><Point><coordinates>-120.876,47.783,100 
</coordinates></Point><Style>
  <Icon>
    <href>http://chart.apis.google.com/chart?chst=d_bubble_icon_text_small&amp;chld=location|bbT|2425|FFFFFF|000000</href>
  </Icon>
</Style><description><![CDATA[]]></description><visibility>1</visibility></Placemark><Placemark><name>GCBF7P7</name><Point><coordinates>-120.8699,47.7885,100 
</coordinates></Point><Style>
  <Icon>
    <href>http://chart.apis.google.com/chart?chst=d_bubble_icon_text_small&amp;chld=location|bbT|2426|FFFFFF|000000</href>
  </Icon>
</Style><description><![CDATA[]]></description><visibility>1</visibility></Placemark><Placemark><name>GCBF7PZ</name><Point><coordinates>-120.8619,47.7888,100 
</coordinates></Point><Style>
  <Icon>
    <href>http://chart.apis.google.com/chart?chst=d_bubble_icon_text_small&amp;chld=location|bbT|2427|FFFFFF|000000</href>
  </Icon>
</Style><description><![CDATA[]]></description><visibility>1</visibility></Placemark><Placemark><name>GCAE6C5</name><Point><coordinates>-120.7388,47.755,100 
</coordinates></Point><Style>
  <Icon>
    <href>http://chart.apis.google.com/chart?chst=d_bubble_icon_text_small&amp;chld=location|bbT|2428|FFFFFF|000000</href>
  </Icon>
</Style><description><![CDATA[]]></description><visibility>1</visibility></Placemark><Placemark><name>GC786CB</name><Point><coordinates>-120.713,47.8178,100 
</coordinates></Point><Style>
  <Icon>
    <href>http://chart.apis.google.com/chart?chst=d_bubble_icon_text_small&amp;chld=location|bbT|2429|FFFFFF|000000</href>
  </Icon>
</Style><description><![CDATA[]]></description><visibility>1</visibility></Placemark><Placemark><name>GCH96V</name><Point><coordinates>-120.7165,47.8252,100 
</coordinates></Point><Style>
  <Icon>
    <href>http://chart.apis.google.com/chart?chst=d_bubble_icon_text_small&amp;chld=location|bbT|2430|FFFFFF|000000</href>
  </Icon>
</Style><description><![CDATA[]]></description><visibility>1</visibility></Placemark><Placemark><name>GC995A8</name><Point><coordinates>-120.6968,47.8192,100 
</coordinates></Point><Style>
  <Icon>
    <href>http://chart.apis.google.com/chart?chst=d_bubble_icon_text_small&amp;chld=location|bbT|2431|FFFFFF|000000</href>
  </Icon>
</Style><description><![CDATA[]]></description><visibility>1</visibility></Placemark><Placemark><name>GC786DA</name><Point><coordinates>-120.6948,47.8186,100 
</coordinates></Point><Style>
  <Icon>
    <href>http://chart.apis.google.com/chart?chst=d_bubble_icon_text_small&amp;chld=location|bbT|2432|FFFFFF|000000</href>
  </Icon>
</Style><description><![CDATA[]]></description><visibility>1</visibility></Placemark><Placemark><name>GC78461</name><Point><coordinates>-120.6418,47.7923,100 
</coordinates></Point><Style>
  <Icon>
    <href>http://chart.apis.google.com/chart?chst=d_bubble_icon_text_small&amp;chld=location|bbT|2433|FFFFFF|000000</href>
  </Icon>
</Style><description><![CDATA[]]></description><visibility>1</visibility></Placemark><Placemark><name>GCBVD2T</name><Point><coordinates>-120.6302,47.7825,100 
</coordinates></Point><Style>
  <Icon>
    <href>http://chart.apis.google.com/chart?chst=d_bubble_icon_text_small&amp;chld=location|bbT|2434|FFFFFF|000000</href>
  </Icon>
</Style><description><![CDATA[]]></description><visibility>1</visibility></Placemark><Placemark><name>GC9P7N3</name><Point><coordinates>-120.2798,47.4433,100 
</coordinates></Point><Style>
  <Icon>
    <href>http://chart.apis.google.com/chart?chst=d_bubble_icon_text_small&amp;chld=location|bbT|2435|FFFFFF|000000</href>
  </Icon>
</Style><description><![CDATA[]]></description><visibility>1</visibility></Placemark><Placemark><name>GC4NXRQ</name><Point><coordinates>-120.0695,47.6128,100 
</coordinates></Point><Style>
  <Icon>
    <href>http://chart.apis.google.com/chart?chst=d_bubble_icon_text_small&amp;chld=location|bbT|2436|FFFFFF|000000</href>
  </Icon>
</Style><description><![CDATA[]]></description><visibility>1</visibility></Placemark><Placemark><name>GC1RB8Y</name><Point><coordinates>-120.0713,47.6463,100 
</coordinates></Point><Style>
  <Icon>
    <href>http://chart.apis.google.com/chart?chst=d_bubble_icon_text_small&amp;chld=location|bbT|2437|FFFFFF|000000</href>
  </Icon>
</Style><description><![CDATA[]]></description><visibility>1</visibility></Placemark><Placemark><name>GCB5407</name><Point><coordinates>-120.0714,47.6483,100 
</coordinates></Point><Style>
  <Icon>
    <href>http://chart.apis.google.com/chart?chst=d_bubble_icon_text_small&amp;chld=location|bbT|2438|FFFFFF|000000</href>
  </Icon>
</Style><description><![CDATA[]]></description><visibility>1</visibility></Placemark><Placemark><name>GC7C9D9</name><Point><coordinates>-120.0674,47.647,100 
</coordinates></Point><Style>
  <Icon>
    <href>http://chart.apis.google.com/chart?chst=d_bubble_icon_text_small&amp;chld=location|bbT|2439|FFFFFF|000000</href>
  </Icon>
</Style><description><![CDATA[]]></description><visibility>1</visibility></Placemark><Placemark><name>GC3G9A6</name><Point><coordinates>-120.0761,47.6476,100 
</coordinates></Point><Style>
  <Icon>
    <href>http://chart.apis.google.com/chart?chst=d_bubble_icon_text_small&amp;chld=location|bbT|2440|FFFFFF|000000</href>
  </Icon>
</Style><description><![CDATA[]]></description><visibility>1</visibility></Placemark><Placemark><name>GCHAMF</name><Point><coordinates>-120.0263,47.8358,100 
</coordinates></Point><Style>
  <Icon>
    <href>http://chart.apis.google.com/chart?chst=d_bubble_icon_text_small&amp;chld=location|bbT|2441|FFFFFF|000000</href>
  </Icon>
</Style><description><![CDATA[]]></description><visibility>1</visibility></Placemark><Placemark><name>GC5P4YN</name><Point><coordinates>-119.9783,47.8272,100 
</coordinates></Point><Style>
  <Icon>
    <href>http://chart.apis.google.com/chart?chst=d_bubble_icon_text_small&amp;chld=location|bbT|2442|FFFFFF|000000</href>
  </Icon>
</Style><description><![CDATA[]]></description><visibility>1</visibility></Placemark><Placemark><name>GC6TWK1</name><Point><coordinates>-119.9715,47.8261,100 
</coordinates></Point><Style>
  <Icon>
    <href>http://chart.apis.google.com/chart?chst=d_bubble_icon_text_small&amp;chld=location|bbT|2443|FFFFFF|000000</href>
  </Icon>
</Style><description><![CDATA[]]></description><visibility>1</visibility></Placemark><Placemark><name>GC7PBKB</name><Point><coordinates>-120.3203,47.4356,100 
</coordinates></Point><Style>
  <Icon>
    <href>http://chart.apis.google.com/chart?chst=d_bubble_icon_text_small&amp;chld=location|bbT|2444|FFFFFF|000000</href>
  </Icon>
</Style><description><![CDATA[]]></description><visibility>1</visibility></Placemark><Placemark><name>GC273E6</name><Point><coordinates>-120.3303,47.4608,100 
</coordinates></Point><Style>
  <Icon>
    <href>http://chart.apis.google.com/chart?chst=d_bubble_icon_text_small&amp;chld=location|bbT|2445|FFFFFF|000000</href>
  </Icon>
</Style><description><![CDATA[]]></description><visibility>1</visibility></Placemark><Placemark><name>GC13D2D</name><Point><coordinates>-120.4488,47.5199,100 
</coordinates></Point><Style>
  <Icon>
    <href>http://chart.apis.google.com/chart?chst=d_bubble_icon_text_small&amp;chld=location|bbT|2446|FFFFFF|000000</href>
  </Icon>
</Style><description><![CDATA[]]></description><visibility>1</visibility></Placemark><Placemark><name>GCBQPVZ</name><Point><coordinates>-120.4561,47.5206,100 
</coordinates></Point><Style>
  <Icon>
    <href>http://chart.apis.google.com/chart?chst=d_bubble_icon_text_small&amp;chld=location|bbT|2447|FFFFFF|000000</href>
  </Icon>
</Style><description><![CDATA[]]></description><visibility>1</visibility></Placemark><Placemark><name>GC94FY2</name><Point><coordinates>-120.4723,47.5194,100 
</coordinates></Point><Style>
  <Icon>
    <href>http://chart.apis.google.com/chart?chst=d_bubble_icon_text_small&amp;chld=location|bbT|2448|FFFFFF|000000</href>
  </Icon>
</Style><description><![CDATA[]]></description><visibility>1</visibility></Placemark><Placemark><name>GC7845B</name><Point><coordinates>-120.5961,47.5693,100 
</coordinates></Point><Style>
  <Icon>
    <href>http://chart.apis.google.com/chart?chst=d_bubble_icon_text_small&amp;chld=location|bbT|2449|FFFFFF|000000</href>
  </Icon>
</Style><description><![CDATA[]]></description><visibility>1</visibility></Placemark><Placemark><name>GC9XZ24</name><Point><coordinates>-120.6131,47.5762,100 
</coordinates></Point><Style>
  <Icon>
    <href>http://chart.apis.google.com/chart?chst=d_bubble_icon_text_small&amp;chld=location|bbT|2450|FFFFFF|000000</href>
  </Icon>
</Style><description><![CDATA[]]></description><visibility>1</visibility></Placemark><Placemark><name>GC4QEDW</name><Point><coordinates>-120.6546,47.5974,100 
</coordinates></Point><Style>
  <Icon>
    <href>http://chart.apis.google.com/chart?chst=d_bubble_icon_text_small&amp;chld=location|bbT|2451|FFFFFF|000000</href>
  </Icon>
</Style><description><![CDATA[]]></description><visibility>1</visibility></Placemark><Placemark><name>GC757BW</name><Point><coordinates>-121.0004,47.219,100 
</coordinates></Point><Style>
  <Icon>
    <href>http://chart.apis.google.com/chart?chst=d_bubble_icon_text_small&amp;chld=location|bbT|2452|FFFFFF|000000</href>
  </Icon>
</Style><description><![CDATA[]]></description><visibility>1</visibility></Placemark><Placemark><name>GC31FVX</name><Point><coordinates>-122.3495,47.6131,100 
</coordinates></Point><Style>
  <Icon>
    <href>http://chart.apis.google.com/chart?chst=d_bubble_icon_text_small&amp;chld=location|bbT|2453|FFFFFF|000000</href>
  </Icon>
</Style><description><![CDATA[]]></description><visibility>1</visibility></Placemark><Placemark><name>GCB1BEQ</name><Point><coordinates>-122.3145,47.6213,100 
</coordinates></Point><Style>
  <Icon>
    <href>http://chart.apis.google.com/chart?chst=d_bubble_icon_text_small&amp;chld=location|bbT|2454|FFFFFF|000000</href>
  </Icon>
</Style><description><![CDATA[]]></description><visibility>1</visibility></Placemark><Placemark><name>GCBVR3J</name><Point><coordinates>-122.309,47.6762,100 
</coordinates></Point><Style>
  <Icon>
    <href>http://chart.apis.google.com/chart?chst=d_bubble_icon_text_small&amp;chld=location|bbT|2455|FFFFFF|000000</href>
  </Icon>
</Style><description><![CDATA[]]></description><visibility>1</visibility></Placemark><Placemark><name>GCBV5V7</name><Point><coordinates>-122.3489,47.6499,100 
</coordinates></Point><Style>
  <Icon>
    <href>http://chart.apis.google.com/chart?chst=d_bubble_icon_text_small&amp;chld=location|bbT|2456|FFFFFF|000000</href>
  </Icon>
</Style><description><![CDATA[]]></description><visibility>1</visibility></Placemark><Placemark><name>GCBVFNG</name><Point><coordinates>-122.3472,47.6494,100 
</coordinates></Point><Style>
  <Icon>
    <href>http://chart.apis.google.com/chart?chst=d_bubble_icon_text_small&amp;chld=location|bbT|2457|FFFFFF|000000</href>
  </Icon>
</Style><description><![CDATA[]]></description><visibility>1</visibility></Placemark><Placemark><name>GCAXERQ</name><Point><coordinates>-122.3629,47.5081,100 
</coordinates></Point><Style>
  <Icon>
    <href>http://chart.apis.google.com/chart?chst=d_bubble_icon_text_small&amp;chld=location|bbT|2458|FFFFFF|000000</href>
  </Icon>
</Style><description><![CDATA[]]></description><visibility>1</visibility></Placemark><Placemark><name>GCAKAER</name><Point><coordinates>-122.3531,47.5069,100 
</coordinates></Point><Style>
  <Icon>
    <href>http://chart.apis.google.com/chart?chst=d_bubble_icon_text_small&amp;chld=location|bbT|2459|FFFFFF|000000</href>
  </Icon>
</Style><description><![CDATA[]]></description><visibility>1</visibility></Placemark><Placemark><name>GCBK94V</name><Point><coordinates>-122.347,47.5123,100 
</coordinates></Point><Style>
  <Icon>
    <href>http://chart.apis.google.com/chart?chst=d_bubble_icon_text_small&amp;chld=location|bbT|2460|FFFFFF|000000</href>
  </Icon>
</Style><description><![CDATA[]]></description><visibility>1</visibility></Placemark><Placemark><name>GCBDA75</name><Point><coordinates>-122.3562,47.5153,100 
</coordinates></Point><Style>
  <Icon>
    <href>http://chart.apis.google.com/chart?chst=d_bubble_icon_text_small&amp;chld=location|bbT|2461|FFFFFF|000000</href>
  </Icon>
</Style><description><![CDATA[]]></description><visibility>1</visibility></Placemark><Placemark><name>GCB83KJ</name><Point><coordinates>-122.3573,47.5181,100 
</coordinates></Point><Style>
  <Icon>
    <href>http://chart.apis.google.com/chart?chst=d_bubble_icon_text_small&amp;chld=location|bbT|2462|FFFFFF|000000</href>
  </Icon>
</Style><description><![CDATA[]]></description><visibility>1</visibility></Placemark><Placemark><name>GCBAGT6</name><Point><coordinates>-122.3204,47.6363,100 
</coordinates></Point><Style>
  <Icon>
    <href>http://chart.apis.google.com/chart?chst=d_bubble_icon_text_small&amp;chld=location|bbT|2463|FFFFFF|000000</href>
  </Icon>
</Style><description><![CDATA[]]></description><visibility>1</visibility></Placemark><Placemark><name>GC28Y4R</name><Point><coordinates>-122.3584,47.7418,100 
</coordinates></Point><Style>
  <Icon>
    <href>http://chart.apis.google.com/chart?chst=d_bubble_icon_text_small&amp;chld=location|bbT|2464|FFFFFF|000000</href>
  </Icon>
</Style><description><![CDATA[]]></description><visibility>1</visibility></Placemark><Placemark><name>GC96FF4</name><Point><coordinates>-122.3884,47.772,100 
</coordinates></Point><Style>
  <Icon>
    <href>http://chart.apis.google.com/chart?chst=d_bubble_icon_text_small&amp;chld=location|bbT|2465|FFFFFF|000000</href>
  </Icon>
</Style><description><![CDATA[]]></description><visibility>1</visibility></Placemark><Placemark><name>GC96GWD</name><Point><coordinates>-122.3847,47.7719,100 
</coordinates></Point><Style>
  <Icon>
    <href>http://chart.apis.google.com/chart?chst=d_bubble_icon_text_small&amp;chld=location|bbT|2466|FFFFFF|000000</href>
  </Icon>
</Style><description><![CDATA[]]></description><visibility>1</visibility></Placemark><Placemark><name>GC7B7XQ</name><Point><coordinates>-122.3336,47.5906,100 
</coordinates></Point><Style>
  <Icon>
    <href>http://chart.apis.google.com/chart?chst=d_bubble_icon_text_small&amp;chld=location|bbT|2467|FFFFFF|000000</href>
  </Icon>
</Style><description><![CDATA[]]></description><visibility>1</visibility></Placemark><Placemark><name>GCBVCMY</name><Point><coordinates>-122.3483,47.6499,100 
</coordinates></Point><Style>
  <Icon>
    <href>http://chart.apis.google.com/chart?chst=d_bubble_icon_text_small&amp;chld=location|bbT|2468|FFFFFF|000000</href>
  </Icon>
</Style><description><![CDATA[]]></description><visibility>1</visibility></Placemark><Placemark><name>GCBVVXE</name><Point><coordinates>-122.3441,47.6491,100 
</coordinates></Point><Style>
  <Icon>
    <href>http://chart.apis.google.com/chart?chst=d_bubble_icon_text_small&amp;chld=location|bbT|2469|FFFFFF|000000</href>
  </Icon>
</Style><description><![CDATA[]]></description><visibility>1</visibility></Placemark><Placemark><name>GCB8788</name><Point><coordinates>-122.315,47.6238,100 
</coordinates></Point><Style>
  <Icon>
    <href>http://chart.apis.google.com/chart?chst=d_bubble_icon_text_small&amp;chld=location|bbT|2470|FFFFFF|000000</href>
  </Icon>
</Style><description><![CDATA[]]></description><visibility>1</visibility></Placemark><Placemark><name>GCBVGWJ</name><Point><coordinates>-122.3496,47.6496,100 
</coordinates></Point><Style>
  <Icon>
    <href>http://chart.apis.google.com/chart?chst=d_bubble_icon_text_small&amp;chld=location|bbT|2471|FFFFFF|000000</href>
  </Icon>
</Style><description><![CDATA[]]></description><visibility>1</visibility></Placemark><Placemark><name>GCBVT1R</name><Point><coordinates>-122.3497,47.6511,100 
</coordinates></Point><Style>
  <Icon>
    <href>http://chart.apis.google.com/chart?chst=d_bubble_icon_text_small&amp;chld=location|bbT|2472|FFFFFF|000000</href>
  </Icon>
</Style><description><![CDATA[]]></description><visibility>1</visibility></Placemark><Placemark><name>GCBQMTP</name><Point><coordinates>-122.3614,47.6597,100 
</coordinates></Point><Style>
  <Icon>
    <href>http://chart.apis.google.com/chart?chst=d_bubble_icon_text_small&amp;chld=location|bbT|2473|FFFFFF|000000</href>
  </Icon>
</Style><description><![CDATA[]]></description><visibility>1</visibility></Placemark><Placemark><name>GCBNZDZ</name><Point><coordinates>-122.3677,47.6649,100 
</coordinates></Point><Style>
  <Icon>
    <href>http://chart.apis.google.com/chart?chst=d_bubble_icon_text_small&amp;chld=location|bbT|2474|FFFFFF|000000</href>
  </Icon>
</Style><description><![CDATA[]]></description><visibility>1</visibility></Placemark><Placemark><name>GCAT257</name><Point><coordinates>-122.0423,48.0158,100 
</coordinates></Point><Style>
  <Icon>
    <href>http://chart.apis.google.com/chart?chst=d_bubble_icon_text_small&amp;chld=location|bbT|2475|FFFFFF|000000</href>
  </Icon>
</Style><description><![CDATA[]]></description><visibility>1</visibility></Placemark><Placemark><name>GC28Z6A</name><Point><coordinates>-122.0396,48.0142,100 
</coordinates></Point><Style>
  <Icon>
    <href>http://chart.apis.google.com/chart?chst=d_bubble_icon_text_small&amp;chld=location|bbT|2476|FFFFFF|000000</href>
  </Icon>
</Style><description><![CDATA[]]></description><visibility>1</visibility></Placemark><Placemark><name>GCBW6GR</name><Point><coordinates>-121.772,48.0863,100 
</coordinates></Point><Style>
  <Icon>
    <href>http://chart.apis.google.com/chart?chst=d_bubble_icon_text_small&amp;chld=location|bbT|2477|FFFFFF|000000</href>
  </Icon>
</Style><description><![CDATA[]]></description><visibility>1</visibility></Placemark><Placemark><name>GCB790M</name><Point><coordinates>-121.799,48.094,100 
</coordinates></Point><Style>
  <Icon>
    <href>http://chart.apis.google.com/chart?chst=d_bubble_icon_text_small&amp;chld=location|bbT|2478|FFFFFF|000000</href>
  </Icon>
</Style><description><![CDATA[]]></description><visibility>1</visibility></Placemark><Placemark><name>GC8RK9C</name><Point><coordinates>-122.0624,48.0148,100 
</coordinates></Point><Style>
  <Icon>
    <href>http://chart.apis.google.com/chart?chst=d_bubble_icon_text_small&amp;chld=location|bbT|2479|FFFFFF|000000</href>
  </Icon>
</Style><description><![CDATA[]]></description><visibility>1</visibility></Placemark><Placemark><name>GCBE964</name><Point><coordinates>-122.1453,47.7587,100 
</coordinates></Point><Style>
  <Icon>
    <href>http://chart.apis.google.com/chart?chst=d_bubble_icon_text_small&amp;chld=location|bbT|2480|FFFFFF|000000</href>
  </Icon>
</Style><description><![CDATA[]]></description><visibility>1</visibility></Placemark><Placemark><name>GC1575A</name><Point><coordinates>-121.5152,48.0548,100 
</coordinates></Point><Style>
  <Icon>
    <href>http://chart.apis.google.com/chart?chst=d_bubble_icon_text_small&amp;chld=location|bbT|2481|FFFFFF|000000</href>
  </Icon>
</Style><description><![CDATA[]]></description><visibility>1</visibility></Placemark><Placemark><name>GCBWGT0</name><Point><coordinates>-122.3552,47.6232,100 
</coordinates></Point><Style>
  <Icon>
    <href>http://chart.apis.google.com/chart?chst=d_bubble_icon_text_small&amp;chld=location|bbT|2482|FFFFFF|000000</href>
  </Icon>
</Style><description><![CDATA[]]></description><visibility>1</visibility></Placemark><Placemark><name>GCBWFE6</name><Point><coordinates>-122.3489,47.6494,100 
</coordinates></Point><Style>
  <Icon>
    <href>http://chart.apis.google.com/chart?chst=d_bubble_icon_text_small&amp;chld=location|bbT|2483|FFFFFF|000000</href>
  </Icon>
</Style><description><![CDATA[]]></description><visibility>1</visibility></Placemark><Placemark><name>GCBHNVT</name><Point><coordinates>-122.2765,47.6403,100 
</coordinates></Point><Style>
  <Icon>
    <href>http://chart.apis.google.com/chart?chst=d_bubble_icon_text_small&amp;chld=location|bbT|2484|FFFFFF|000000</href>
  </Icon>
</Style><description><![CDATA[]]></description><visibility>1</visibility></Placemark><Placemark><name>GCBT03T</name><Point><coordinates>-122.2773,47.631,100 
</coordinates></Point><Style>
  <Icon>
    <href>http://chart.apis.google.com/chart?chst=d_bubble_icon_text_small&amp;chld=location|bbT|2485|FFFFFF|000000</href>
  </Icon>
</Style><description><![CDATA[]]></description><visibility>1</visibility></Placemark><Placemark><name>GCK25B</name><Point><coordinates>-122.348,47.6492,100 
</coordinates></Point><Style>
  <Icon>
    <href>http://chart.apis.google.com/chart?chst=d_bubble_icon_text_small&amp;chld=location|bbT|2486|FFFFFF|000000</href>
  </Icon>
</Style><description><![CDATA[]]></description><visibility>1</visibility></Placemark><Placemark><name>GCBWGWJ</name><Point><coordinates>-122.3445,47.6494,100 
</coordinates></Point><Style>
  <Icon>
    <href>http://chart.apis.google.com/chart?chst=d_bubble_icon_text_small&amp;chld=location|bbT|2487|FFFFFF|000000</href>
  </Icon>
</Style><description><![CDATA[]]></description><visibility>1</visibility></Placemark></Folder><Placemark><styleUrl>#tbTravelStyle</styleUrl><name>Travelbug Route</name><LineString><extrude>1</extrude><tessellate>1</tessellate><altitudeMode>clampToGround</altitudeMode><coordinates>-122.3345,47.6614,100  
-122.3485,47.6492,100  
-122.3047,47.588,100  
-122.3003,47.5899,100  
-122.2927,47.59,100  
-122.2955,47.5904,100  
-122.3486,47.6494,100  
-122.3517,47.6548,100  
-122.3402,47.6092,100  
-121.7534,47.4871,100  
-121.7557,47.4886,100  
-121.7543,47.4994,100  
-121.7554,47.5021,100  
-121.7521,47.4987,100  
-122.3678,47.631,100  
-119.7616,38.9529,100  
-119.7211,38.9124,100  
-119.7276,38.94,100  
-119.7237,38.9571,100  
-119.7296,38.9597,100  
-119.7188,38.9137,100  
-121.7977,37.3977,100  
-121.8064,37.3984,100  
-121.811,37.3994,100  
-121.807,37.401,100  
-121.8083,37.4003,100  
-122.1104,37.374,100  
-122.179,37.4551,100  
-122.1762,37.4521,100  
-121.9864,37.2132,100  
-121.9871,37.2106,100  
-121.9865,37.2083,100  
-122.413,37.7526,100  
-122.1238,37.3811,100  
-122.0986,37.408,100  
-121.8874,37.5943,100  
-121.3354,38.5524,100  
-121.2958,38.5719,100  
-120.7536,38.7326,100  
-119.7808,39.4674,100  
-119.7846,39.4642,100  
-122.3417,47.679,100  
-122.2506,47.7723,100  
-122.248,47.7702,100  
-122.2462,47.7639,100  
-122.2525,47.7595,100  
-122.2484,47.7533,100  
-122.2553,47.7295,100  
-122.1949,47.7588,100  
-122.1916,47.762,100  
-122.2101,47.7608,100  
-122.2608,47.7582,100  
-122.3799,47.6897,100  
-122.329,47.6785,100  
-122.3256,47.6682,100  
-122.347,47.6484,100  
-122.3944,47.6619,100  
-122.2253,47.5443,100  
-122.2256,47.5419,100  
-122.219,47.5445,100  
-122.2266,47.5458,100  
-122.2259,47.55,100  
-122.224,47.5519,100  
-122.2262,47.5512,100  
-121.9231,47.4695,100  
-121.9179,47.4727,100  
-121.9993,47.5415,100  
-121.9991,47.5491,100  
-121.9975,47.5531,100  
-122.0019,47.5567,100  
-121.9988,47.5548,100  
-122.0104,47.5493,100  
-122.2575,47.6764,100  
-122.2619,47.6809,100  
-122.2583,47.6817,100  
-122.2486,47.674,100  
-122.2553,47.6741,100  
-122.2843,47.6322,100  
-122.2759,47.6373,100  
-122.3449,47.6496,100  
-122.2843,47.6185,100  
-122.2802,47.6201,100  
-122.2839,47.6103,100  
-122.2933,47.62,100  
-122.3062,47.6361,100  
-121.7663,47.4378,100  
-121.7672,47.4394,100  
-121.7633,47.4381,100  
-121.781,47.4358,100  
-121.7787,47.4359,100  
-121.7801,47.4374,100  
-121.7916,47.4447,100  
-121.7712,47.4361,100  
-121.7693,47.4363,100  
-122.3644,47.7065,100  
-122.3465,47.6856,100  
-122.3595,47.6282,100  
-122.3187,47.6308,100  
-122.2623,47.5586,100  
-122.249,47.5519,100  
-122.2537,47.5484,100  
-122.2657,47.5598,100  
-122.2643,47.5584,100  
-122.365,47.7909,100  
-122.3596,47.8091,100  
-122.3581,47.8101,100  
-122.3614,47.8078,100  
-122.3749,47.813,100  
-122.3761,47.8139,100  
-122.3485,47.6492,100  
-122.3342,47.6367,100  
-122.3559,47.6335,100  
-122.3019,47.7377,100  
-122.3036,47.7381,100  
-122.289,47.7558,100  
-122.3266,47.7801,100  
-122.3267,47.7821,100  
-122.3563,47.7231,100  
-122.3485,47.6493,100  
-121.7485,47.4888,100  
-121.7402,47.496,100  
-122.3282,47.7894,100  
-122.2967,47.9056,100  
-122.297,47.9123,100  
-122.3018,47.911,100  
-122.3078,47.9115,100  
-122.3108,47.9104,100  
-122.3041,47.9128,100  
-122.2932,47.9299,100  
-122.289,47.9327,100  
-122.2901,47.9348,100  
-122.2894,47.9417,100  
-122.2919,47.9395,100  
-122.2924,47.9373,100  
-122.2925,47.9354,100  
-122.2912,47.9332,100  
-122.296,47.9336,100  
-122.256,47.9352,100  
-122.2914,47.6622,100  
-122.2878,47.6618,100  
-122.2865,47.6637,100  
-122.2858,47.6653,100  
-122.2854,47.6669,100  
-122.2859,47.6686,100  
-122.2887,47.6673,100  
-122.3099,47.7039,100  
-122.402,47.6433,100  
-122.2625,47.3203,100  
-122.2608,47.3214,100  
-122.2639,47.3253,100  
-122.2603,47.3251,100  
-122.2618,47.3233,100  
-122.4769,47.205,100  
-122.8945,47.0692,100  
-122.8938,47.0697,100  
-122.8957,47.0695,100  
-122.8907,47.0758,100  
-122.9043,47.0509,100  
-122.9041,47.047,100  
-122.9015,47.0493,100  
-122.3436,47.6493,100  
-122.0361,47.5114,100  
-122.3331,47.6831,100  
-122.2793,47.6685,100  
-122.2704,47.6726,100  
-122.2629,47.6851,100  
-122.3551,47.6173,100  
-122.3499,47.6837,100  
-122.359,47.6358,100  
-121.9026,47.6147,100  
-121.9033,47.6086,100  
-121.9014,47.6073,100  
-121.9005,47.6053,100  
-121.9069,47.6014,100  
-121.9063,47.5977,100  
-121.8996,47.5929,100  
-121.9036,47.595,100  
-121.9034,47.6016,100  
-121.9016,47.6032,100  
-121.9051,47.6109,100  
-121.9035,47.6121,100  
-121.9033,47.6164,100  
-121.9003,47.6191,100  
-121.9048,47.6206,100  
-121.9069,47.6248,100  
-121.907,47.629,100  
-121.9071,47.6317,100  
-121.9069,47.6391,100  
-121.9072,47.6414,100  
-121.9571,47.6903,100  
-121.9469,47.6886,100  
-121.94,47.6884,100  
-121.9363,47.6866,100  
-121.9291,47.6852,100  
-121.9331,47.6861,100  
-121.9836,47.7093,100  
-122.1286,47.6805,100  
-122.3367,47.7061,100  
-122.3282,47.7802,100  
-122.3277,47.7685,100  
-122.3326,47.7594,100  
-122.3334,47.7615,100  
-122.3087,47.6307,100  
-122.3131,47.568,100  
-122.3113,47.5657,100  
-122.3203,47.56,100  
-122.3981,47.5284,100  
-122.3963,47.5304,100  
-122.3843,47.5507,100  
-122.3805,47.5509,100  
-122.3826,47.5465,100  
-122.3851,47.5434,100  
-122.3871,47.543,100  
-122.3875,47.5411,100  
-122.3864,47.545,100  
-122.3871,47.5465,100  
-122.3854,47.5507,100  
-122.3451,47.7201,100  
-119.6971,39.2007,100  
-119.7051,39.205,100  
-119.7078,39.2057,100  
-119.7125,39.2016,100  
-119.7209,39.164,100  
-119.7173,39.1629,100  
-119.7147,39.1617,100  
-119.7169,39.1601,100  
-119.7171,39.1583,100  
-119.7618,39.1624,100  
-119.7546,39.1696,100  
-119.7534,39.169,100  
-119.438,38.7501,100  
-118.8062,38.9228,100  
-118.6261,38.5289,100  
-118.0975,38.2797,100  
-117.4494,38.1407,100  
-117.2439,37.9018,100  
-117.2413,37.7109,100  
-117.2305,37.708,100  
-117.2253,37.6998,100  
-117.227,37.7012,100  
-116.8288,36.8953,100  
-116.8312,36.894,100  
-116.8298,36.8942,100  
-116.7545,36.9051,100  
-116.9919,36.5914,100  
-116.9959,36.5921,100  
-116.8731,36.4802,100  
-116.8518,36.3824,100  
-116.8262,36.2863,100  
-116.7672,36.2302,100  
-116.7671,36.2307,100  
-116.7655,36.2853,100  
-116.8317,36.3293,100  
-116.8022,36.3639,100  
-116.8634,36.4573,100  
-116.8675,36.457,100  
-116.8122,36.4201,100  
-116.9466,36.6145,100  
-116.7874,36.9025,100  
-116.7733,36.9028,100  
-116.7546,36.9143,100  
-116.757,36.9108,100  
-116.76,36.9096,100  
-117.0717,36.6167,100  
-117.1181,36.6123,100  
-117.1166,36.6169,100  
-117.5499,36.3515,100  
-117.9049,36.5246,100  
-118.0538,36.5798,100  
-118.1244,36.6117,100  
-118.1256,36.6138,100  
-118.1255,36.6137,100  
-118.2006,36.8062,100  
-118.751,37.576,100  
-122.3381,47.6882,100  
-122.3926,47.5836,100  
-122.3952,47.5834,100  
-122.4001,47.5831,100  
-122.2886,47.5806,100  
-122.2885,47.5834,100  
-122.2845,47.5818,100  
-121.6854,47.4377,100  
-122.3661,47.6674,100  
-122.3078,47.6518,100  
-122.3758,47.5611,100  
-122.3753,47.5557,100  
-122.3735,47.5583,100  
-122.3701,47.5565,100  
-122.3346,47.6369,100  
-121.6722,47.4673,100  
-121.6595,47.4624,100  
-121.657,47.4613,100  
-121.6467,47.4627,100  
-121.6392,47.463,100  
-122.1808,47.6619,100  
-122.1617,47.6655,100  
-122.3057,47.7146,100  
-122.314,47.7164,100  
-122.2932,47.702,100  
-122.379,47.6743,100  
-122.3837,47.685,100  
-122.3442,47.6495,100  
-122.0916,47.5365,100  
-122.0884,47.5378,100  
-122.3483,47.6816,100  
-122.3452,47.6569,100  
-122.3566,47.6912,100  
-122.3329,47.6827,100  
-122.3653,47.69,100  
-122.3562,47.6614,100  
-122.3352,47.717,100  
-122.3514,47.6169,100  
-122.35,47.6738,100  
-96.7995,32.7869,100  
-96.762,32.8116,100  
-96.768,32.8167,100  
-96.7609,32.8073,100  
-96.7858,32.8402,100  
-96.802,32.8314,100  
-96.3207,32.7162,100  
-96.7848,32.8448,100  
-96.7677,32.8525,100  
-96.6888,32.7645,100  
-96.7861,32.7486,100  
-96.7985,32.7558,100  
-96.7965,32.755,100  
-96.7946,32.7546,100  
-96.7928,32.7534,100  
-96.8027,32.7571,100  
-96.8005,32.7564,100  
-96.8097,32.7581,100  
-96.7517,32.836,100  
-96.7614,32.8247,100  
-96.7556,32.825,100  
-96.7834,32.7941,100  
-96.7871,32.7923,100  
-96.7862,32.7945,100  
-122.3856,47.6314,100  
-122.3864,47.632,100  
-122.3954,47.6321,100  
-122.3896,47.6356,100  
-122.3825,47.6459,100  
-122.3332,47.6504,100  
-122.342,47.6669,100  
-122.3573,47.658,100  
-121.8888,47.8638,100  
-122.3541,47.672,100  
-122.3532,47.674,100  
-122.3609,47.6692,100  
-122.3842,47.6948,100  
-122.348,47.6527,100  
-122.2879,47.6587,100  
-122.3122,47.6389,100  
-122.3459,47.6811,100  
-122.3477,47.6488,100  
-121.4932,47.5863,100  
-121.4851,47.5872,100  
-121.4679,47.5879,100  
-122.3487,47.6497,100  
-122.323,47.6978,100  
-122.3537,47.6719,100  
-122.3028,47.6434,100  
-122.296,47.6376,100  
-122.297,47.6336,100  
-122.3014,47.3674,100  
-122.3041,47.3666,100  
-122.6356,47.3329,100  
-122.6359,47.5397,100  
-122.6424,47.7529,100  
-121.9413,47.4764,100  
-121.9428,47.4818,100  
-121.9466,47.4883,100  
-122.3621,47.6931,100  
-122.3256,47.6435,100  
-122.0603,47.5397,100  
-122.0465,47.5294,100  
-122.0258,47.5375,100  
-122.0202,47.5613,100  
-122.0164,47.5627,100  
-122.011,47.5656,100  
-122.0195,47.5646,100  
-122.0229,47.5673,100  
-122.018,47.5683,100  
-122.0107,47.5691,100  
-122.0119,47.5714,100  
-122.0094,47.5617,100  
-122.0078,47.5443,100  
-122.0137,47.542,100  
-122.3212,47.6652,100  
-122.3542,47.658,100  
-122.3475,47.6486,100  
-122.3306,47.6279,100  
-96.7938,32.8313,100  
-87.907,41.9778,100  
-0.6156,49.3397,100  
-1.3109,49.4095,100  
-0.842,49.3617,100  
-1.1038,49.1202,100  
-1.5049,48.6104,100  
-1.5062,48.6286,100  
-1.5111,48.6342,100  
-1.5066,48.6354,100  
2.2551,48.8968,100  
2.308,48.854,100  
2.301,48.8552,100  
2.2944,48.8573,100  
2.2929,48.8581,100  
2.2953,48.8597,100  
2.2968,48.8583,100  
2.2905,48.8599,100  
2.3329,48.8736,100  
2.3321,48.8714,100  
2.335,48.8613,100  
2.3391,48.8851,100  
2.3434,48.8862,100  
2.3379,48.8878,100  
2.2549,48.8927,100  
-96.969,32.882,100  
-96.9708,32.8854,100  
-96.9671,32.8868,100  
-1.5115,48.6369,100  
-96.9836,32.9152,100  
-122.3639,47.6591,100  
-122.2059,47.6492,100  
-122.2072,47.6484,100  
-122.2079,47.6464,100  
-122.2103,47.6484,100  
-122.3494,47.6661,100  
-122.3481,47.6535,100  
-122.3718,47.6776,100  
-122.3484,47.6494,100  
-122.2874,47.5597,100  
-122.2824,47.5616,100  
-122.2849,47.5579,100  
-122.2869,47.5588,100  
-122.3316,47.6495,100  
-122.1615,47.6323,100  
-122.1606,47.6313,100  
-122.3464,47.6324,100  
-122.273,47.6974,100  
-122.274,47.6976,100  
-122.3489,47.6497,100  
-122.3723,47.6341,100  
-121.544,47.0369,100  
-121.99,47.2434,100  
-122.2182,47.2981,100  
-122.2112,47.3003,100  
-122.2808,47.4078,100  
-122.2835,47.408,100  
-122.3787,47.5541,100  
-122.3442,47.6493,100  
-122.3067,47.7485,100  
-122.2595,47.6415,100  
-122.2363,47.6382,100  
-122.2276,47.6323,100  
-122.2331,47.6201,100  
-122.2276,47.6129,100  
-122.2388,47.6155,100  
-122.2979,47.6471,100  
-122.4061,47.6768,100  
-122.3385,47.6612,100  
-122.2743,47.6799,100  
-122.3359,47.6087,100  
-121.9162,46.995,100  
-121.9296,46.9896,100  
-122.4918,47.242,100  
-122.8306,47.3819,100  
-122.8314,47.3803,100  
-122.8232,47.453,100  
-122.8307,47.4379,100  
-122.8364,47.4469,100  
-122.8371,47.4454,100  
-122.8376,47.4439,100  
-122.8293,47.4469,100  
-122.8371,47.4331,100  
-122.5455,47.4892,100  
-122.549,47.4772,100  
-122.5523,47.478,100  
-122.5474,47.4759,100  
-122.5452,47.4777,100  
-122.4071,37.7767,100  
-122.4195,37.8025,100  
-122.4192,37.8016,100  
-122.4231,37.7567,100  
-122.4278,37.7585,100  
-122.4356,37.7682,100  
-122.4324,37.7699,100  
-122.4436,37.7735,100  
-122.415,37.7942,100  
-122.4058,37.7768,100  
-122.4129,37.7923,100  
-122.4083,37.7884,100  
-122.0899,37.3298,100  
-122.3982,37.7847,100  
-122.3473,47.6485,100  
-122.3895,47.6873,100  
-122.3482,47.6505,100  
-122.2848,47.6623,100  
-122.2835,47.6614,100  
-122.3324,47.6212,100  
-122.3418,47.6189,100  
-122.3542,47.6258,100  
-121.8562,47.5647,100  
-121.846,47.5626,100  
-121.8482,47.5621,100  
-121.8454,47.5604,100  
-121.8415,47.5584,100  
-121.8403,47.5571,100  
-121.8386,47.5559,100  
-121.8354,47.5557,100  
-121.8319,47.5566,100  
-121.8283,47.5583,100  
-121.8305,47.5535,100  
-121.8517,47.564,100  
-121.8886,47.5849,100  
-121.8902,47.5506,100  
-121.8876,47.5513,100  
-121.8831,47.5503,100  
-121.879,47.5498,100  
-121.8764,47.5425,100  
-121.89,47.56,100  
-121.9302,47.5274,100  
-121.7821,48.0699,100  
-122.3489,47.6499,100  
-122.2782,47.6205,100  
-122.2819,47.6193,100  
-122.2845,47.6219,100  
-122.283,47.617,100  
-122.3064,47.6333,100  
-122.2362,47.8653,100  
-122.189,48.1693,100  
-122.3381,48.4214,100  
-122.2922,48.432,100  
-122.2101,48.6636,100  
-121.9378,48.8884,100  
-122.3044,49.0442,100  
-122.3262,49.0672,100  
-122.3255,49.0646,100  
-122.3251,49.0643,100  
-122.3077,49.0431,100  
-122.3085,49.043,100  
-122.312,49.0465,100  
-122.3101,49.046,100  
-122.1702,49.0631,100  
-122.2607,49.0491,100  
-122.3108,49.0446,100  
-122.2802,49.0502,100  
-122.3263,49.065,100  
-122.3067,49.0564,100  
-122.2923,49.0486,100  
-122.2799,49.0749,100  
-122.2794,49.0715,100  
-122.2807,49.0695,100  
-122.2793,49.068,100  
-122.2811,49.0672,100  
-122.2849,49.0716,100  
-122.2804,49.0743,100  
-122.2883,49.0338,100  
-122.3249,49.0651,100  
-122.3867,49.0207,100  
-122.3989,49.0246,100  
-122.387,49.0206,100  
-122.4486,49.0097,100  
-122.5244,49.0221,100  
-122.445,48.9525,100  
-122.4435,48.9548,100  
-122.4377,48.896,100  
-122.4842,48.7373,100  
-122.3451,48.5851,100  
-122.3342,47.6465,100  
-122.4482,49.0119,100  
-122.348,47.6494,100  
-122.3487,47.622,100  
-122.348,47.621,100  
-122.4716,47.5087,100  
-122.4629,47.4477,100  
-122.5037,47.4077,100  
-122.5221,47.4057,100  
-122.5224,47.3421,100  
-122.5044,47.3358,100  
-122.4915,47.3687,100  
-122.3745,47.3885,100  
-122.4515,47.3668,100  
-122.3441,47.6484,100  
-122.3488,47.6494,100  
-122.2759,47.6373,100  
-122.338,47.6071,100  
-122.3415,47.6055,100  
-122.3425,47.6066,100  
-122.3417,47.6073,100  
-71.5353,43.2042,100  
-72.4244,43.7274,100  
-72.7415,44.3523,100  
-73.2258,44.4531,100  
-73.5544,45.5064,100  
-73.5572,45.5051,100  
-73.617,45.4926,100  
-73.616,45.4917,100  
-73.5738,45.5256,100  
-73.5511,45.5558,100  
-73.5546,45.5605,100  
-73.5346,45.5139,100  
-73.5653,45.528,100  
-73.5721,45.5246,100  
-73.5808,45.5257,100  
-73.5862,45.5271,100  
-73.5904,45.5265,100  
-73.2206,45.3125,100  
-73.0781,44.435,100  
-73.08,44.4348,100  
-72.5751,44.2609,100  
-71.4618,43.0485,100  
-71.0752,42.3704,100  
-71.0694,42.3689,100  
-71.0544,42.3667,100  
-71.0533,42.3641,100  
-71.1177,42.3787,100  
-71.0739,42.367,100  
-71.0694,42.3556,100  
-71.0647,42.3574,100  
-71.0634,42.3581,100  
-71.0632,42.3578,100  
-71.0603,42.3583,100  
-122.0984,47.7601,100  
-122.0954,47.7616,100  
-121.9861,47.737,100  
-121.9827,47.7374,100  
-121.9059,47.7159,100  
-121.9131,47.7552,100  
-121.9724,47.7579,100  
-121.79,47.8635,100  
-121.2661,47.7252,100  
-121.2658,47.728,100  
-121.2657,47.7302,100  
-121.2588,47.7303,100  
-121.2568,47.7335,100  
-121.2646,47.7375,100  
-121.2753,47.735,100  
-121.2762,47.7343,100  
-121.2808,47.7356,100  
-121.2601,47.7363,100  
-121.2587,47.7349,100  
-121.3597,47.7088,100  
-121.5349,47.8086,100  
-121.525,47.8107,100  
-122.0424,48.0136,100  
-122.0405,48.0128,100  
-122.0914,48.008,100  
-122.3475,47.6492,100  
-122.336,47.666,100  
-122.2899,47.4454,100  
-122.2917,47.4412,100  
-123.2357,49.5599,100  
-123.2358,49.5547,100  
-123.1458,49.3018,100  
-123.105,49.2846,100  
-122.6588,48.4018,100  
-122.6442,48.4076,100  
-122.3491,47.5615,100  
-122.3814,47.5831,100  
-122.3849,47.5854,100  
-122.3875,47.5855,100  
-122.388,47.5826,100  
-122.3862,47.5791,100  
-122.3836,47.5793,100  
-122.322,47.5453,100  
-121.743,48.0772,100  
-122.1154,47.9972,100  
-122.3819,47.5917,100  
-122.3807,47.5898,100  
-122.3774,47.5868,100  
-122.3683,47.593,100  
-122.3671,47.5837,100  
-122.2095,47.6323,100  
-121.7504,47.4826,100  
-121.7491,47.4836,100  
-121.7526,47.4841,100  
-121.7588,47.485,100  
-121.7539,47.4819,100  
-121.7737,47.4974,100  
-121.7735,47.4956,100  
-122.0362,47.533,100  
-122.3546,47.6883,100  
-122.3111,47.6612,100  
-122.3402,47.6669,100  
-122.3639,47.6589,100  
-122.3708,47.6658,100  
-122.3816,47.6661,100  
-122.3996,47.6831,100  
-122.7837,47.6033,100  
-122.8419,47.6066,100  
-122.8274,47.6415,100  
-122.8149,47.6655,100  
-122.7412,47.6244,100  
-122.7443,47.6204,100  
-122.7429,47.6182,100  
-122.7427,47.6159,100  
-122.7437,47.6142,100  
-122.7455,47.6121,100  
-122.749,47.6126,100  
-122.7521,47.6131,100  
-122.7512,47.6106,100  
-122.746,47.6173,100  
-122.7501,47.6147,100  
-122.7548,47.6166,100  
-122.752,47.6209,100  
-122.7548,47.6226,100  
-122.6333,47.5428,100  
-121.6281,47.4797,100  
-122.3322,47.7888,100  
-122.3327,47.7869,100  
-122.3284,47.789,100  
-122.3489,47.6507,100  
-122.3255,47.6474,100  
-122.327,47.6458,100  
-122.325,47.6437,100  
-122.3293,47.642,100  
-122.3296,47.6399,100  
-122.416,47.643,100  
-122.055,47.4824,100  
-122.0539,47.4841,100  
-122.049,47.4876,100  
-122.055,47.4926,100  
-122.0622,47.5023,100  
-122.2842,47.5545,100  
-122.0345,47.5331,100  
-121.9892,47.4784,100  
-121.9877,47.4831,100  
-121.9923,47.4797,100  
-121.9998,47.4648,100  
-122.4873,48.6544,100  
-122.4871,48.6522,100  
-122.486,48.6542,100  
-122.4849,48.656,100  
-122.4878,48.6574,100  
-122.4843,48.6579,100  
-122.4814,48.6576,100  
-122.4737,48.6579,100  
-122.4718,48.6598,100  
-122.4701,48.6615,100  
-122.4731,48.6645,100  
-122.4742,48.6668,100  
-122.4752,48.6682,100  
-122.4782,48.67,100  
-122.4799,48.6727,100  
-122.4807,48.6744,100  
-122.483,48.6757,100  
-122.4826,48.6712,100  
-122.4833,48.6697,100  
-122.4818,48.6683,100  
-122.4844,48.6658,100  
-122.4872,48.6652,100  
-122.4905,48.6642,100  
-122.4916,48.6625,100  
-122.4914,48.6597,100  
-122.4873,48.6585,100  
-122.4877,48.6562,100  
-122.4853,48.6519,100  
-122.4903,48.6531,100  
-122.4877,48.6511,100  
-122.3499,47.6723,100  
-122.3401,47.665,100  
-122.3342,47.6697,100  
-122.34,47.6495,100  
-122.2996,47.442,100  
-122.1632,37.4285,100  
-121.9952,37.3054,100  
-121.9887,37.3017,100  
-121.8634,37.2035,100  
-121.863,37.2021,100  
-121.8635,37.2001,100  
-121.86,37.1991,100  
-121.8609,37.1972,100  
-121.859,37.1958,100  
-121.8574,37.1946,100  
-121.8529,37.1951,100  
-121.8589,37.1914,100  
-121.8607,37.1933,100  
-121.8659,37.2,100  
-121.8653,37.2038,100  
-122.3596,37.5396,100  
-122.4113,37.5874,100  
-122.41,37.5855,100  
-122.4107,37.5808,100  
-122.415,37.5894,100  
-122.4396,37.6178,100  
-122.3607,37.592,100  
-122.3558,37.5921,100  
-122.3529,37.592,100  
-122.3499,37.5907,100  
-122.3534,37.5887,100  
-122.3568,37.5909,100  
-122.17,37.4281,100  
-122.1842,37.4306,100  
-122.1854,37.4319,100  
-122.1872,37.4307,100  
-122.1887,37.4297,100  
-122.1895,37.4284,100  
-122.1906,37.4273,100  
-122.3098,37.4298,100  
-122.3105,37.4325,100  
-122.3082,37.4333,100  
-122.305,37.4329,100  
-122.3488,47.6496,100  
-122.3263,47.5832,100  
-122.3903,47.6727,100  
-122.3596,47.6726,100  
-122.3385,47.6609,100  
-122.3334,47.6462,100  
-122.3533,47.6717,100  
-122.3576,47.6667,100  
-122.3527,47.6638,100  
-122.3469,47.6495,100  
-122.3473,47.6513,100  
-119.649,39.3081,100  
-119.7636,39.4269,100  
-119.8209,38.9018,100  
-119.7549,38.9613,100  
-119.7029,38.9758,100  
-119.778,39.0968,100  
-119.7106,39.1606,100  
-119.7623,39.455,100  
-119.8815,39.5014,100  
-119.8234,39.5282,100  
-119.7633,39.4414,100  
-119.8465,38.9472,100  
-122.4348,37.7942,100  
-122.4983,37.7758,100  
-122.4055,37.7773,100  
-122.4057,37.8029,100  
-122.4058,37.7766,100  
-122.4075,37.7845,100  
-122.1467,47.5835,100  
-122.29,47.3628,100  
-122.288,47.3645,100  
-122.3287,47.2897,100  
-122.3232,47.2837,100  
-122.3252,47.2856,100  
-122.435,47.2459,100  
-122.4334,47.2491,100  
-122.44,47.2545,100  
-122.4363,47.2537,100  
-122.4336,47.2482,100  
-122.4855,47.2595,100  
-122.3533,47.2893,100  
-122.3544,47.2907,100  
-122.3522,47.2932,100  
-122.3499,47.294,100  
-122.3503,47.2856,100  
-122.9603,50.1151,100  
-122.9527,50.1188,100  
-122.343,47.6512,100  
-122.3782,47.8104,100  
-122.3833,47.8123,100  
-122.39,47.8114,100  
-122.379,47.8068,100  
-122.3773,47.8017,100  
-121.0028,47.2192,100  
-123.2771,49.3783,100  
-123.2723,49.374,100  
-123.1824,49.3436,100  
-123.1473,49.3268,100  
-122.8929,49.2285,100  
-123.0839,48.9731,100  
-123.0815,48.9729,100  
-123.0803,48.9725,100  
-123.0262,48.9814,100  
-123.0289,48.9778,100  
-123.077,48.9843,100  
-123.0892,49.002,100  
-123.087,49.0016,100  
-123.08,49.0021,100  
-123.118,49.2552,100  
-123.1014,49.3372,100  
-123.1538,49.6983,100  
-123.2051,49.6448,100  
-123.0593,49.2825,100  
-123.1554,49.6713,100  
-121.9346,48.0821,100  
-121.9247,48.0989,100  
-121.9042,48.1047,100  
-121.9046,48.1093,100  
-122.3261,47.6694,100  
-122.3293,47.6787,100  
-122.3127,47.712,100  
-122.3336,47.6733,100  
-122.6518,45.5591,100  
-122.5035,47.799,100  
-122.5041,47.8026,100  
-122.5048,47.8039,100  
-122.5197,47.7938,100  
-122.528,47.7813,100  
-122.4971,47.7971,100  
-122.4952,47.7985,100  
-122.2733,47.7871,100  
-122.3542,47.6721,100  
-122.3611,47.5679,100  
-122.3607,47.571,100  
-122.3597,47.5685,100  
-122.3573,47.5709,100  
-122.3519,47.552,100  
-122.3737,47.5595,100  
-122.3899,47.5523,100  
-122.3871,47.5528,100  
-122.3875,47.5541,100  
-122.3847,47.5557,100  
-122.3894,47.5594,100  
-121.6105,47.4338,100  
-121.6252,47.4311,100  
-122.3179,47.6324,100  
-121.9639,47.4343,100  
-121.9583,47.4326,100  
-121.9562,47.434,100  
-121.9556,47.4329,100  
-121.9582,47.4356,100  
-121.948,47.4294,100  
-122.3305,47.6735,100  
-122.3324,47.6546,100  
-122.3488,47.6505,100  
-122.3136,47.3192,100  
-122.3299,47.738,100  
-122.3302,47.7401,100  
-122.3133,47.7391,100  
-122.317,47.7352,100  
-122.3243,47.749,100  
-122.3199,47.7496,100  
-122.3462,47.7399,100  
-122.3526,47.738,100  
-122.3431,47.6484,100  
-122.3481,47.65,100  
-122.6444,48.4076,100  
-122.3468,47.6506,100  
-122.2053,47.48,100  
-122.3414,47.6607,100  
-122.3218,47.5524,100  
-122.2126,47.4856,100  
-122.39,47.5382,100  
-122.3874,47.5387,100  
-122.3873,47.5368,100  
-122.3878,47.5346,100  
-122.39,47.5365,100  
-122.3936,47.5348,100  
-122.3933,47.5365,100  
-122.3959,47.5385,100  
-122.3958,47.5404,100  
-122.3941,47.539,100  
-122.3921,47.5395,100  
-122.3979,47.6652,100  
-76.9959,38.8901,100  
-77.0102,38.8918,100  
-77.0258,38.8893,100  
-77.024,38.8918,100  
-77.0218,38.8941,100  
-77.0188,38.8999,100  
-77.0413,38.8056,100  
-77.0441,38.8041,100  
-77.0427,38.8035,100  
-77.0468,38.9111,100  
-77.0363,38.9073,100  
-77.0289,38.99,100  
-77.0244,38.9997,100  
-77.0247,39.0011,100  
-77.0137,39.002,100  
-77.014,39.0007,100  
-77.0219,39.0021,100  
-77.0258,38.8971,100  
-122.3549,47.651,100  
-122.4796,48.7486,100  
-122.4654,48.736,100  
-122.3473,47.6482,100  
-122.3477,47.6488,100  
-122.9698,46.8704,100  
-122.557,45.6651,100  
-121.3352,45.6863,100  
-122.3077,47.6571,100  
-122.3995,47.694,100  
-122.1646,47.6551,100  
-122.3946,47.5871,100  
-122.3882,47.59,100  
-122.3799,47.5951,100  
-120.1813,48.481,100  
-120.182,48.477,100  
-120.1931,48.4909,100  
-120.6789,48.542,100  
-120.3731,48.5772,100  
-120.3688,48.5707,100  
-120.4046,48.5949,100  
-120.4495,48.598,100  
-121.2398,48.6764,100  
-121.2462,48.6725,100  
-121.2484,48.6732,100  
-121.543,48.4946,100  
-121.5432,48.3445,100  
-121.8418,48.277,100  
-123.5978,46.9829,100  
-123.858,46.2508,100  
-122.5902,45.5131,100  
-122.5927,45.5147,100  
-122.8967,46.1529,100  
-122.905,46.6063,100  
-122.2646,47.5135,100  
-122.3165,47.6803,100  
-122.3387,47.6069,100  
-122.3824,47.6835,100  
-122.3661,47.7104,100  
-122.3123,47.5869,100  
-122.4028,47.69,100  
-122.6362,47.8675,100  
-123.5683,48.143,100  
-123.5677,48.1459,100  
-123.4423,48.1415,100  
-124.394,47.934,100  
-124.4144,47.7106,100  
-124.3761,47.6106,100  
-122.3983,47.6908,100  
-122.4597,37.769,100  
-122.4052,37.7909,100  
-122.4375,37.7917,100  
-122.4565,37.8023,100  
-122.4568,37.8021,100  
-122.3449,47.6116,100  
-122.331,48.5637,100  
-122.3297,48.607,100  
-122.4444,48.733,100  
-123.2005,49.6242,100  
-123.2007,49.6458,100  
-123.119,49.7767,100  
-123.1182,49.7799,100  
-123.1179,49.7813,100  
-123.1489,49.6812,100  
-123.1575,49.6713,100  
-123.1187,50.0359,100  
-123.1181,50.0352,100  
-123.1167,50.035,100  
-123.1559,49.6975,100  
-123.0983,49.947,100  
-123.0886,49.9505,100  
-123.0552,49.9406,100  
-122.7301,48.9783,100  
-119.9295,38.9462,100  
-119.9459,38.9397,100  
-119.9998,38.9144,100  
-119.6466,39.3305,100  
-122.355,47.6507,100  
-122.2524,47.5576,100  
-122.4399,48.5627,100  
-122.4204,48.5689,100  
-122.4184,48.5952,100  
-122.4324,48.6081,100  
-122.4325,48.611,100  
-122.4312,48.6123,100  
-122.4243,48.6087,100  
-122.4288,48.6118,100  
-122.4251,48.6162,100  
-122.426,48.6178,100  
-122.4248,48.6196,100  
-122.4216,48.6216,100  
-122.4199,48.6235,100  
-122.4181,48.6244,100  
-122.4168,48.6253,100  
-122.4139,48.6249,100  
-122.4149,48.6272,100  
-122.409,48.6239,100  
-122.4058,48.6235,100  
-122.4043,48.6278,100  
-122.4039,48.6298,100  
-122.4055,48.6315,100  
-122.4023,48.6308,100  
-122.3995,48.6299,100  
-122.394,48.6278,100  
-122.401,48.6255,100  
-122.4029,48.6241,100  
-122.4066,48.6218,100  
-122.4104,48.6194,100  
-122.4046,48.6183,100  
-122.4065,48.6169,100  
-122.4078,48.6141,100  
-122.4122,48.6149,100  
-122.4165,48.6156,100  
-122.4216,48.6144,100  
-122.4232,48.6129,100  
-122.424,48.6112,100  
-122.427,48.6105,100  
-122.4269,48.6138,100  
-122.3503,48.4467,100  
-122.3433,48.4389,100  
-122.2824,47.1633,100  
-122.2843,47.1595,100  
-122.2468,47.1868,100  
-122.2436,47.1843,100  
-122.2356,47.181,100  
-122.2353,47.1795,100  
-122.2347,47.1778,100  
-122.2344,47.1758,100  
-122.2338,47.172,100  
-122.2328,47.1641,100  
-122.1884,47.1216,100  
-122.1889,47.1202,100  
-122.1885,47.1187,100  
-122.1887,47.1174,100  
-122.1845,47.1156,100  
-122.1896,47.115,100  
-122.1908,47.1137,100  
-122.1905,47.1121,100  
-122.1933,47.1119,100  
-122.1885,47.1115,100  
-122.1863,47.1127,100  
-122.1822,47.1128,100  
-122.1838,47.1137,100  
-122.1848,47.1151,100  
-122.1858,47.1164,100  
-122.1861,47.118,100  
-122.1866,47.1198,100  
-122.1841,47.1225,100  
-122.1838,47.1245,100  
-122.1832,47.105,100  
-122.1834,47.1052,100  
-122.1777,47.1117,100  
-122.2336,47.4711,100  
-122.2017,47.6137,100  
-122.195,47.6065,100  
-122.2026,47.6094,100  
-122.1947,47.6198,100  
-122.1172,47.6612,100  
-122.1123,47.6601,100  
-122.1088,47.6606,100  
-122.1236,47.6654,100  
-122.1221,47.6747,100  
-122.1465,47.6879,100  
-122.1342,47.6868,100  
-122.1255,47.6745,100  
-122.2013,47.6654,100  
-122.1999,47.6875,100  
-122.3472,47.6482,100  
-118.0328,47.2904,100  
-118.0358,47.2884,100  
-115.6965,47.4562,100  
-115.6957,47.4535,100  
-113.6385,46.7263,100  
-112.043,46.5853,100  
-112.0404,46.5855,100  
-112.0353,46.5862,100  
-112.0179,46.5878,100  
-112.0399,46.5898,100  
-112.0403,46.5862,100  
-112.0364,46.5905,100  
-111.9809,46.5699,100  
-112.0078,46.584,100  
-112.0434,46.585,100  
-112.0358,46.5974,100  
-111.2716,45.1196,100  
-111.2688,45.1306,100  
-112.6803,46.5469,100  
-113.1477,46.6611,100  
-116.864,47.7102,100  
24.9365,60.1696,100  
24.9529,60.1717,100  
24.9517,60.1724,100  
24.9373,60.174,100  
24.9491,60.1609,100  
24.9582,60.1577,100  
24.9577,60.1681,100  
24.9604,60.1671,100  
24.9903,60.1399,100  
24.9873,60.1438,100  
24.9744,60.1869,100  
24.9746,60.1865,100  
24.9777,60.1848,100  
24.99,60.182,100  
24.9912,60.1815,100  
24.9942,60.1796,100  
24.9943,60.1792,100  
24.8567,60.2707,100  
25.1327,60.3649,100  
25.1366,60.3682,100  
25.1312,60.3681,100  
25.1024,60.3472,100  
25.0247,60.3431,100  
24.9767,60.3063,100  
24.8136,60.1873,100  
24.813,60.1847,100  
24.768,59.4436,100  
24.746,59.4374,100  
24.7537,59.4369,100  
24.7516,59.434,100  
24.7465,59.4353,100  
-122.3322,47.7884,100  
24.744,59.4344,100  
24.7389,59.4352,100  
24.7375,59.4349,100  
24.7426,59.4382,100  
24.7409,59.4388,100  
24.7425,59.4406,100  
24.7799,59.4384,100  
24.7971,59.4406,100  
24.7937,59.4438,100  
24.8106,59.4447,100  
24.8079,59.4424,100  
24.7295,59.4519,100  
24.7334,59.4534,100  
24.728,59.4512,100  
24.7181,59.4525,100  
24.7563,59.4332,100  
24.7455,59.4375,100  
24.7433,59.434,100  
24.762,59.4437,100  
24.7619,59.4452,100  
17.8918,59.3255,100  
17.9045,59.3231,100  
17.9069,59.3191,100  
17.9095,59.3209,100  
18.0616,59.3365,100  
18.0567,59.3388,100  
18.0505,59.3385,100  
18.059,59.3404,100  
18.0958,59.3247,100  
18.0733,59.3331,100  
18.0704,59.3264,100  
18.0692,59.327,100  
18.0735,59.3251,100  
18.0699,59.3246,100  
18.0735,59.3261,100  
18.0727,59.3234,100  
18.0382,59.3396,100  
18.0435,59.342,100  
18.097,59.3253,100  
18.0944,59.3317,100  
18.0856,59.3318,100  
18.0833,59.3419,100  
18.082,59.3438,100  
18.0733,59.3228,100  
18.0561,59.3275,100  
18.0563,59.328,100  
17.9057,59.2927,100  
17.9018,59.293,100  
18.0936,59.2731,100  
-122.3481,47.6491,100  
-121.3574,47.3642,100  
-121.3452,47.3685,100  
-121.3457,47.3704,100  
-121.3421,47.3715,100  
-121.3381,47.3742,100  
-121.3392,47.3769,100  
-121.3386,47.3837,100  
-121.379,47.3697,100  
-121.3809,47.3679,100  
-121.3806,47.3661,100  
-121.3813,47.3644,100  
-121.383,47.3638,100  
-121.3849,47.3653,100  
-121.3851,47.3684,100  
-121.3802,47.3702,100  
-121.395,47.3982,100  
-122.3061,47.6348,100  
-121.4404,48.0208,100  
-121.4424,48.0107,100  
-121.4363,48.0072,100  
-121.435,48.0027,100  
-121.4164,47.9996,100  
-121.3905,47.9871,100  
-121.3914,47.986,100  
-122.3529,47.6522,100  
-122.3472,47.6515,100  
-122.3488,47.6493,100  
-122.3388,47.661,100  
-122.3512,47.6493,100  
-122.4396,48.5635,100  
-122.4944,48.7198,100  
-122.4976,48.7201,100  
-122.504,48.7284,100  
-122.3535,47.6437,100  
-122.3548,47.6444,100  
-122.3483,47.6401,100  
-122.3515,47.6315,100  
-121.6561,47.4357,100  
-121.6593,47.4367,100  
-121.6633,47.4344,100  
-121.6643,47.43,100  
-121.6773,47.4183,100  
-116.2088,43.6104,100  
-116.1997,43.6178,100  
-116.1899,43.6402,100  
-116.2096,43.6331,100  
-116.2132,43.637,100  
-116.2153,43.6264,100  
-119.2664,46.3295,100  
-122.3725,47.6382,100  
-122.2798,47.6555,100  
-122.2725,47.6611,100  
-121.987,47.5265,100  
-121.989,47.5187,100  
-121.9882,47.5141,100  
-121.9905,47.5127,100  
-121.9788,47.5143,100  
-121.9812,47.5183,100  
-122.3475,47.6484,100  
-123.371,48.4199,100  
-123.3697,48.4206,100  
-123.3633,48.4161,100  
-123.3628,48.4138,100  
-123.364,48.4104,100  
-123.3603,48.4093,100  
-123.3507,48.4075,100  
-123.3691,48.4231,100  
-123.3679,48.4294,100  
-123.3662,48.4282,100  
-123.3624,48.4243,100  
-123.3683,48.4209,100  
-123.3631,48.4198,100  
-123.3653,48.416,100  
-123.3656,48.4093,100  
-123.3689,48.4094,100  
-123.3678,48.4247,100  
-123.3628,48.4239,100  
-123.3544,48.4226,100  
-123.3737,48.4215,100  
-121.9783,47.5473,100  
-121.986,47.5456,100  
-121.9832,47.5472,100  
-121.9813,47.5515,100  
-121.9762,47.5509,100  
-122.3172,47.6907,100  
-122.3135,47.6904,100  
-122.3136,47.6907,100  
-122.3238,47.651,100  
-122.3166,47.6445,100  
-122.3095,47.6428,100  
-122.3125,47.6348,100  
-119.7784,39.1075,100  
-119.7664,39.1667,100  
-119.8654,39.0249,100  
-119.8539,39.0191,100  
-119.8548,39.0175,100  
-119.8487,39.0165,100  
-119.8123,39.0898,100  
-119.8283,38.9835,100  
-119.9282,39.2373,100  
-119.9266,39.2368,100  
-119.9357,39.2396,100  
-119.9415,39.2479,100  
-119.9573,39.2509,100  
-120.0247,39.2366,100  
-120.0225,39.235,100  
-120.0229,39.2437,100  
-119.9296,39.2098,100  
-122.4108,37.8111,100  
-122.4277,37.7935,100  
-122.4482,37.7989,100  
-122.3873,47.5187,100  
-122.3831,47.5172,100  
-122.3808,47.5195,100  
-122.3781,47.519,100  
-122.3858,47.5207,100  
-122.3904,47.5179,100  
-122.3939,47.5141,100  
-122.3926,47.5156,100  
-122.3951,47.5204,100  
-122.3933,47.5213,100  
-122.3518,47.6227,100  
-122.1212,47.6454,100  
-122.1193,47.6452,100  
-122.0249,47.684,100  
-122.0219,47.6847,100  
-122.0202,47.6861,100  
-122.0193,47.6845,100  
-122.0196,47.681,100  
-122.0167,47.6811,100  
-122.0195,47.6801,100  
-122.0206,47.6777,100  
-122.0284,47.6793,100  
-121.9316,47.5347,100  
-122.0322,47.5242,100  
-122.3445,47.649,100  
-122.7041,45.4994,100  
-122.7076,45.4991,100  
-122.7664,45.4567,100  
-122.7997,45.4846,100  
-122.6278,45.5168,100  
-122.6977,45.5356,100  
-122.9028,46.2835,100  
-122.1935,47.6717,100  
-122.1908,47.6713,100  
-122.296,47.6519,100  
-122.3489,47.6498,100  
-122.2387,47.6181,100  
-122.2896,47.5393,100  
-122.2386,47.5067,100  
-122.2321,47.5063,100  
-122.1985,47.4835,100  
-122.1998,47.4825,100  
-122.2049,47.5026,100  
-122.2071,47.511,100  
-122.2019,47.507,100  
-122.1745,47.4867,100  
-122.1737,47.4864,100  
-122.1783,47.4773,100  
-122.1752,47.4767,100  
-122.1942,47.4734,100  
-122.1895,47.4704,100  
-122.1908,47.4703,100  
-122.2494,47.7367,100  
-122.2504,47.7326,100  
-122.2521,47.7288,100  
-122.2413,47.7197,100  
-122.2396,47.7207,100  
-122.2418,47.7217,100  
-122.2416,47.7242,100  
-122.2437,47.7254,100  
-122.245,47.7233,100  
-122.2454,47.7218,100  
-122.2394,47.7192,100  
-122.2458,47.7179,100  
-122.2483,47.7099,100  
-122.2376,47.7094,100  
-122.246,47.7124,100  
-121.8341,47.4935,100  
-122.347,47.6501,100  
-122.348,47.6496,100  
-122.4021,47.6941,100  
-122.4018,47.6968,100  
-122.4006,47.6892,100  
-122.4017,47.6807,100  
-122.3571,47.6573,100  
-122.3494,47.6499,100  
-122.272,47.6928,100  
-122.3253,47.5995,100  
-122.331,47.6022,100  
-122.0189,47.5297,100  
-122.0059,47.5066,100  
-122.0029,47.5264,100  
-122.0033,47.5262,100  
-122.0074,47.5291,100  
-122.0108,47.5286,100  
-122.0115,47.5258,100  
-122.0118,47.5292,100  
-122.3997,47.5316,100  
-122.3773,47.39,100  
-122.3491,47.6662,100  
-122.5201,47.6389,100  
-122.5103,47.6649,100  
-122.5501,47.7306,100  
-122.5584,47.7017,100  
-122.338,47.6942,100  
-122.3396,47.6964,100  
-121.8198,48.2516,100  
-121.8272,48.246,100  
-121.7775,48.2189,100  
-122.332,47.6464,100  
-122.2539,47.5902,100  
-122.2511,47.5893,100  
-122.2482,47.5866,100  
-122.2413,47.5896,100  
-122.2401,47.591,100  
-122.2411,47.5912,100  
-122.2462,47.5958,100  
-122.2446,47.5913,100  
-122.2377,47.592,100  
-122.2338,47.5823,100  
-122.2216,47.5518,100  
-122.2169,47.5439,100  
-122.2253,47.5419,100  
-122.2176,47.5676,100  
-122.3372,47.6535,100  
-122.2826,47.643,100  
-122.0901,47.513,100  
-122.0916,47.5147,100  
-122.0963,47.5208,100  
-122.39,47.6686,100  
-122.3925,47.6687,100  
-122.3284,47.6709,100  
-122.3258,47.6746,100  
-74.0059,40.7368,100  
-74.0053,40.7327,100  
-73.9892,40.7367,100  
-73.9528,40.7171,100  
-73.9667,40.7172,100  
-73.9715,40.7579,100  
-73.9587,40.7793,100  
-74.6592,40.3442,100  
-74.6653,40.3483,100  
-74.6607,40.3547,100  
-74.6602,40.3527,100  
-74.6555,40.3388,100  
-74.6584,40.3469,100  
-75.1583,39.9437,100  
-75.1593,39.943,100  
-75.1491,39.9453,100  
-75.1461,39.9528,100  
-75.1633,39.9543,100  
-75.1705,39.9598,100  
-75.1697,39.9489,100  
-75.1715,39.9502,100  
-75.171,39.9494,100  
-75.16,39.9469,100  
-122.3442,47.6491,100  
-122.3483,47.6496,100  
-122.7117,47.0729,100  
-122.1611,47.6249,100  
-122.1627,47.6233,100  
-122.3445,47.6489,100  
-122.3488,47.6491,100  
-122.3085,47.6087,100  
-122.3444,47.6493,100  
-121.7116,47.5021,100  
-121.7203,47.5031,100  
-121.7176,47.5061,100  
-121.7154,47.5059,100  
-121.7001,47.4864,100  
-122.1815,47.4148,100  
-122.083,47.4213,100  
-121.9439,47.3643,100  
-121.9389,47.3645,100  
-121.9303,47.2778,100  
-121.9422,47.2722,100  
-121.9877,47.2035,100  
-122.0188,47.1764,100  
-122.0482,47.1917,100  
-122.0678,47.1903,100  
-122.038,47.2096,100  
-122.0528,47.2848,100  
-122.0893,47.2688,100  
-122.0207,47.2731,100  
-122.0064,47.308,100  
-122.0394,47.3115,100  
-122.1559,47.28,100  
-122.2498,47.2876,100  
-122.3213,47.6508,100  
-120.7218,47.6172,100  
-120.6616,47.596,100  
-120.6592,47.5956,100  
-120.6872,47.3282,100  
-122.1996,47.3804,100  
-122.2147,47.3855,100  
-122.3438,47.433,100  
-122.3446,47.4674,100  
-122.347,47.4736,100  
-122.2183,47.5425,100  
-122.2196,47.5405,100  
-122.2223,47.5436,100  
-122.2149,47.5642,100  
-122.2169,47.5409,100  
-122.3333,47.6713,100  
-122.3308,47.6748,100  
-122.3266,47.6824,100  
-71.0567,42.3588,100  
-71.0563,42.3725,100  
-71.0774,42.3505,100  
-71.0775,42.3502,100  
-71.0918,42.3464,100  
-71.0575,42.3575,100  
-71.0569,42.3608,100  
-71.056,42.3602,100  
-71.0611,42.3661,100  
-71.0607,42.3768,100  
-71.0282,42.3457,100  
-71.0637,42.3584,100  
-70.8871,42.5235,100  
-70.8831,42.5215,100  
-70.8956,42.5212,100  
-71.0672,42.3525,100  
-71.0685,42.3584,100  
-71.0623,42.3564,100  
-71.0602,42.3561,100  
-70.1863,42.0518,100  
-70.1844,42.0507,100  
-71.0657,42.3511,100  
-71.0614,42.3559,100  
-122.3336,47.6463,100  
-122.3485,47.6494,100  
-122.1106,37.3811,100  
-122.1137,37.3781,100  
-122.1145,37.3777,100  
-120.8072,38.3764,100  
-119.8968,39.001,100  
-119.7478,39.1697,100  
-122.349,47.6493,100  
-122.3354,47.6109,100  
-122.3274,47.6113,100  
-122.3319,47.6058,100  
-122.3279,47.6049,100  
-122.3301,47.6055,100  
-122.3327,47.6038,100  
-122.3331,47.6033,100  
-122.3341,47.6047,100  
-122.335,47.6464,100  
-122.3462,47.6492,100  
-122.3485,47.649,100  
-122.1467,47.4678,100  
-122.144,47.467,100  
-122.1423,47.4672,100  
-122.136,47.466,100  
-122.1374,47.4663,100  
-122.1304,47.4655,100  
-122.1305,47.4651,100  
-122.127,47.4642,100  
-122.1231,47.4638,100  
-122.1202,47.464,100  
-122.1161,47.4639,100  
-122.1118,47.4641,100  
-122.109,47.4632,100  
-122.1978,47.7756,100  
-122.2185,47.7706,100  
-122.2196,47.7631,100  
-122.2398,47.7561,100  
-122.2097,47.751,100  
-122.2098,47.7547,100  
-121.5851,47.5369,100  
-121.5865,47.5394,100  
-121.5833,47.5382,100  
-122.3362,47.6011,100  
-122.3262,47.679,100  
-122.4256,48.6986,100  
-122.4218,48.7053,100  
-122.4233,48.7081,100  
-122.4253,48.7118,100  
-122.4257,48.7136,100  
-122.4259,48.7153,100  
-122.4236,48.7177,100  
-122.424,48.7202,100  
-122.4224,48.7232,100  
-122.4269,48.7245,100  
-122.4236,48.728,100  
-122.4184,48.7263,100  
-122.4189,48.722,100  
-122.418,48.7198,100  
-122.4163,48.7168,100  
-122.4169,48.7152,100  
-122.4181,48.7129,100  
-122.4177,48.7109,100  
-122.4169,48.7095,100  
-122.4126,48.7092,100  
-122.4117,48.709,100  
-122.4101,48.7116,100  
-122.4059,48.7142,100  
-122.4116,48.7167,100  
-122.411,48.7193,100  
-122.4127,48.7223,100  
-122.4047,48.7107,100  
-122.4048,48.7105,100  
-122.42,48.7068,100  
-122.385,48.6179,100  
-122.3832,48.6206,100  
-122.3835,48.623,100  
-122.1734,48.1513,100  
-122.5158,48.1417,100  
-122.5115,48.142,100  
-122.5099,48.1448,100  
-122.5082,48.1478,100  
-122.5087,48.1502,100  
-122.5026,48.1424,100  
-122.5039,48.1445,100  
-122.5026,48.1463,100  
-122.496,48.1494,100  
-122.4569,48.1698,100  
-122.4541,48.2415,100  
-122.4549,48.2432,100  
-122.4493,48.2426,100  
-122.4587,48.2008,100  
-122.4594,48.2029,100  
-122.4579,48.1996,100  
-122.4519,48.199,100  
-122.4829,48.2137,100  
-122.4853,48.2133,100  
-122.4859,48.2151,100  
-122.347,47.6946,100  
-122.3339,47.6706,100  
-122.3474,47.6942,100  
-122.3295,47.6007,100  
-122.3485,47.6495,100  
-122.3384,47.6609,100  
-122.3569,47.9797,100  
-122.6532,48.2068,100  
-122.6526,48.2049,100  
-122.65,48.203,100  
-122.6532,48.2013,100  
-122.6522,48.1996,100  
-122.652,48.1965,100  
-122.6478,48.1982,100  
-122.6488,48.2,100  
-122.6489,48.2019,100  
-122.6506,48.2043,100  
-122.6538,48.208,100  
-122.6617,48.2086,100  
-122.6739,48.2111,100  
-122.6799,48.2123,100  
-122.6811,48.2125,100  
-122.6846,48.2116,100  
-122.6807,48.2214,100  
-122.7005,48.2122,100  
-122.6951,48.2125,100  
-122.6769,48.2121,100  
-122.6714,48.2105,100  
-122.6697,48.2096,100  
-122.6676,48.2094,100  
-122.6647,48.209,100  
-122.6584,48.2089,100  
-122.4063,48.0401,100  
-122.4018,48.0386,100  
-122.4047,47.6943,100  
-122.3638,47.7046,100  
-122.3574,47.7015,100  
-122.3837,47.5561,100  
-122.3814,47.5552,100  
-122.3796,47.5607,100  
-122.3724,47.5625,100  
-122.3726,47.5633,100  
-122.3776,47.5557,100  
-122.3791,47.5521,100  
-122.3754,47.5486,100  
-122.3826,47.5523,100  
-122.3856,47.5524,100  
-122.3877,47.5525,100  
-122.39,47.5579,100  
-122.3908,47.562,100  
-122.3878,47.5686,100  
-122.3863,47.5591,100  
-122.3902,47.5524,100  
-122.3937,47.5503,100  
-122.3425,47.6497,100  
-122.3486,47.6489,100  
-122.1505,47.468,100  
-122.1554,47.4686,100  
-122.1773,47.4755,100  
-122.1796,47.4761,100  
-122.1754,47.4752,100  
-122.1731,47.4747,100  
-122.1714,47.474,100  
-122.1692,47.4732,100  
-122.1675,47.4726,100  
-122.1652,47.472,100  
-122.1584,47.4714,100  
-122.1615,47.4699,100  
-122.1571,47.469,100  
-122.0786,47.4569,100  
-122.0825,47.4616,100  
-122.0733,47.4472,100  
-122.0705,47.441,100  
-122.0702,47.4426,100  
-122.0676,47.4441,100  
-122.0736,47.4512,100  
-122.0745,47.4526,100  
-122.0756,47.4537,100  
-122.3483,47.6494,100  
-122.3248,47.656,100  
8.5744,50.0485,100  
-8.6708,39.6325,100  
-8.6766,39.6338,100  
-8.573,39.654,100  
-8.5754,39.6532,100  
-8.5784,39.6534,100  
-8.5795,39.6507,100  
-8.574,39.6561,100  
-8.5733,39.6568,100  
-8.5729,39.6571,100  
-8.5721,39.6572,100  
-8.5714,39.6568,100  
-8.5705,39.6563,100  
-8.5697,39.6552,100  
-8.5701,39.6543,100  
-8.574,39.6541,100  
-8.5758,39.6548,100  
-8.5756,39.6571,100  
-8.5713,39.6551,100  
-8.5743,39.6542,100  
-8.58,39.654,100  
-8.5773,39.6536,100  
-8.5842,39.6535,100  
-8.5863,39.6529,100  
-8.5892,39.6527,100  
-8.5888,39.6537,100  
-8.5915,39.6509,100  
-8.5905,39.6484,100  
-8.5899,39.6432,100  
-8.5894,39.6455,100  
-8.592,39.6442,100  
-8.5909,39.6436,100  
-8.5914,39.6408,100  
-8.5842,39.6572,100  
-8.5887,39.6447,100  
-8.5864,39.6468,100  
-8.5842,39.6481,100  
-8.5798,39.6511,100  
-8.692,39.6206,100  
-9.1416,38.7108,100  
-9.138,38.7138,100  
-9.1425,38.7125,100  
-8.5701,39.6561,100  
12.5196,55.6377,100  
12.5838,55.6466,100  
12.5378,55.6677,100  
12.5323,55.6676,100  
12.534,55.6718,100  
12.535,55.6723,100  
12.4352,55.7653,100  
12.4412,55.7546,100  
12.4428,55.7543,100  
12.5936,55.6737,100  
12.593,55.6813,100  
12.5978,55.6743,100  
12.5824,55.6764,100  
12.5844,55.6756,100  
12.6241,55.6846,100  
12.6035,55.661,100  
12.5611,55.6687,100  
12.544,55.97,100  
13.1945,55.7052,100  
13.1863,55.7089,100  
11.9685,57.7074,100  
11.9672,57.7071,100  
11.9675,57.7054,100  
11.9746,57.7048,100  
11.9707,57.7034,100  
11.9755,57.7082,100  
11.9677,57.7145,100  
11.9696,57.7155,100  
11.974,57.7125,100  
11.965,57.711,100  
11.9673,57.7067,100  
11.9701,57.7049,100  
11.9765,57.7057,100  
11.9831,57.7072,100  
11.9829,57.7081,100  
10.7153,59.9233,100  
10.7373,59.914,100  
10.7395,59.915,100  
10.733,59.9112,100  
10.7563,59.9058,100  
10.7509,59.9065,100  
10.7571,59.9229,100  
10.7474,59.9242,100  
10.7265,59.9203,100  
10.7036,59.926,100  
10.7015,59.9273,100  
10.6982,59.9272,100  
10.7038,59.9325,100  
10.7054,59.9333,100  
10.6739,59.8971,100  
10.7457,59.9198,100  
10.7429,59.9211,100  
10.7318,59.9188,100  
10.7333,59.9138,100  
10.7707,59.9013,100  
10.7666,59.9008,100  
10.7502,59.9115,100  
11.1012,60.1932,100  
-122.5039,48.7203,100  
-122.4292,48.7521,100  
-122.4312,48.7519,100  
-122.2943,47.816,100  
17.9467,42.6826,100  
17.9462,42.6875,100  
17.9472,42.6891,100  
18.1062,42.641,100  
18.1107,42.6413,100  
18.1083,42.6406,100  
16.4434,43.5098,100  
16.2521,43.5168,100  
16.2522,43.5157,100  
15.2201,44.1175,100  
14.5009,46.0477,100  
13.8958,46.4386,100  
13.8427,46.4099,100  
14.5061,46.0485,100  
14.5084,46.0512,100  
14.5099,46.0484,100  
14.5077,46.0502,100  
15.9768,45.8155,100  
15.9795,45.8147,100  
15.9749,45.8123,100  
14.1087,46.3687,100  
15.971,45.8089,100  
15.9747,45.8146,100  
15.9802,45.8107,100  
15.9657,45.8065,100  
15.9779,45.8132,100  
-122.3469,47.6485,100  
-122.9482,48.6675,100  
-122.9744,48.6699,100  
-122.9908,48.6621,100  
-122.338,47.6696,100  
-122.3486,47.6492,100  
-122.1166,45.577,100  
-122.2443,45.5394,100  
-122.3443,47.6493,100  
-122.3388,47.6615,100  
-122.3451,47.6493,100  
-121.8992,37.3123,100  
-122.3486,47.6493,100  
-119.771,39.1068,100  
-122.4381,37.7686,100  
-122.3903,37.6163,100  
-122.3227,47.6675,100  
-122.0393,47.5191,100  
-122.0371,47.5173,100  
-122.0358,47.5117,100  
-122.0415,47.509,100  
-122.03,47.5105,100  
-122.3487,47.6491,100  
-122.356,47.6169,100  
-122.3524,47.6168,100  
-122.3186,47.6926,100  
-97.7424,30.2155,100  
-97.7466,30.2147,100  
-97.7404,30.2742,100  
-97.7388,30.2758,100  
-97.7222,30.2618,100  
-97.7384,30.274,100  
-97.7383,30.2675,100  
-97.7348,30.2537,100  
-97.7389,30.2541,100  
-96.7985,32.908,100  
-122.3481,47.6491,100  
-122.3441,47.6493,100  
-122.3485,47.6494,100  
-122.3475,47.6515,100  
-122.3383,47.6691,100  
3.2284,51.2021,100  
3.2281,51.2024,100  
3.2257,51.2051,100  
3.2266,51.2094,100  
3.2273,51.2087,100  
3.226,51.2084,100  
3.2249,51.2108,100  
3.221,51.2107,100  
3.7269,51.0541,100  
4.3498,50.8451,100  
4.3523,50.8469,100  
4.3543,50.8468,100  
4.3752,50.8386,100  
4.8848,52.3743,100  
4.8874,52.3744,100  
4.8906,52.376,100  
3.2255,51.2051,100  
4.8776,52.3709,100  
4.8833,52.373,100  
4.8785,52.3611,100  
4.8707,52.3647,100  
4.8619,52.3558,100  
4.8842,52.3592,100  
4.8857,52.358,100  
4.8738,52.3669,100  
4.9,52.3765,100  
5.1629,52.2957,100  
5.6849,51.554,100  
5.6819,51.5558,100  
5.6701,51.5657,100  
5.7075,51.5844,100  
5.7752,51.6651,100  
5.6271,51.5611,100  
5.5398,51.6153,100  
5.4398,51.6518,100  
5.4375,51.6532,100  
5.4374,51.6553,100  
5.4394,51.6565,100  
5.437,51.6585,100  
5.438,51.6608,100  
6.6438,46.5275,100  
6.6395,46.5339,100  
6.6382,46.5374,100  
6.6279,46.5241,100  
6.638,46.521,100  
6.5896,46.5232,100  
6.5671,46.5129,100  
6.9474,46.2526,100  
6.9478,46.2502,100  
6.9095,46.4348,100  
6.9091,46.4322,100  
6.8488,46.4581,100  
6.8436,46.4595,100  
7.1605,46.8072,100  
7.1633,46.8062,100  
7.4529,46.9489,100  
7.4358,46.9485,100  
6.9341,46.9938,100  
6.9304,46.9887,100  
6.5632,46.5131,100  
6.1083,46.2305,100  
-122.5936,45.5891,100  
-122.6199,45.5089,100  
-122.6174,45.5172,100  
-122.5516,45.4685,100  
-121.6313,47.4848,100  
-121.6329,47.488,100  
-122.3486,47.6491,100  
-122.3489,47.6494,100  
-122.3473,47.6516,100  
-120.6645,47.5893,100  
-122.3275,47.6804,100  
-122.3325,47.6462,100  
-122.3276,47.6803,100  
-123.1322,49.272,100  
-123.1115,49.2888,100  
-122.3437,47.6477,100  
-122.3481,47.6476,100  
-122.3486,47.6493,100  
-122.3182,47.5501,100  
-122.2648,47.5272,100  
-122.2674,47.5321,100  
-122.3386,47.6613,100  
-122.3036,47.6585,100  
-122.3056,47.657,100  
-122.3382,47.6613,100  
-122.3129,47.6143,100  
-122.3533,47.6223,100  
-122.3444,47.6489,100  
7.4277,43.7396,100  
7.4241,43.7379,100  
7.4208,43.7311,100  
7.4216,43.7319,100  
7.4239,43.73,100  
7.4243,43.7305,100  
6.9519,43.5057,100  
5.4462,43.5285,100  
5.7317,45.1929,100  
6.0565,46.2338,100  
6.1448,46.2039,100  
6.1471,46.2013,100  
6.1532,46.202,100  
6.9791,46.4342,100  
7.3584,46.2288,100  
6.5631,46.5133,100  
6.6259,46.5064,100  
-122.3198,47.6195,100  
-122.0596,47.5465,100  
-122.3599,47.5542,100  
-122.3292,47.6555,100  
-122.3191,47.6749,100  
-122.34,47.6087,100  
-122.3832,47.5941,100  
-122.2907,47.678,100  
-77.0156,38.8853,100  
-77.0235,38.8847,100  
-77.7298,39.3238,100  
-77.7283,39.3234,100  
-77.7334,39.3237,100  
-77.7357,39.326,100  
-77.7401,39.3266,100  
-77.737,39.3252,100  
-77.7339,39.325,100  
-77.713,39.3191,100  
-77.6856,39.3356,100  
-77.682,39.3441,100  
-77.6794,39.3456,100  
-77.6793,39.3508,100  
-77.6795,39.3525,100  
-77.6768,39.3576,100  
-77.6743,39.3592,100  
-77.6751,39.3616,100  
-77.6543,39.3949,100  
-77.6592,39.4061,100  
-77.653,39.3967,100  
-77.6609,39.4099,100  
-77.6578,39.4022,100  
-77.6587,39.3851,100  
-77.6618,39.379,100  
-77.6624,39.3773,100  
-77.6694,39.3718,100  
-77.6697,39.3702,100  
-77.6671,39.3665,100  
-77.6722,39.3647,100  
-77.6824,39.3515,100  
-77.6859,39.3372,100  
-76.4865,38.9768,100  
-76.4829,38.9765,100  
-76.4911,38.9816,100  
-76.482,38.9779,100  
-76.4865,38.9799,100  
-76.5398,38.9778,100  
-76.9137,38.9342,100  
-119.7828,38.6949,100  
-119.7634,39.1642,100  
-119.7654,39.1633,100  
-122.3317,47.6639,100  
-122.345,47.6494,100  
-122.3485,47.6498,100  
-122.3486,47.6507,100  
-122.3421,47.6493,100  
-122.1477,47.6291,100  
-122.1501,47.6278,100  
-122.1385,47.6543,100  
-122.145,47.6573,100  
-122.1539,47.6662,100  
-122.1491,47.661,100  
-122.1534,47.6628,100  
-122.2047,47.678,100  
-122.2031,47.6806,100  
-122.2076,47.6759,100  
-122.1914,47.6788,100  
-122.3487,47.6495,100  
-122.3467,47.6497,100  
-122.351,47.6517,100  
-122.3903,37.6166,100  
-119.7675,38.9512,100  
-119.9493,38.9509,100  
-122.3049,47.6135,100  
-122.1953,47.761,100  
-122.3037,47.6445,100  
-122.3051,47.6465,100  
-122.3087,47.6458,100  
-122.1592,47.7514,100  
-119.7659,39.1578,100  
-122.3443,47.6491,100  
-122.3334,47.6546,100  
-122.3431,47.649,100  
-122.3441,47.6493,100  
-122.3394,47.6701,100  
-122.3471,47.67,100  
-122.3455,47.6682,100  
-119.7667,39.1335,100  
-122.3417,47.6492,100  
-122.9351,46.983,100  
-122.8324,47.0506,100  
-122.304,47.2919,100  
-122.6519,45.5081,100  
-119.8464,39.0042,100  
-119.7872,39.1073,100  
-122.2924,38.275,100  
-122.2637,38.2358,100  
-122.3462,47.743,100  
-122.3357,47.6612,100  
-122.3252,47.6632,100  
-122.3355,47.6562,100  
-122.3254,47.667,100  
-122.3376,47.6726,100  
-122.2961,47.6063,100  
-122.294,47.609,100  
-122.2886,47.6144,100  
-122.2884,47.6062,100  
-122.5147,47.6324,100  
-122.0791,47.7365,100  
-122.0856,47.7307,100  
-122.0848,47.7333,100  
-122.3128,47.6557,100  
-122.3443,47.6489,100  
-122.2502,47.7601,100  
-122.3261,47.7006,100  
-122.1908,47.9546,100  
-122.1848,47.956,100  
-122.4961,48.805,100  
-122.4914,48.8027,100  
-122.4947,48.8024,100  
-122.4934,48.8053,100  
-122.424,48.7746,100  
-122.4226,48.7759,100  
-122.4174,48.7785,100  
-122.4237,48.7775,100  
-122.4245,48.7737,100  
-122.4231,48.7725,100  
-122.1988,48.1876,100  
-122.264,49.0017,100  
-122.2262,49.0649,100  
-122.226,49.0635,100  
-122.2222,49.0629,100  
-122.2202,49.0635,100  
-122.3491,47.6223,100  
-122.3455,47.648,100  
-122.3444,47.6491,100  
-122.3457,47.6684,100  
-122.344,47.6698,100  
-122.3395,47.6797,100  
-122.3433,47.6676,100  
-122.3451,47.6715,100  
-122.3486,47.6493,100  
-122.3467,47.6486,100  
-122.2792,47.6691,100  
-122.3502,47.6516,100  
-122.3474,47.6479,100  
-122.3472,47.6898,100  
-122.1187,47.7003,100  
-122.3488,47.6495,100  
-122.2884,47.6064,100  
-122.2524,47.5601,100  
-122.2541,47.5616,100  
-122.2535,47.5512,100  
-122.3126,47.6569,100  
-122.3439,47.6493,100  
-122.3413,47.6193,100  
-122.3465,47.6483,100  
-122.3441,47.6497,100  
-122.1755,47.713,100  
-122.2929,47.6281,100  
-122.2948,47.6296,100  
-122.2936,47.6312,100  
-122.2885,47.6337,100  
121.2312,25.0788,100  
114.1599,22.2806,100  
114.1594,22.2809,100  
114.2222,22.2824,100  
114.2247,22.2826,100  
114.1917,22.332,100  
114.1506,22.2878,100  
113.5515,22.1934,100  
113.5408,22.1978,100  
113.5407,22.1971,100  
113.5422,22.2001,100  
113.5394,22.2008,100  
113.5518,22.1984,100  
114.1269,22.2816,100  
114.1614,22.2868,100  
114.1612,22.2791,100  
113.9329,22.3161,100  
121.5511,25.1014,100  
121.5284,25.0451,100  
121.5301,25.0319,100  
121.5091,25.0426,100  
121.5134,25.0421,100  
121.4995,25.0375,100  
121.8431,24.8802,100  
121.7419,24.8361,100  
121.7302,24.8554,100  
121.7333,24.8506,100  
121.7352,24.8474,100  
121.825,24.859,100  
121.8276,25.0869,100  
121.8244,25.0808,100  
121.8452,25.1094,100  
121.8466,25.1079,100  
121.7573,24.7544,100  
121.5188,25.0364,100  
121.5193,25.028,100  
121.5175,25.0277,100  
121.5156,25.0336,100  
121.5709,25.0328,100  
-122.3485,47.6503,100  
-122.291,47.6425,100  
-122.2895,47.6454,100  
-122.2937,47.6402,100  
-122.2894,47.6411,100  
-122.246,47.5557,100  
-122.3248,47.6201,100  
-122.3469,47.6484,100  
-96.9094,32.9805,100  
-96.7971,32.7828,100  
-96.7991,32.7871,100  
-96.99,32.483,100  
-97.0928,32.047,100  
-97.5516,30.9144,100  
-97.7392,30.2839,100  
-97.7423,30.2843,100  
-97.738,30.2801,100  
-97.7423,30.2734,100  
-122.3113,47.6033,100  
-122.0323,47.5242,100  
-122.035,47.5269,100  
-122.3449,47.6507,100  
-122.3174,47.6782,100  
-122.3493,47.647,100  
-122.358,47.6345,100  
-122.3582,47.6297,100  
-122.2985,47.5646,100  
-122.3435,47.6491,100  
-122.3485,47.6497,100  
-122.3493,47.6498,100  
-122.349,47.6494,100  
-122.1204,47.7603,100  
-122.1597,47.757,100  
-122.2824,47.6112,100  
-122.3491,47.6498,100  
-122.347,47.6482,100  
-122.6685,48.5665,100  
-122.7742,48.5111,100  
-122.8386,48.5023,100  
-122.8307,48.4766,100  
-122.7109,48.4767,100  
-122.7029,48.477,100  
-122.6896,48.4805,100  
-122.6135,48.5194,100  
-122.7162,48.1967,100  
-122.7074,48.192,100  
-122.5411,47.9929,100  
-122.4039,48.0383,100  
-122.3231,47.6242,100  
-122.3229,47.6246,100  
-0.1695,51.467,100  
-0.1656,51.4695,100  
-0.1516,51.4833,100  
-0.1801,51.5017,100  
-0.1771,51.5024,100  
-0.199,51.4993,100  
-0.125,51.5084,100  
-0.1296,51.5109,100  
-0.1283,51.5254,100  
0.0028,51.4782,100  
-0.0099,51.4833,100  
-0.0092,51.4866,100  
-0.0069,51.4876,100  
-1.8938,52.4789,100  
-2.9206,53.3849,100  
-2.9859,53.4069,100  
-2.9933,53.4014,100  
-2.9953,53.4037,100  
-2.9897,53.3994,100  
-2.9903,53.3938,100  
-2.9873,53.3954,100  
-2.9925,53.398,100  
-2.9931,53.3994,100  
-2.9959,53.4058,100  
-2.9955,53.4025,100  
-3.0011,53.4098,100  
-3.0004,53.4119,100  
-4.4727,54.1444,100  
-4.4628,54.1672,100  
-4.4608,54.2647,100  
-4.4627,54.2625,100  
-4.477,54.1508,100  
-4.4797,54.1484,100  
-4.4779,54.1531,100  
-4.635,54.0871,100  
-6.3327,53.3535,100  
-6.3181,53.3528,100  
-6.3387,53.3474,100  
-6.257,53.3445,100  
-6.2606,53.344,100  
-6.2645,53.3459,100  
-6.2668,53.3431,100  
-6.2676,53.3452,100  
-6.0883,53.1951,100  
-6.084,53.1922,100  
-8.2768,52.1453,100  
-8.4733,51.8985,100  
-8.4703,51.9054,100  
-8.5283,51.9328,100  
-8.4737,51.9017,100  
-8.4875,51.8992,100  
-8.4747,51.8961,100  
-8.4736,51.9003,100  
-9.9507,53.7998,100  
-9.9494,53.8001,100  
-10.0466,53.8005,100  
-8.4737,54.2727,100  
-8.2941,55.1353,100  
-7.7342,54.9522,100  
-7.6043,54.8503,100  
-7.3193,54.9948,100  
-7.3201,54.9974,100  
-7.3132,54.9988,100  
-7.3098,55.0031,100  
-6.2457,53.4294,100  
-93.2362,44.8553,100  
-87.9069,41.9781,100  
-122.3902,47.5205,100  
-122.1105,47.7366,100  
-122.1047,47.7367,100  
-122.1086,47.7368,100  
-122.1127,47.7362,100  
-122.4144,47.6815,100  
-122.4028,47.6799,100  
-122.4129,47.6811,100  
-122.4183,47.6809,100  
-122.401,47.675,100  
-122.4171,47.6803,100  
-122.4181,47.6799,100  
-122.4146,47.6836,100  
-122.4147,47.6828,100  
-122.4104,47.6823,100  
-122.4131,47.6809,100  
-122.4142,47.6812,100  
-122.4156,47.6823,100  
-122.4163,47.6821,100  
-122.4154,47.684,100  
-122.4134,47.6801,100  
-122.4146,47.6847,100  
-122.4168,47.683,100  
-122.4125,47.6837,100  
-122.4174,47.6824,100  
-122.4137,47.6808,100  
-122.4031,47.6706,100  
-122.4146,47.68,100  
-122.3398,47.6331,100  
-122.344,47.6308,100  
-122.3482,47.6493,100  
-122.3346,47.6055,100  
-122.3489,47.6496,100  
-122.3486,47.65,100  
-122.3497,47.6505,100  
-121.19,47.2453,100  
-122.3466,47.6482,100  
-122.3578,47.6857,100  
-122.3558,47.6875,100  
-122.3622,47.68,100  
-122.3497,47.6835,100  
-122.3473,47.6894,100  
-122.3441,47.6491,100  
-122.3482,47.6499,100  
-122.3484,47.6505,100  
-122.3297,47.5993,100  
-122.3479,47.6489,100  
-122.3318,47.6021,100  
-122.3342,47.6009,100  
-122.3339,47.6026,100  
-122.3472,47.6488,100  
-123.0932,49.1711,100  
-123.0988,49.174,100  
-123.0965,49.1732,100  
-123.1001,49.1716,100  
-123.0965,49.1719,100  
-123.1215,49.1587,100  
-123.1655,49.1645,100  
-123.1701,49.1604,100  
-123.1659,49.1583,100  
-123.1703,49.1485,100  
-122.7563,49.0021,100  
-122.4402,48.5624,100  
-122.3374,48.4499,100  
-122.3284,48.4455,100  
-122.1645,47.6284,100  
-122.3473,47.6189,100  
-122.3326,47.6558,100  
-122.3506,47.6513,100  
-122.3422,47.656,100  
-122.3551,47.6234,100  
-122.3454,47.6492,100  
-121.8309,47.8625,100  
-120.6532,47.7675,100  
-120.6638,47.7965,100  
-120.6643,47.7675,100  
-120.6569,47.763,100  
-120.6523,47.7594,100  
-120.6571,47.7558,100  
-120.6604,47.7593,100  
-120.6744,47.7489,100  
-120.7128,47.8037,100  
-120.7864,47.7659,100  
-120.7985,47.77,100  
-120.876,47.783,100  
-120.8699,47.7885,100  
-120.8619,47.7888,100  
-120.7388,47.755,100  
-120.713,47.8178,100  
-120.7165,47.8252,100  
-120.6968,47.8192,100  
-120.6948,47.8186,100  
-120.6418,47.7923,100  
-120.6302,47.7825,100  
-120.2798,47.4433,100  
-120.0695,47.6128,100  
-120.0713,47.6463,100  
-120.0714,47.6483,100  
-120.0674,47.647,100  
-120.0761,47.6476,100  
-120.0263,47.8358,100  
-119.9783,47.8272,100  
-119.9715,47.8261,100  
-120.3203,47.4356,100  
-120.3303,47.4608,100  
-120.4488,47.5199,100  
-120.4561,47.5206,100  
-120.4723,47.5194,100  
-120.5961,47.5693,100  
-120.6131,47.5762,100  
-120.6546,47.5974,100  
-121.0004,47.219,100  
-122.3495,47.6131,100  
-122.3145,47.6213,100  
-122.309,47.6762,100  
-122.3489,47.6499,100  
-122.3472,47.6494,100  
-122.3629,47.5081,100  
-122.3531,47.5069,100  
-122.347,47.5123,100  
-122.3562,47.5153,100  
-122.3573,47.5181,100  
-122.3204,47.6363,100  
-122.3584,47.7418,100  
-122.3884,47.772,100  
-122.3847,47.7719,100  
-122.3336,47.5906,100  
-122.3483,47.6499,100  
-122.3441,47.6491,100  
-122.315,47.6238,100  
-122.3496,47.6496,100  
-122.3497,47.6511,100  
-122.3614,47.6597,100  
-122.3677,47.6649,100  
-122.0423,48.0158,100  
-122.0396,48.0142,100  
-121.772,48.0863,100  
-121.799,48.094,100  
-122.0624,48.0148,100  
-122.1453,47.7587,100  
-121.5152,48.0548,100  
-122.3552,47.6232,100  
-122.3489,47.6494,100  
-122.2765,47.6403,100  
-122.2773,47.631,100  
-122.348,47.6492,100  
-122.3445,47.6494,100  
</coordinates></LineString><visibility>1</visibility></Placemark></Document></kml>